<?xml version="1.0" encoding="UTF-8"?>

<!--© The Office of the High Commisioner for Human Rights-->

<udhr iso639-3='cpu' xml:lang='cpu' key='cpu' n='Ashéninka, Pichis' dir='ltr' iso15924='Latn' xmlns="http://www.unhchr.ch/udhr">
   <title>TSICA INCANTYA IRAACAMEETHAYEETAIRI ATZIRIPAYEENI JACA QUIPATSIQUI</title>
   <preamble>
      <title>ETANACARORI JOSANQUINATAITAQUERI</title>
      <para>Ayotaiyini aaca, maaroni atziripayeeni icaratzi tzimatsiri quipatsiqui, te oncameethate iñaashitacaavaitaityaari iromperanataityaari iro covaperotachari iraacameethayeeteri, ocovatya isaicayetai cameetha eero itzimaventavacagaa. Oncantya iñaantyaarori iroca aacameethatavacaantsi, ontzimatyeetya iñaapincathatavacagaiya, tema te othañaaantsita tsicarica opaiyetari icoviri irantayete pashine atziri.</para>
      <para>Ayotaiyini eejatzi tzimatsi aparopayeeni atziri caari anterone ocaratzi josanquinatayeetaqueri, irootaque jovasanquitaantayetacariri pashinepayeeni atziri. Tema jantaquerora iroca, te inimotacaayeteri pashinepayeeni atziri ocaratzi jantaqueri. Irojatzi ipampi thashiryaayetantanacari pashinepayeeni, ican taiyanaqueni: te oncameethate iroflaaca ivasanquitaavaitaiteri atziri romperanavaitaityaari, oshinetaantsite añaaventero tsicarica ompaitya ancoveri, tecatsi oocacagairone ocaratzi ametari oshireyetari, eej atzi oquemitari te oncameethate añaashivaityaa ocantacaantziro antharovacaavaitaro tsicarica ompai tya, o añaashineentavaitya ancocovate ontzimimoyetai tsicarica ompaiyetya acovityiiri.</para>
      <para>Ayotaiyini eejatzi ocovatya ontzimayete osanquinarentsi icantacaantayetziri pincatharipayeeni iñaapincathayeeteri iro otzicaaventerine atziripayeeni, oncantya irantantayetyaarori ocaratzi cameethatatsiri icovayetziri. Ocovaperotya ontzimayete iroca icantacaantayetziri pincatharipayeeni oncantya eero tzimaventantaitari pincathari aririca incoshecavaitya irovasanquitaavaiteri atziripayeeni nampitarori aparoni nampitsi.</para>
      <para>Ayotaiyini eejatzi, ocovaperotatyaa ayotaayetairi pashineyetatsiri atziri ocantavetaqya tsicarica inampitayetaro irirori, ari oncantya iraacameethatavacaantayetaiyaari irirori. Ayotaiyaqueni eejatzi ocanta ovaquera japatotantaiyacariniranqui jevayetzirori nampitsápayeeni, ipaitaqueriranqui "Aapatziyavacaa Poñaayetachari. Nampitsipayeeni", irojatzi josanquinatantacarori iñaapincathayeeteri, ipampithashiryaayetaca ari ocantaque irantayeetero ocaratzi cameethayetatsiri antero.</para>
      <para>Opofla icantaiyaqueni eejatzi ocovaperotatya añaapincathatavacaayetaiya,tema omapero icovaperota maaroni atziripayeeni irirori, ocantavetaqya iriirica shirampari o iroorica cooya, ari ashiyavacaa maaroni. Ipampithashiretacotaquero eejatzi, tsicarica incantero irantavaitaiyeni oncantya iñaantyaarori iraacameethatavacagaiya atziripayeeni, iro iñaantaiyaarori iranintagaiyaaro isaicayetai cameetha; irantavaitaiyeni maaroni eero itzimanta aparoni tsicarica impaitya iflaashitacaavaitaitya iromperanavaitaityaari.</para>
      <para>Ayotaiyini eej atzi, maaroni jevaripayeeni poñaayetanainchari pashinequi nampitsi icaratzi apatotainchari "Aapatziyavacaa Poñaayetachari Nampitsipayeeni" icantaiyaqueni: "Ontzimatye antavaitaiyeni maaroni, eero oocaventavacaa; ari oncantya eero jompetapithatantaitari atziripayeeni tsicarica ompaitya incoveri irantayeteri, iroj atzi iflaantayetaiyaarori eero jomperanavaitaitaari.</para>
      <para>Ayotaiyeni eejatzi, ocovaperotatya inquemathayetairo maaroni atziri ocantacota ishinetaayeetziriri cameethatatsiri irantayeteri. Ocovaperotatya eej atzi inquemathatayetairo atziripayeeni tsica opaita cantacotachari isaicayetai cameetha eero iñaashitacaavaitayeetaari iromperanavaitaityaari. Omaperotatya ocovaperota anquemathayetairo iroca, ari oncantya imoncaraantyaarori cantayetaqueri jevayetzirori nampitsi japatotaiyacanira pairani.</para>
      <para>Irootaque iroñaaca, iricapayeeni jevayetzirori nampitsi apatotainchari pairani, josanquinatayetaquero ocaratzi añeeri iroñaaca jaca ocantacota: "Tsica Incantya Iraacameethayeetairi Atziripayeeni Jaca Quipatsiqui", ari oncantya imoncaraayetantayetyaarori atzirira, ari oncantya iromoncaraantyaarori eejatzi icaratzi jevayetatsiri pashinequi nampitsipayeeniqui. Cantatsi iroflaaca, aparoni atziri o tsicarica inampitaro atziripayeeni, impampithashiryaacotero ocaratzi osanquinayetainchari jaca. Iriyotaayetairi pashinepayeeni oncantya iñaantayetaiyaarori irantayetairo ocaratzi cameethatatsiri ishinetaacayetaitziriri irantayetero.</para>
      <para>Irojatzi iñaantayeetyaarori imoncarayetairo jevaripayeeni tsicarica ijevatzi, oinpofla iraacameethatavacaanaiya eej atzi iriroripayeeni icaratzi ijevayetzirora nampitsipayeeni. Ari oquemityaari maaroni nampitsipayeeni ocaratzi shenincatacarori "Aapatziyavacaa Poñaayetachari Nampitsipayeeni". Ari iquemitayetanaiyaari eejatzi icaratzi jevayetatzirori nampitsipayeeni opincathariventzirira pashine nampitsi.</para>
      <para>Jiroca iroñaaca osanquinatacoyeta "Tsica Incantya Iraacameethayeetairi Atziripayeeni Jaca Quipatsiqui":</para>
   </preamble>
   <article number="1">
      <title>IÑAAPINCATHAYEETERI 1.</title>
      <para>Maaroni atziripayeeni, ovaquera intzimapaaque, eero ocantzi iñaashitacaavaitaityaari iromperanataityaari. Eejatzi oquemitari iroñaaca te apantyaaro amanitashireteri atziri ancanteri: "Te pirjiperote eeroca, iriima irinta iriitaque ñaaperori". Eejatzi oquemitari te oncameethate intzime aparoni atziri antayetashityaarone caari ishinetaacairi pashine irantero. Tema maaroni ayotziro ampampithashirvaayeta, ayotziro tsicarica otzimayetzi cameethatatsiri anteri o tsicarica otzimi caariperotatsiri, irootaque ocovaperotantari iroñaaca entacotavacaayetya anquemitacaantanaquero arentzitavacaatyeeyaami ocaaquiini.</para>
   </article>
   <article number="2">
      <title>IÑAAPINCATHAYEETERI 2.</title>
      <para>Maaroni osanquinatachari iroñaaca jaca, ontzimatye amoncarataayetanairo aacameethatavacaanaiya maaroni, te oncovajaantya ashenincatavacaarica ocaaquiini o terica. Te oncovajaantya amoncaraavacaiya tsicarica acantayeta avathaquipayeeni aparopayeeni: aquisaatzi, o aquitamaatzi. Aacarica shirampari o tsinane. Aririca oshiyavacaa añaanetayetari o terica. Te oncovajaantya aririca amoncaraavaca oshiretari Pava o terica. Aririca amoncaraavaca apampithashiryaacoyetari icarayetzi jevayetzirori nampitsi o tsicarica opaiyetari. Te oncovajaantya acantavacaiya: "Irinta ipoñaatya pashinequi nampitsi, irooma naaca onashita nonampi o iriiperori inatzi irinta, ashaarantzincari; iriima irinta caari ashaarantzincan", o irica atziri te intzime pairani jaca nampitsiqui, iriyaatai tsicarica itzimaque pairani. Te oncovaj aantya tsicarica icantavaiyetari aparopayeeni atziri, oncantya aacameethatantyaariri.</para>
      <para>Eejatzi oquemitari iroñaaca, te oncovajaantya acantayeteri atziri: "Pipoñaatya pashinequi nampitsi, o inashita pijevarite eeroca janta pipoñaara, te incameethate o cameetha icanta pijevarite eeroca janta, o onashitayeta ocaratzi icantacaantayetziri pijevarite oncarate pimoncaraayeteri janta, o tsicarica icanta, aacameethatavacaarica icarayetzi ijevayetzirora pashine nampitsipayeeni". Eejatzi oquemitari iroñaaca cantatsi aparopayeeni jevayetatsiri nampitsiqui, impampithashirveeya tsica incantayeteri isaicacaanepayeeni, o tsicarica incanteri pashine jevayetzirori nampitsi aririca incove ijevatziteri inampi. Te apantyaaro eejatzi ancante: "Irinta atziri ipoñaatya pashinequi nampitsi caari irooperotatsine, iroñaaca iricara atziri te otzicaaventeri ocaratzi osanquinayetainchari jaca." Tera ari oncantya.</para>
   </article>
   <article number="3">
      <title>IÑAAPINCATHAYEETERI 3.</title>
      <para>Maaroni atziri ontzimatye ashinetairi eequero iriyaatacaatyeero irañee, tecatsi cantatsine iñaashitacaavaityaari iromperanavaityaari, o incovai te inquemaantsitacaityaari irovasanquitaavaiteri.</para>
   </article>
   <article number="4">
      <title>IÑAAPINCATHAYEETERI 4.</title>
      <para>Te oncameethate iyacoventayeteri atziri, ancante: "Pomperanavaityaari irica". Tzimatsirica covatsineri irantero, ontzimatye irovashaantacaiteri eero jantantaro, tema te oshinetaantsite irantaitero iroca.</para>
   </article>
   <article number="5">
      <title>IÑAAPINCATHAYEETERI 5.</title>
      <para>Te oncameethate iracotashiiteri atziri, imaperoiteri nquemaantsitacaityaari ivathaqui. Tema aririca incovaite irovasanquitaite aparoni atziri, eerotya imaperotaj aantaitziri irovatsinaiteri, inquemitacaantaitanaqueri te atziri irinatyeericami irirori, ari oncantya imintharovashirevaitantaityaariri.</para>
   </article>
   <article number="6">
      <title>IÑAAPINCATHAYEETERI 6.</title>
      <para>Maaroni atziripayeeni icaratzi nampitarori quipatsiqui, oncantavetaqya tsicarica inampityaaro, cantatsi ishinetaiteri inquiflaaventero ocaratzi imoncaraitziri icantacaantziri jevari tsicarica inampitaro, tecatsi thañaapithatyaarineri.</para>
   </article>
   <article number="7">
      <title>IÑAAPINCATHAYEETERI 7.</title>
      <para>Aririca intzime aparoni atziri incovaite irovasanquitaiteri, ocantacaantziro ipiyathatacaro ocaratzi icantacaantayetziri jevaripayeeni iromoncaraayeeteri aparoni nampitsiqui; eero j imaperoitziri inquemaantsitacavaitaityaari, incantaite: "Irica te otzicaaventeri icantacaantayetziri jevaripayeeni, irjima irinta iri otzicaaaventzi". Te oncameethate eejatzi ashinetairi pashine atziri irantero iroca, inquemitacaantanaquero irinta pashinera atziri te iratzirite, imanintavaitanaqueri.</para>
   </article>
   <article number="8">
      <title>IÑAAPINCATHAYEETERI 8.</title>
      <para>Tema aparopayeenl nampitsi tzimayetatsi icantacaantayetziri jevaripayeeni imoncarayeeteri, tzimatsi eejatzi icantacaantayetziri jevaripayeeni ovaquera ovetsicaj aantanaca aparoni nampitsi, tzimitacha eejatzi impoiyetatsiri icantacaantayetziri jevaripayeeni; maaroni irocapayeeni tecatsi ompetapithatyaarine atziripayeeni iñaaventayetero iroca, ari oncantaque iriyaatashiteri Juez oncantya imoncaraacaantyaanariri icantacaantayetziri, ari ocantaque eejatzi incove iraamacoventaityaari, tema irootaque otzimantayetacari ocaratzi icantacaantayetaqueri jevaripayeeni osanquinayetaincharica.</para>
   </article>
   <article number="9">
      <title>IÑAAPINCATHAYEETERI 9.</title>
      <para>Te oncameethate imaimaneetashitaityaari aparoni atziri, o irashitacotacaantashivaitaityaari cárcel-qui, o iromityaantashivaitaityaari janta tsica inampitaro.</para>
   </article>
   <article number="10">
      <title>IÑAAPINCATHAYEETERI 10.</title>
      <para>Tzimatsirica atziri jaacaantaitziri janta pincatharipayeeniqui, cantatsira irica atziri iriyaatashiteri Juez, oncantya incantantyaarorl opaita jantaqueri, eeromaita jantziro Juez iromananequiini. Ari oquemitzitari eejatzi aririca inquisoshireventaiteri aparoni atziri jantziro ocaratzi ishinetaacaantayeetziri, o ontzimatye imoncarayetero ocaratzi icantacaantayeetziri; ari oncantaque eejatzi iriyaatashiteri Juez. Impoñaashitaqya iroflaaca irica Juez cantatsi incante tsicarica itzimi quenaacaashitacarori j antaqueri, ocantya irovasanquitaantaityaariri, o tsicarica itzimi caari tzimatsine iquenacaashitacari eero jovasanquitaitziri. Ari incarate maaroni incaminthagaiteri, tema te oncameethate irovasanquitaashivaitaityaari eero jiyoperotavaqueri tsicarica itzimi irovasanquitai, impoñaashitya irampitacoyeteri aparopayeeni.</para>
   </article>
   <article number="11">
      <title>IÑAAPINCATHAYEETERI 11.</title>
      <orderedlist>
         <listitem>
            <para>Aririca intzime aparoni atziri jaacaantayeetziri janta pincatharipayeeniqui, ontzimatye impampithashiryaacotaiteri irica atzirica te iriyotero tsica opaita avishimotziriri, irojatzi apaata oncoñaaperotantaqyaari omaperorica otzimi iquenacaashitacari. Oncantya iriyotantaperotaityaari omapero otzimi jantaqueri, ontzimatye irica Juez irantero ocaratzi ocantayetzirira icantacaantayetzi jevayetzirorira nampitsipayeeni, eero j antashivaitaro ocaratzi j inintacaari irirori. Ari oncantya irica atziri icovaitziri irovasanquitacaantaiteri, icantatyaari te iriyotero irirori tsicarica opaita icovantaitari irovasanquitaiteri.</para>
         </listitem>
         <listitem>
            <para>Ayotaque iroñaaca tzimatsi osanquinarentsi iñaapincathayeeteri. Ompoñaashitaqya aparoni atziri irantaquero ocaratzi icantacaantayeetziri. Ompoña irovashiñagaitairo ocaratzi iñaapincathayeetziri pairani. Irica atziri antaquerori ocaratzi icantacaantayeetziri pairani, eerova ocantzi iraacaantaiteri. Ari onquemitzityaari eejatzi aririca irovashiñagaitero tsica oncarate irovasanquitagaiteri aparoni atziri.</para>
         </listitem>
      </orderedlist>
   </article>
   <article number="12">
      <title>IÑAAPINCATHAYEETERI 12.</title>
      <para>Te oncameethate shinetairi aparoni atziri iñaashirencashivaityaari pashine atziri, o incove imaimanetziteri jashitari irirori: itsipatari, ipanco. Eejatzi te oncameethate ashineteri aparoni atziri imaimanetziteneri tsicarica opaita josanquinayetziri pashine atziri iromityaanteneri ishenincapayeeni. Eejatzi eero ocantzi ashineteri atziri incantacoyeteri pashinepayeeni atziri, inthaiyacovaitashityaari. Tzimatsirica atziri matayetzirori jantziro irocapayeeni, ontzimatye ontzime osanquinarentsi imoncarayeeteri oncantya otzicaaventantyaariri irica atziri iñaashirencayeetzirira.</para>
   </article>
   <article number="13">
      <title>IÑAAPINCATHAYEETERI 13.</title>
      <orderedlist>
         <listitem>
            <para>Cantatsi oshinetaantsite inquivantantayete atziri tsicarica icovayetziro irirori, cantatsi incoyaanontya atziri tsicarica incovero inampityaaro.</para>
         </listitem>
         <listitem>
            <para>Shinetaantsi onatzi iriyaayete atziri pashinequipayeeni nampitsi, ompoña impiyayetai aririca onimotapairi, tema eero ocantzi ompetashivaityaari.</para>
         </listitem>
      </orderedlist>
   </article>
   <article number="14">
      <title>IÑAAPINCATHAYEETERI 14.</title>
      <orderedlist>
         <listitem>
            <para>Tzimatsirica aparoni jevatzirori nampitsi, icovi imaimaneteri aparoni atziri incove irovasanquitairi, pashinepayeeni nampitsi cantatsi oshinetairi impoque inampityaaro oipatsitequi- oncantya isaicantyaari cameetha eero iñaantaro iñaashivaityaaro.</para>
         </listitem>
         <listitem>
            <para>Iro cantamaitachari, tzimatsirica aparoni atziri omapero ipiyathatacaro ocaratzi icantacaantayetzlrl jevaripayeeni iñaapincathayeeteri, icovaitatzi irovasanquitaiteri, eero ocantzi ashinetairi aririca incantavetya: "Pishinetaina niyaate pashinequi nampitsi ocantya nosaicantyaari cameetha, tema ari osanquinatacota "Tsica Incantya Iraacameethayeetairi Atziripayeeni". Ari inquemitzitaityaari eejatzi atziri ovashiñaashitarori ocaratzi osanquinayetainchari jaca japatotaiyacaranqui jevaripayeeni "Aapatziyavacaa Poñaayetachari Nampitsipayeeni</para>
         </listitem>
      </orderedlist>
   </article>
   <article number="15">
      <title>IÑAAPINCATHAYEETERI 15.</title>
      <orderedlist>
         <listitem>
            <para>Eero ompetapithatashitari atziripayeeni inampityaaro aparoniqui nampitsi, tsicarica itzimayetzi jevaripayeeni o tsicarica otzimayetzi osanquinarentsi iñaapincathayeetziri.</para>
         </listitem>
         <listitem>
            <para>Eero ampetapithatashitari aparoni atziri isaique nampitsiqui tsicarica inampitaro. Eejatzi oquemitari eero ocantzi ompevaityaari atziri aririca incove iriyaate inampityaaro pashinequi nampitsi.</para>
         </listitem>
      </orderedlist>
   </article>
   <article number="16">
      <title>IÑAAPINCATHAYEETERI 16.</title>
      <orderedlist>
         <listitem>
            <para>Aparoni shirampari o aparoni tsinane areetarori antariquitaantsi, eero ocantzi anthañeeyaaro ontsipatya, cantatsi ovaiyante aririca oncove. Tema eero ocantzi ompetyaaro ancante: "Eero paavaca, tema caari pisheninca, o ipoñaatya intaina pashinequi nampitsi, te joshiretari Pava iquemitara irinta oshiretariri Pava". Ari oncantayetyaari eejatzi aririca incove atziri iraavacaiya o aavacaincarica inatzi, o oocavacaincarica jini.</para>
         </listitem>
         <listitem>
            <para>Irooma aririca incovavacaiya apiteroite iraavacaiya, cantatsi imatero tema tecatsi shintsiventerineri.</para>
         </listitem>
         <listitem>
            <para>Iro jametari atziri, otzime itsipatari, itzimayetzi itomipayeeni. Irootaque covaperojaantachari jantayetaqueri atziripayeeni. Tema jantzirocara irocapayeeni atziri ocovatya irantero oncantya iraamaacoventantyaarori itsipara. Ari inquempitzitayetya eej atzi jevayetzirori nampitsi, ontzimatye iraamaacoventyaari icaratzi tsipayetachari atziri.</para>
         </listitem>
      </orderedlist>
   </article>
   <article number="17">
      <title>IÑAAPINCATHAYEETERI 17.</title>
      <orderedlist>
         <listitem>
            <para>Maaroni atziri tecatsi ompetapithatyaarine ontzimimoteri iipatsite apaniro, o tsicarica ompaitayetya incoveri tzimimoterine irirorica covatsine o aririca incove atziri impiyoventyaaro ontzime iipatsite o ontzimimoteri tsicarica ompaitya; tecatsira ompetapithatyaarine.</para>
         </listitem>
         <listitem>
            <para>Eero ocantzi aapithatantero tsicarica opaita jashitayetari pashine atziri.</para>
         </listitem>
      </orderedlist>
   </article>
   <article number="18">
      <title>IÑAAPINCATHAYEETERI 18.</title>
      <para>Shinetaantsi onatzi ipampithashirvaayetya atziri tsicarica ompaitya icoviri irirori. Cantatsi ipampithashiryeeyaaro cameethatatsiri o caari cameethatatsiri jantaitziri. Cantatsi iroshiretyaari Pava aririca incove o eerorica. Tecatsi cantatsi irovashaantacairo ocaratzi ametayetari pairani oshireyetarora. Cantatsi irantero apaniro o oshequi incantaventyaaro. Cantatsi eejatzi irantero iromanequiini o tsica ipiyotapiinta atziripayeeni. Cantatsi eejatzi iriyotairi pashinepayeeni ocaratzi jametari o iriyotairi iroshiretyaari Pava, o inashiyetyaaro quitaiteripayeeni.</para>
   </article>
   <article number="19">
      <title>IÑAAPINCATHAYEETERI 19..</title>
      <para>Maaroni atziri, tecatsi thañaapithatyaarine ocaratzi ipampithashiryaayetari. Ari oncantaque iñaaventayetero tsicarica opaita icovayetziri. Iro osanquinatantari iroñaaca iroca, ocantya eero imaimanetantari pashine atziri tsicarica ompaitya ipampithashiryaayetari. Tema tecatsi thañaapithatyaarine atziri iyoyetero tsicarica opaita icovayetziri, inquemisantero o iñaanatacotero tsicarica opaiyetari ipampithashiryaayetari pashinepayeeni; ari ocantaque isanquinayete tsicarica ompaitya o ari ocantaque inquinquithatacoyetero tsicarica opaita ipampi thashiryaari. Tema tecatsi thañeeyaarone eej atzi otyaantayete iñaapincathayeeteri pashinequi nampitsi. Ari ocantaque oivaraayetero ñaantsi tsicarica ocanta icovayetzi aparopayeeni, iroorica quinquitharentsi o osanquinarentsi o tsicarica ompaiyetya.</para>
   </article>
   <article number="20">
      <title>IÑAAPINCATHAYEETERI 20.</title>
      <orderedlist>
         <listitem>
            <para>Tecatsi thañaapithatyaarine atziri incoverica irapatotya, o irantero tsicarica ompaitya icoviri japatotara; ari inthañaapithaitaqueri irapatoventyaaro incoverica irovaariperoteri pashinepayeeni atziri.</para>
         </listitem>
         <listitem>
            <para>Tecatsi cantatsine ishintsiventeri aparoni atziri caari covatsineri irapatotya.</para>
         </listitem>
      </orderedlist>
   </article>
   <article number="21">
      <title>IÑAAPINCATHAYEETERI 21.</title>
      <orderedlist>
         <listitem>
            <para>Tecatsi cantatsine inthañaapithatyaari atziripayeeni incoverica ijevate inampiquipayeeni, iriirica covashityaarone ijevate o iriirica covacaayeterine pashine atziripayeeni ijevate.</para>
         </listitem>
         <listitem>
            <para>Tema maaroni jevayetzirori nampitsipayeeni jantacaantayetziro ocaratzi covityaayetachari aparoniqui nampitsi; tecatsira thañaapithatyaarine atziripayeeni iroca, ari ocantaque iñeero iranintaayetyaaro irocapayeeni, tecatsi aparoni cantatsine irompetyaaro; ari incarate imoncaraavacaiya atziripayeeni iranintaiyaaro, tecatsi cantatsine: "Apaata netavaqyaaro naaca niriiperotatziira, ompoña pimpoite eeroca apaata tema te piriiperotatyeera eeroca</para>
         </listitem>
         <listitem>
            <para>Tema ijevatantyaari aparoni jevari nampitsiqui, iriira covacaayeterine atziripayeeni icaratzi saicantarori aparoni nampitsi. Ari oquemitzityaari eejatzi ontzimantayetyaari osanquinarentsi iñaapincathaiteri iriitaque covacaayeteroneri atziripayeeni icaratzi nampitarori aparoni nampitsi. Tema aririca incovayeete impairyagaite jevari, jevatzirori tsica ipairyagaitziri jevari; ontzimatye irantacaantero cameethaperoini. Tecatsi cantatsine irompetapithatyaari aparoni atziri incoverica irampitacotante impairye jevatatsineri aparoniqui nampitsi. Tera oncameethate incove irapipiitero aparoni atziri impairye ijevarite ovaqueraarica japacaaquero ipairvaaqueri pashine, incove iranaacotante, oncantya eero ijevatanta pashine jevari. Ari ocameethatzi impairyeeri atziri ijevarite iromananequiini, tecatsi canterine: "Jirica cameethaperotatsiri jevari, iri pimpairyeeri". Cantatsi impairyeeri atziri ijevaritetyaari tsicarica ocanta icoviro irirori tema tecatsi thañaapithatyaarineri icoviri.</para>
         </listitem>
      </orderedlist>
   </article>
   <article number="22">
      <title>IÑAAPINCATHAYEETERI 22.</title>
      <para>Aparopayeeni atziri, ontzimatye ontzimimoyeteri tsicarica opaiyeta, ocantya isaicantyaari cameetha, tema te oncameethate incovityaaneentavaite. Atziripayeeni nampitarori aparoniqui nampitsi tsica jashaarantaita, ontzimatye irampitacoyeteri pashine atziri saicatsiri pashinequi nampitsi caari tzimimoterine irashaacaro irirori. Irootaque ocovantari iroñaaca, icarayetzi jevatzirori nampitsipayeeni; ontzimatye iramenacoyeteri atziripayeeni icaratzi ijevatziri ocantya ontzimantyaari icovityaayetziri irirori. Iroca cantacharica, jiyoyetzirora aparopayeeni jevayetzirori nampitsi otzimimotzirorica inampi oshequi asháacaro ocantya irica jevari irampitacotantayetyaariri atziri. Irootaque iroñaaca ocameethatantavetari ontzimimoyetairimi atziri ocaratzi icovityaayetziri. Irootaque eejatzi ocameethatantavetari iraacameethayetairimi pashinepayeeni atziri. Irootaque ocameethatantavetari eejatzi ooquimoyetyaarimi jantayetziri ishenincapayeeni jameyetari. Ari ocantya iñaapincathatantayeetyaariri, iro iñaantayetaiyaarori eejatzi ijevatayetai cameetha tsica ocanta icovayetziro irirori.</para>
   </article>
   <article number="23">
      <title>IÑAAPINCATHAYEETERI 23.</title>
      <orderedlist>
         <listitem>
            <para>Tecatsi thañaapithatyaarine atziri incoverica irantavaite; ari ocantaque irantavaite tsica jinintacaaro irirori. Tzimatsirica aparoni jevatzirori antavairentsi, ontzimatye ijevateri cameetha atziripayeeni antavaiyetatsiri. Aririca intzime aparoni atziri covacovatatsiri antavairentsi, temaita iñee tsica irantavaite, ari ocantaque icaratzi jevayetzirori nampitsi irampitacoteri ocantya iñaantyaari antavairentsi.</para>
         </listitem>
         <listitem>
            <para>Aririca intzime apite antavaitatsiri, te orn pashinetzimaitya irantavaire, eero ocantzi impinaperoi teri aparoni, iriima pashine impinaitaqueri capicheeni.</para>
         </listitem>
         <listitem>
            <para>Maaroni icaratzi antavaiyetatsiri, ocovatya impinaiteri cameetha onquene antetya iraayete ocaratzi covityiimoyetariri ipancoqui. Aritaque ocantyaari; irooma eerorica, te iñaapincathayeetziri irica antavaiyetatsiri, iquemitacaitatyaari te iratzirite. Terica impinayeeteri cameetha, ontzimatye iricapayeeni pincathariyetatsiri nampitsiqui irampitacoteri.</para>
         </listitem>
         <listitem>
            <para>Maaroni icaratzi antavaiyetatsiri tsicaricapayeeni; tecatsi cantatsine iroocacairi aririca incove irapatotaiyaani ocantya i mpinatantayeetyaari cameetha, o ocantya iraacameethatantayeetyaariri tsicarica j antavaitzi.</para>
         </listitem>
      </orderedlist>
   </article>
   <article number="24">
      <title>IÑAAPINCATHAYEETERI 24.</title>
      <para>Tecatsi cantatsine ishintsiventeri aparoni atziri irantavaitacairi eeroya imacoryaacairi, o eeroya ishineteri iriyaate tsica icoviro iroimoshirencavaitya. Te oncovajaantya irantavaitacaiteri atziri shintsiini, iro cameethathatatsi ishineeteri osarentsiquipayeeni imacoryee eero jantavaitzi tsicarica oncarate quitaite; tema maaroni quitaiteri oncarate irimacoryeera, ontzimatye impinaiteri quemitajaantaca irantavaitaquityeemi.</para>
   </article>
   <article number="25">
      <title>IÑAAPINCATHAYEETERI 25.</title>
      <orderedlist>
         <listitem>
            <para>Tecatsi ompetapithatyaarine atziri isaique irañee cameetha intsipatayetyaaro iinapayeeni impoña itomipayeeni. Irootaque ocovaperotantari eero ocovitya tsicarica ompaitya iroyaari, inquithaatyaari o iroorica ipanco. Ontzimatye iramene tsicarica iraaventacaantapiintya aririca imantsiyate. Eej atzi oquemitari ocarayetzi jovetsicacaantayetziri pincatharipayeeni tsicarica ipincatharitzi; ontzimatye iranintaiyaaro atziripayeeni, tema tecatsi canterone inthañaapithatyaari. Eejatzi oquemitari eeerorica ocantzi irantavaitai atziri tzimatsi opaita avishimotaqueriri; ontzimatye irampitacoteri jevatzirori nampitsi. Ari inquemitaityaariri eejatzi mantsiyari, o caari cantatsine irantavaite ocantacaantziro imantsiyataque, o iroorica camaimetzincaro, o iriirica antariconayetapaintsiri, o tsicarica opaitayeta pashine cantacaantatziro caari ocantanta irantavaitai; ocovatya irampitacoyeteri jevayetzirori aparoni nampitsi.</para>
         </listitem>
         <listitem>
            <para>Maaroni cooya motyaayetatsiri ipoña eentsitepayeeni, ontzimatye iraamacoventayetyaaro cameetha. Eejatzi iquemi tayetari icaratzi eentsipayeeni jaacotantziri ashitariri o icaratzi tzimashiyetachari temaita iñaacoventeri ashitariri, ontzimatye incaminthaayeeteri cameetha eejatzi irirori.</para>
         </listitem>
      </orderedlist>
   </article>
   <article number="26">
      <title>IÑAAPINCATHAYEETERI 26.</title>
      <orderedlist>
         <listitem>
            <para>Tecatsi cantatsine inthañaapithatyaari atziri incoverica iriyotai iñaanate. Te opinata ocaratzi j iyotagaitziriri eentsipayeeni, iro cantamaitachari ontzimatye ishintsiventaiteri eentsipayeeni iriyotayetai iñaanate. Ari iquemitaitari eej atzi antaripayeeni atziri, jatatsiri incove iriyotagai ocantya impantaityaariri antavairentsi, ontzirnatyeetya eero japaavaitashitaro jiyotagaitziriri ocovatya iriyote. Iroorica incove iriyaatacaaperotero iriyote, ontzimatye ishinetagaiteri aririca incove inqyee ipaitaitziri: "Universidad"; ocovaperotya irominqyagaiteri iñeetziri aritaque ocantaque iriyote; tetya ocameethate irominqyaashivaityaari caari cantatsine iriyotagai intaani irominqyaashivaityaari caari cantatsine iriyotagai intaani inintacaashivaitashityaari irominqyeeteri.</para>
         </listitem>
         <listitem>
            <para>Maaroni ocaratzi jiyotaayetziriri átziri, eero jovashaantanaquero, eequero riyaatacaanaquityeero ijevatacaayetanaquero irantayetanaquero ocaratzi jiyoyetanairi. Ontzimatye eejatzi iriyotagaiteri tsica opaita ocovaperotantari eero jomperanavaitaitaari atziripayeeni. Ontzimatye eejatzi iriyotagaiteri tsica incantya iraacameethatantayetyaariri pashinesatzi atziri poñaayetachari pashinequi nampitsi, o caaririca ishenincapayeeni eejatzi ari inquemitaayeteri atziripayeeni icaratzi ovashiñaashiyetarori joshiretari Pava. Ocovaperotatya iriyoyete atziri, tsica incantero iraapatziyantyaariri pashine eero jathavashivaitantari irooqueri. Ocovaperota eej atzi tsicarica opaita j antayetziri jevaripayeeni janta "Aapatziyavacaa Poñaayetachari Nampitsipayeeni" ocanta iñaantayetaiyaarori atziripayeeni isaicayetai cameetha tecatsi maimanevaiterineri.</para>
         </listitem>
         <listitem>
            <para>Tecatsi impaitya shintsiventerineri aparoni ashitaanitachari icantaiteri: "Pominqyeeri peentsite iriyotai janta", tema iriitaque yotatsine tsica janta iñiiro ocameethatzimotziri irominqyeeri.</para>
         </listitem>
      </orderedlist>
   </article>
   <article number="27">
      <title>IÑAAPINCATHAYEETERI 27.</title>
      <orderedlist>
         <listitem>
            <para>Tecatsi thañaapithatyaarine atziri irantayetero iñeeri ishenincapayeeni jantziro ocaratzi jametayetari o tsicarica ompaitayetya ooquimoyetariri pashine. Eejatzi oquemitari iroñaaca, tzimatsirica opaita jovetsicayetaquerl iyotaneripayeeni, cameethatzimoyetaqueriri pashine, tecatsira thañeéyaarone, ontzimatye anintaiyaaro maaroni.</para>
         </listitem>
         <listitem>
            <para>Tzimatsirica jovetsicaque iyotaneripayeeni omapero ocameethaquiperotaque, o tzimatsirica irosanquinataque pashine tsica ompaitya ovaqueraari, o iroorica irovetsicayetaque tsicarica ompaitayetya cameethatzimoyeterineri pashinepayeeni; cantatsi impinayeeteri ocaratzi jovetsicayetaquero irocapayeeni, te apantaro iroñaaca incove pashine atziri iraacoteri ocaratzi jovetsicaqueri pashinera, impoñaashityaaya iramatavitante incante: "Jiroca novetsicaqueri niyotashitari naaca", ompoña impinayeetaqueri oshequi quireequi quempitajaantaca iriiricami ovetsiquitayaaromi.</para>
         </listitem>
      </orderedlist>
   </article>
   <article number="28">
      <title>IÑAAPINCATHAYEETERI 28.</title>
      <para>Tera oshinetaatsite iroñaaca irantashiyetyaaro atziri ocaratzi osanquinayetainchari jaca ocantya iraapatziyavacaantyaari. Eejatzi onquempitzitavacaanaiyaari nampitsipayeeni. Irootaque caari oshinetaantsitanta, ari ocantya imoncaraayetantaityaarori ocaratzi osanquinayetainchari iroñaaca jaca iñaapincathayeeteri, ari ocantya irantantayeetyaarori tsicarica otzimi shinetaantsitatsiri irantaitero irojatzi iñaantayetyaarori isaicai cameetha tecatsi omperanavaityaarine.</para>
   </article>
   <article number="29">
      <title>IÑAAPINCATHAYEETERI 29.</title>
      <orderedlist>
         <listitem>
            <para>Tzimatsira opaita imoncaraayeteri aparopayeeni atziri, aririca incove inquempiyavacaiya tsicarica inampiyetaro. Aririca imoncaraayetanairo iroca, aritaque oncantaque ijevatacaayetero irantayetanairi.</para>
         </listitem>
         <listitem>
            <para>Tema tzimatsi oshinetaantsitzi ocantacoyeta iñaantyaarori isaicayetai cameetha atziri tecatsi omperanavai taiyaarine; ocantya irantantayetyaarori,ontzimatye osanquinatacoyetya inquene iñaapincathayeetero. Irocara osanquinayetachaneri iñaapincathayeeteri, irootaque pampithashiryaacaayetyaarine pashinepayeeni atziri tsica oncantya iñaantayetaiyaarori eej atzi isaicayetai cameetha eero jomperanavaitaitaari tsicaricapayeeni. Iro osanquinatantayetacari iroñaaca iroca iñaapincathayeteri tema iro jantayetanairi cameethashireyetatsiri, tema iro covitachari eejatzi oncantya iraapatziyavacaantyaari atziripayeeni eero joñaashirencavacaanta. Eejatzi oquempityaari ocovatya osanquinacoyetya iñaapincathayeteri nampitsiqui tsica impairyagaite jevaripayeenl.</para>
         </listitem>
         <listitem>
            <para>Ocantacotara ocaratzi shinetaantsitatsiri añaantyaarori asaicayetai cameetha tecatsi omperanavaitaineri, eero ocantzi antashivaityaaro ocovaanaqueri aaca, eeroya ooquimotari icarayetzi jevayetzirori "Aapatziyavacaa Poñaayetachari Nampitsipayeeni".</para>
         </listitem>
      </orderedlist>
   </article>
   <article number="30">
      <title>IÑAAPINCATHAYEETERI 30.</title>
      <para>Aririca añaanatayetero ocaratzi osanquinayetainchari jaca, tzimatsirica añaaqueri pampithashiryaacaineri cameethatatsi antero, ompoña añaatyeero osanquinataca pashine ocante: "Eero ocantzi antero", ontzimatye aquemisantero, eero ocantzi antero. Ari icantayetyaari eejatzi aparoni atziri, ari icantayetyaari eejatzi tsicarica ipiyotari inampitaro atziripayeeni, o irjirica jevayetzirori nampitsipayeeni.</para>
   </article>
</udhr>