<?xml version="1.0" encoding="UTF-8"?>

<!--© The Office of the High Commisioner for Human Rights-->

<udhr iso639-3='bba' xml:lang='bba' key='bba' n='Baatonum' dir='ltr' iso15924='Latn' xmlns="http://www.unhchr.ch/udhr">
   <title>Mɛ tɔnun asaria yen adunia nɔɔsiabu</title>
   <preamble>
      <title>Garin tore</title>
      <para>Nde mɛ̀ ba doke mà tɔmbu kpuron bɛɛrɛ ka ben asaria nɛrabu sɔɔra tii mɔru ka gem wɛɛbu ka sere si na ta tasa anduniaɔ,</para>
      <para>Nde mɛ̀ dunia sɔɔ tɔmba ǹ ki bu tɔ nun asaria ka yɛru sariru dooru doke sere ba n ye tusa n dera daa kam ya dabia ma ya duniagibu daakari seeya. Yen sɔna yé tɔnu kanamɔ n kpuro kere yera ù wa u n tii mɔ kpa ù gere yè u bwisika, u tamaa doke kpa ù narùrabu ka yaaru biru ko,</para>
      <para>Nde mɛ̀ yè ya kere yera tem mi ba wooda swii bu tɔnum asaria nɔni doke, n wa tirasi yu ku wii deema ù ka tii yina yen sɔ ba wii yoru diisiamɔ ka ba wii takaasi mɔ̀,</para>
      <para>Nde mɛ̀ yè ya kere yera bu nɔɔsina ka bu bɔrɔnu dam kɛ tem baa,</para>
      <para>Nde mɛ̀ tire te sɔɔ tem tɔm bè ba. Waa ONUN yigbɛru sɔɔ ba tɔnun asarian tii, win girima ka win bɛɛrɛ, tɔn durɔ ka tɔn kurɔn nɛrabu (goo kun goo kere) kpam naanɛ kua. Ma ba yii bu (swaa kpee) ko nɛ tɔmbun waaru ta koo ka sosi, kpa bu waaru gɔsia doonɔɔrugiru mi tii mɔra kon kpa,</para>
      <para>Nde mɛ̀ tem ka tem mɛ̀ mu, yigbɛru duuwa mɛ ka ONU ba mua bu ko mɛ̀ ba koo ko bu ka tɔnun asaria ka win tii mɔrun tii tii girima doke,</para>
      <para>Yè ya kere yera suam tem (tia) mɛ̀ tɔnun asaria ka win tii mɔrun swaa sɔɔ, n wa mɛ̀ ba yii ba nɛ ba koo ko bu yè ko mam mam.</para>
      <para>Mɛnnɔ bɔkɔ ge, ga yɔrasia ga nɛ:</para>
      <para>mɛ tɔnun asaria yen andunia nɔɔsia bi bu saawa, gaa ni bweseru baatere ka tem baamɛre mu kasu mu naa, n wa tɔmbu kpuro, sɔm ko yenu ka yigbɛnu kpuro, bà n tɔnun asaria nɔɔsia bi bwisika bu asaria girima dokebu ka tii mɔru wuu swaa daasia ka keu sɔɔsibu ka sere bwisi sosibu. Kpa bu ko mɛ̀ ba koo ko n wa kpurɛ kpurɛ ba aweren temɔ, bu girima doke bi ka tii mɔɔ te sua, kpa bu ka sɔm buru ko wuu si su waa yigbɛ te sɔɔn tɔmbun tii ka tem mɛ̀ ba mɔ min tɔmbu sɔɔ.</para>
   </preamble>
   <article number="1">
      <title>Damba 1</title>
      <para>Ba tɔmbu kpuro marawa ba tii mɔ, ba nɛ, girima ka saria sɔɔ. Ba ra bwisiku, ba dasabu mɔ, ma n weene ba n waasinɛ mɛrobisiru sɔɔ.</para>
   </article>
   <article number="2">
      <title>Damba 2</title>
      <para>Baawere ko kpi u sariaba ka tii mɔɔ ni ba kpara min baruka digoo kun tuko, bwesera, wasin gɔna, durɔwa, kurɔwa, politikin beragia, n kun mɛ bwisikunu gana.</para>
      <para>Yen biru, n ǹ koorɔ bu tem ka tem wunana politiki ka wooda swaa sɔɔ. Kà da tem min di tɔnu yarima, mu tii mɔnu mua, mu ǹ muɛ ro.</para>
   </article>
   <article number="3">
      <title>Damba 3</title>
      <para>Tɔnu baawere u waarun saria mɔ ka tii mɔru, ka sere mɛ ba koo wii yina.</para>
   </article>
   <article number="4">
      <title>Damba 4</title>
      <para>Ba ǹ goo yoru muamɔ, bu sere wii dendi. Ba yoru diisiabu ka yoru muaba yina.</para>
   </article>
   <article number="5">
      <title>Damba 5</title>
      <para>Ba ǹ goo takaasi mɔ̀, ba ǹ ma goo nɔni swaaru sɔɔsinɔ, bu sere goo nuku kɔsuru, ka sanani ka ma sere yè n ǹ weenɛ bu tɔn wundeko ni kuaa siimaa ko.</para>
   </article>
   <article number="6">
      <title>Damba 6</title>
      <para>Baawere asaria mɔ yan kpuro bu wii tuburi ù n siribun tɔnu.</para>
   </article>
   <article number="7">
      <title>Damba 7</title>
      <para>Tɔmbu kpuro ba nɛwa woodan bera (swaa sɔɔ) n maa weenɛ tii yina bi ba ko ka be yina, bun saa tia bu ku goo suu wuna, n da ma ba saria ye sara, bu ka wa bu be taki di ka bu be nɔɔ kuuri be kpuro wooda ya ko be ganɛ.</para>
   </article>
   <article number="8">
      <title>Damba 8</title>
      <para>Tɔnu baawere u saria mɔ ù win tem siru ye fɛagiru faaba kana ma ba wi toraa swɛɛ yi sɔɔ wooda ya wi nɔɔ ka.</para>
   </article>
   <article number="9">
      <title>Damba 9</title>
      <para>N ǹ korɔ bu tɔnu yɔrasia, bu wii nua n kun mɛ bu wii tem yara.</para>
   </article>
   <article number="10">
      <title>Damba 10</title>
      <para>Tɔnu baawere u saria mɔ, naa nɛbu wɔlluyee, ù win mem gere bu nɔɔ dee dee samaan nɔni, kpa siri yeru te ta ǹ gɔnnu ka yaa murenamɔ, tu wunana ù n gem mɔ, yè n win baa ka win tirasi, tora te ba ma wi waasi tà ǹ gem, sirikobu bu asaria ko.</para>
   </article>
   <article number="11">
      <title>Damba 11</title>
      <orderedlist>
         <listitem>
            <para>Tɔnu wi ba toraru waasi, ma ba ǹ gina ten see da nɔma tura, yen yɛro kun gina gɛɛ mɔ. Bà n koo wi siria n saria mɔ u goo kasu wi u koo ka wii yina.</para>
         </listitem>
         <listitem>
            <para>N ǹ weenɛ bu tɔnu taarɛ wɛ yèn sɔ u gaanu kua n kun mɛ yèn sɔ u gaanu duari ni nu ǹ waa toraru ka asarian swaa sɔɔ, sanamɛ u ni kua Yen biru, n ǹ weenɛ bu yɛro taarɛ wɛ ya n kpaaru kere nde yè ba ko raa wii wɛ saa ye u tora.</para>
         </listitem>
      </orderedlist>
   </article>
   <article number="12">
      <title>Damba 12</title>
      <para>Tɔnun waarun gari, win yɛnu win nɔɔsina ka win berusebu ya ǹ goo wa. Mɛna maa n ǹ weenɛ bu tɔnu bɛɛrɛ biasia kam sɔɔ. N weenɛ asaria yu ka tɔnu yina ka kookoo si sa sia mi.</para>
   </article>
   <article number="13">
      <title>Damba 13</title>
      <orderedlist>
         <listitem>
            <para>Tɔnu baawere u saria mɔ ù da mi u ki, kpa ù win yɛnu bani win temɔ.</para>
         </listitem>
         <listitem>
            <para>Tɔnu baawere u saria mɔ ù tem gam n di see, ka da win tin tem, u koo ma kpi ù wure ù wuraa mi.</para>
         </listitem>
      </orderedlist>
   </article>
   <article number="14">
      <title>Damba 14</title>
      <orderedlist>
         <listitem>
            <para>Bà n tɔnu takaasi mɔ̀, u saria mɔ ù waayeru kasu tem gam gia, kpa ù tem min baruka di.</para>
         </listitem>
         <listitem>
            <para>Ba ǹ kpɛ bu asaria ye gbiisia ma ba seeda kua ba wa mà u torawa. N ǹ maa koorɔ bu asaria ye gbiisia ma win kookoosu kun saa dee dee n de mɛ yigbɛ baka te ONU ya yii.</para>
         </listitem>
      </orderedlist>
   </article>
   <article number="15">
      <title>Damba 15</title>
      <orderedlist>
         <listitem>
            <para>Tɔnu baawaren sariawa u n saa tem gam tɔnu.</para>
         </listitem>
         <listitem>
            <para>Ba ǹ goo yinarimɔ u n saa tem gam tɔnu, bu sere wii yinari ù tem swɛyna.</para>
         </listitem>
      </orderedlist>
   </article>
   <article number="16">
      <title>Damba 16</title>
      <orderedlist>
         <listitem>
            <para>Saa tɔnu saa gaa tura, ba ǹ bweseru garu, tem gam tɔndu, gusu nɔ saaru garu suu wunɛ, tɔn kurɔ ka tɔn durɔ ba saria mɔ bu suana kpa bu bibu ma. Ben saria ya nɛ wa suanaan swaa sɔɔ.</para>
         </listitem>
         <listitem>
            <para>Be ba ki bu suana sere bu gina nɔɔsina n kun tirasi.</para>
         </listitem>
         <listitem>
            <para>Sa seewa sa tɔnun bweseru deemawa tem mi, bwese tera ta gbiiya n ma weenɛ bu ka tè yina.</para>
         </listitem>
      </orderedlist>
   </article>
   <article number="17">
      <title>Damba 17</title>
      <orderedlist>
         <listitem>
            <para>Baawere, a, wi turowaa a be dabinaa, u kon win baa mɔwa.</para>
         </listitem>
         <listitem>
            <para>Ba ǹ kpɛ bu tɔnu win gaanu wɔrari ka dam.</para>
         </listitem>
      </orderedlist>
   </article>
   <article number="18">
      <title>Damba 18</title>
      <para>Tɔnu baawere u ayeru mɔ: ù bwisiku nde mɛ u ki, u n dasabu mɔ, kpa ù gusunɔ sa; aye te ta dera u koo kpi ù gusunɔ saaru garu deri ù garu swii, nde mɛ u koo kpi ù gusunɔ saa wi turo, n kun mɛ sannu sannu, samaan wuswaaɔ n kun mɛ win beraɔ nde mɛ u ki.</para>
   </article>
   <article number="19">
      <title>Damba 19</title>
      <para>Tɔnu baawere u saria mɔ ù gere mɛ u wa, u kun nande, kpa ù gari ka dabaaru yè u nua tem pusi mɛ u kpia ka mi u ki.</para>
   </article>
   <article number="20">
      <title>Damba 20</title>
      <orderedlist>
         <listitem>
            <para>Tɔnu baawere saria mɔ ù mɛnnɔ ka yigbɛru kó ta kun naanaanu ganu mɔ.</para>
         </listitem>
         <listitem>
            <para>2. Ba ǹ goo tirasi mɔ̀ ù yigbɛru garu du.</para>
         </listitem>
      </orderedlist>
   </article>
   <article number="21">
      <title>Damba 21</title>
      <orderedlist>
         <listitem>
            <para>Tɔnu baawere u saria mɔ ù win tem tɔmbun wunanɔsu sɔɔ du ù n ki win tii tii, n kun mɛ ù sɔmɔbu gabu wuba bé u ki bu wi wunana.</para>
         </listitem>
         <listitem>
            <para>Tɔnu baawere koo kpi ù samaa sɔmburu (bature sɔmburu) ko, nde mɛ ba yen kpuna yii.</para>
         </listitem>
         <listitem>
            <para>Mɛ samaa ya yii mi sɔɔra tem dam mu tasa. Swaa ye sɔɔ ba ko n da tɛtɛ to, taki sari, sanam ka sanam, tɔmbu kpuron nɔni biru n kun mɛ bɔkusaɔ, bu ku goo tirasi ko u ka goo tɛtɛ toowa.</para>
         </listitem>
      </orderedlist>
   </article>
   <article number="22">
      <title>Damba 22</title>
      <para>Tɔnu baawere u saria mɔ u nɔm kɛru wa, mi win baa ya waa kpuro. Ka win tem kookari, ka mi nɔɔsina yè ya waa ka tem tukun dam, n wa win waaru tan girima mɔ.</para>
   </article>
   <article number="23">
      <title>Damba 23</title>
      <orderedlist>
         <listitem>
            <para>Tɔnu baawere u saria mɔ ù sɔm buru ko, ù gɔsi te u ki, ka ten yè ta mɔ n koo ka wi naawa kɛru wa sɔmburu tà n ra yɔra gasɔ.</para>
         </listitem>
         <listitem>
            <para>Tɔmbu kpuro, ba kɔsia teeru mɔ bu mua saa ba ka sɔm bwese te eru mɔ́</para>
         </listitem>
         <listitem>
            <para>Wi u sɔmburu mɔ̀ kpuro u saria mɔ ù kɔriaru mua mɛ n weenɛ, sere tu wi win yɛnugibu turi mɛ ba kon ka waaru dimɔ dee dee, n koo koora buka be yina.</para>
         </listitem>
         <listitem>
            <para>Tɔnu baawere u saria mɔ wi ka gabu bu sɔm kowobun yigbɛ te ta ra ka be yinɛ swii, kpa bu kpan yigbɛ mɛrosu sɔɔ du si su ko nda ka be sunɛ.</para>
         </listitem>
      </orderedlist>
   </article>
   <article number="24">
      <title>Damba 24</title>
      <para>Tɔnu baawere u saria mɔ ù wɛra, u dwee, ù sɔmburu ko u ku saka sarasia, kpa ù wɛraru ka kɔsiaru giru mau sanam ka sanam.</para>
   </article>
   <article number="25">
      <title>Damba 25</title>
      <orderedlist>
         <listitem>
            <para>Tɔnu baawere u saria mɔ ù waaru diisina mɛ u koo ka win bwaa dobu, win bwɛ, ka win yenugibugia nɔɔri, nde dianun bera, yanu waayeru, dokotoro tim. Win sɔmburu tà n yɔra, ù n bara ù n yɛmɔ kua, ka sere yè u mɔ yà n buera n kun ka win gɔru kiru, u saria mɔ nɔm kɛrun yigbɛru tu wii dera.</para>
         </listitem>
         <listitem>
            <para>Yɔɔniru ka biru ta saria mɔ bu te nɔɔri gem gem. Kurɔ wi na ka kurɔ kpaaru mɔ win bibu, ka wi na ǹ ka kurɔ kpaaru mɔ n bibu, be kpurɔ somi tee tera ba ko be ko.</para>
         </listitem>
      </orderedlist>
   </article>
   <article number="26">
      <title>Damba 26</title>
      <orderedlist>
         <listitem>
            <para>Tɔnu baawere weenɛ ù keu ko. Keu ya weenɛ bu ye ko n kun ka gobi, n ǹ man kere keu dii piibinugia. Kei dii piibinunkeu ya saa tirasi. Keu nɔman sɔm mɛɛribu gia ka gbankɔkɔ sɔm mɛɛeribugia n weenɛ bu n saa tɔmbu kpurongia, saa ba ka yen saka tura.</para>
         </listitem>
         <listitem>
            <para>Yè tɔnu kasu keu sɔɔ yera bwɛɛ dora, n wa tɔnum asaria ka win tiin mɔrun nɔni dokebu bu dam sosi. Keu ya weenɛ yu somi mɛ nɔɔsina, suuru, ka kiru ta kon ka waa tem kpuro, bwese wuunu kpuro n kun mɛ gusunɔ saarugibun mi. Kpa yu kpam yigbɛ baka te ba soka ONU somi ten wɔri sɔɔ mɛ̀ ta koo ka sina sɛɛru swii andunia sɔɔ.</para>
         </listitem>
         <listitem>
            <para>Biin tundo ka biin mɛro ba ayeru mɔ bu ben bibu keu doke swaa yè ba ki sɔɔ.</para>
         </listitem>
      </orderedlist>
   </article>
   <article number="27">
      <title>Damba 27</title>
      <orderedlist>
         <listitem>
            <para>Tɔnu baawere koo kpi, dwee bi tɔmba mɔ̀ ù bi du ma u ki, kpa ù bin baruba di. Tɔnu baawere koo kpi ù kasoo sɔɔ du kpa ù yen arufaani di.</para>
         </listitem>
         <listitem>
            <para>N weenɛ su ka tabu yari, n wa wi u kasoo mɔ̀ (gaanun gɔsiabun bera, tire yoran beran) ù yen arufaani di.</para>
         </listitem>
      </orderedlist>
   </article>
   <article number="28">
      <title>Damba 28</title>
      <para>Tɔnu baawere u saria mɔ ù ko mɛ u koo ko, tɔmbu sɔɔ ka tem tukumɔ, baayere ya n ka nɔɔ nɛ saria ka tii mɔɔ tèn gari ba kpara mi sɔɔ kpa tɔmbu ka yè sɔmburu ko.</para>
   </article>
   <article number="29">
      <title>Damba 29</title>
      <orderedlist>
         <listitem>
            <para>Tɔnu, tirasi, sɔmbura, wi yiiye ù samaa kua domi mi sɔɔra u ko win baayere siisia mɛ u ki.</para>
         </listitem>
         <listitem>
            <para>Tɔnu à n asaria ka tii mɔru mɔ a n maa winsingia geriti, a n tii yɛ n wa goo ù ku ka googia mɛnna kpa wuu gu ka sina sɛɛ. Ba nɛ mi be tɔnun ayera yɔra, mi n dia googiru ta torua.</para>
         </listitem>
         <listitem>
            <para>Saria be ka tii mɔɔ te, ye kpuro, ba ǹ ka yo sɔmburu mɔ̀ bunanam. Nde mɛ yigbɛ bakate ONU ya yii mɛsuma ba koo sua.</para>
         </listitem>
      </orderedlist>
   </article>
   <article number="30">
      <title>Damba 30</title>
      <para>Yè ka yè ba yii tɔnun asarian bera mi baasi, kpunaa gaa ka kookoosu gasu maa sari, si ba koo tusia nɛnɛm, tem gam, bu ka saria ka tii mɔɔ te ba kpara mi kpeera - sia pai.</para>
   </article>
</udhr>