<?xml version="1.0" encoding="UTF-8"?>

<!--© The Office of the High Commisioner for Human Rights-->

<udhr iso639-3='tyv' xml:lang='tyv' key='tyv' n='Tuva' dir='ltr' iso15924='Cyrl' xmlns="http://www.unhchr.ch/udhr">
   <title>КИЖИНИҢ ЭРГЕЛЕРИНИҢ БҮГҮ-НИИТИ УГУУЛГАЗЫ</title>
   <note>
      <para>1948 чылдың декабрь 10-да Чиңгине Ассамблеяның 217 А (III) резолюциязы-биле хүлээп  лдынган  болгаш чарлаттынган</para>
   </note>
   <preamble>
      <title>КИИРИЛДЕ</title>
      <para>Кижи төрелгетен аймааның бүгү кежигүннериниң  кижи мөзүзүн, оларның дең болгаш казып болбас эргелерин хүлээп көөрү хосталганың, чөптүг чоруктуң база бүгү-ниити тайбыңның үндезини болурун кичээнгейге албышаан; база</para>
      <para>кижиниң эргелеринге тоомча чок болгаш көөр хөөн чок чоруктуң кижи төрелгетенниң сагыжын аартып дүвүреткен дерзии үүлгедиглерге чедиргенин база кижилер  сөстүң болгаш үзелдерниң   хосталгазынга эргелиг, коргуушкун болгаш түрегделден хостуг  делегейни тургузары кижилерниң бедик чүткүлү кылдыр чарлаттынганын  кичээнгейге албышаан; база</para>
      <para>кижиниң эргелери хоойлуга  кижи  ужур-дүрүм чок чагыргага болгаш дарлалгага удур сөөлгү арга кылдыр  тура халыышкын ажыглаар ужурга таварышпас  кылдыр камгалаттынган турарының эргежок чугулазын кичээнгейге албышаан; база</para>
      <para>чоннар аразынга эп-найыралдыг харылзааларның сайзыралын деткиириниң эргежок чугулазын кичээнгейге албышаан; база</para>
      <para>Каттышкан Нацияларның чоннарының кижиниң кол эргелеринге, кижи мөзүзүнге болгаш үнезинге база эр болгаш херээжен кижилерниң дең эргелиинге бүзүрелин Уставта бадыткаанын база  улам хостуг байдалга социал депшилгени болгаш амыдыралдың байдалдарын экижидерин   деткиирин шиитпирлээнин   кичээнгейге албышаан; база</para>
      <para>кежигүн-күрүнелерниң Каттышкан Нациялар Организациязы-биле кады ажылдавышаан, кижиниң эргелерин болгаш  кол хосталгаларын бүгүдениң хүндүлээрин база сагыырын чедип алырынга деткимче бээрин хүлээнгенин  кичээнгейге албышаан; база</para>
      <para>бо эргелерниң болгаш хосталгаларның характерин бүгүдениң угаап билири ол хүлээлгени долузу-биле күүседиринге улуг ужур-дузалыг болурун кичээнгейге албышаан,</para>
      <para>Чиңгине Ассамблея</para>
      <para>Кижиниң эргелериниң бо бүгү-ниити угуулгазын бүгү чоннарның болгаш күрүнелерниң күүседир дээш кызыдар ужурлуг база  кижи бүрүзү болгаш  ниитилелдиң орган бүрүзү ук Угуулганы  доктаамал кичээнгейге албышаан, чырыдылга болгаш өөредилге аргалары-биле ук эргелер биле хосталгаларны хүндүлээрин деткиир, национал  болгаш улустар аразының депшилгелиг хемчеглерин ажыглап тургаш, Организацияның  кежигүнү күрүнелериниң база ол күрүнелерниң юрисдикциязында турар девискээрлерниң чоннарының аразынга оларны бүгүдениң хүлээп көөрүн база үре-түңнелдиг боттанырын деткииринче угланган  сорулга кылдыр чарлап тур.</para>
   </preamble>
   <article number="1">
      <title>1 чүүл</title>
      <para>Бүгү кижилер хостуг база мөзүзү болгаш эргелери дең кылдыр төрүттүнер. Оларга угаансарыыл болгаш арын-нүүр бердинген болур болгаш олар бот-боттарынга  акы-дуңмалышкы хамаарылганы  көргүзер ужурлуг.</para>
   </article>
   <article number="2">
      <title>2 чүүл</title>
      <para>Кижи бүрүзү ук Угуулгада чарлаттынган бүгү эргелерге болгаш хосталгаларга  язы-сөөгү, кежиниң өңү, эр-херээжени, дылы, чүдүлгези, политиктиг болгаш өске-даа үзелдери, национал болгаш социал ызыгууру, өнчү-хөреңгизи, аңгы болгаш өске-даа  байдалдардан хамаан чокка  эргелиг.</para>
      <para>Оон аңгыда, кижини ооң хамааржып турары күрүнениң азы девискээрниң политиктиг, хоойлу-дүрүм азы чоннар аразында статузун, ук девискээрниң хамаарышпазын, өскелерниң харагалзалында турарын, бот-башкарылга чок азы бот-догуннаашкынында кандыг-бир кызыгаарлыг бооп турарын барымдаалап ылгаар чорук турбас ужурлуг.</para>
   </article>
   <article number="3">
      <title>3 чүүл</title>
      <para>Кижи бүрүзү амыдырап-чурттаар, хостуг болур болгаш дээп болбас эргелиг.</para>
   </article>
   <article number="4">
      <title>4 чүүл</title>
      <para>Кым-даа кулданыгга азы хостуг эвес байдалга туттунмас ужурлуг; кулданыгның болгаш кул садарының бүгү хевирлери хоруглуг.</para>
   </article>
   <article number="5">
      <title>5 чүүл</title>
      <para>Кым-даа  эрии-шаажыга азы каржы, кижизиг эвес азы ооң кижи мөзүзүн  дорамчылаан аажылалга болгаш  шииткелге  таварышпас ужурлуг.</para>
   </article>
   <article number="6">
      <title>6 чүүл</title>
      <para>Кижи бүрүзү каяа-даа чорааш, ооң тускай субъект эргелиин  хүлээп көөрүнге эргелиг.</para>
   </article>
   <article number="7">
      <title>7 чүүл</title>
      <para>Бүгү кижилер хоойлу мурнунга дең эргелиг база хоойлуга кандыг-даа ылгал чокка, дең камгаладыр эргелиг. Бүгү кижилер ук Угуулганы хажыдып турар ылгай көрүүшкүнден база ындыг ылгай көрүүшкүннү кылырынче  күткүлгеден  дең  камгаладыр эргелиг.</para>
   </article>
   <article number="8">
      <title>8 чүүл</title>
      <para>Кижи бүрүзү конституция азы хоойлу езугаар көрдүнген кол эргелери хажыттынган таварылгаларда долу эргелиг национал шүүгүнүң ооң эргелерин катап үре-түңнелдиг тургузуп бээринге эргелиг.</para>
   </article>
   <article number="9">
      <title>9 чүүл</title>
      <para>Кым-даа барымдаа чок  хоругдалга, тудуп хоругдаашкынга азы ойладыышкынга таварышпас ужурлуг.</para>
   </article>
   <article number="10">
      <title>10 чүүл</title>
      <para>Кижи бүрүзү ооң эргелерин болгаш хүлээлгелерин тодарадып бээринге база аңаа онааштырып турар кем-херек буруудадыышкынының барымдаалыын  тодарадырынга база ооң херээн хамаарышпас болгаш тала тыртпас шүүгүнүң ажык болгаш чөптүг чоруктуң бүгү негелделерин сагывышаан,  сайгарып көөрүнге  эргелиг.</para>
   </article>
   <article number="11">
      <title>11 чүүл</title>
      <orderedlist>
         <listitem>
            <para>Кем-херек үүлгеткен деп буруудаттырып турар кижи бүрүзү  камгалалдың бүгү аргаларын хандырып берип турар  ажык шүүгү сайгарылгазынга ооң буруулуу хоойлу езугаар тодараттынмаан шаанда буруу чок деп санадыр эргелиг.</para>
         </listitem>
         <listitem>
            <para>Кым-даа болуп турган үезинде национал хоойлулар азы чоннар аразының хоойлу-дүрүмү-биле кем-херек үүлгедиишкини болбайн турган кандыг-бир  кылдыныглардан азы чүнү-даа кылбаанындан үнген үүлгедиг дээш   шииттирбес ужурлуг. Ол ышкаш үүлгедигниң болган үезинде берип болур турган кеземчеден аар кеземче бээри болдунмас.</para>
         </listitem>
      </orderedlist>
   </article>
   <article number="12">
      <title>12 чүүл</title>
      <para>Кым-даа ооң амы-хууда болгаш өг-бүле чуртталгазынче туразында холгаарлаашкынга, бажың-балгадынга дээп болбазынга,  чагаалажыышкынының чажыт чоруунга азы ат-алдары болгаш репутациязынга шоглаашкынга таварышпас ужурлуг. Кижи бүрүзү  хоойлуга ындыг холгаарлаашкын азы шоглаашкыннардан  камгаладыр  эргелиг.</para>
   </article>
   <article number="13">
      <title>13 чүүл</title>
      <orderedlist>
         <listitem>
            <para>Кижи бүрүзү кайы-бир күрүнениң кызыгаарының иштинге хостуг чоруур болгаш бодунга чурттаар черни шилип алыр эргелиг.</para>
         </listitem>
         <listitem>
            <para>Кижи бүрүзү кандыг-даа чурттан, ооң иштинде бодунуң чуртундан база  үнүп чоруур база бодунуң чуртунче ээп кээр эргелиг.</para>
         </listitem>
      </orderedlist>
   </article>
   <article number="14">
      <title>14 чүүл</title>
      <orderedlist>
         <listitem>
            <para>Кижи бүрүзү истеп сүрүүшкүнден хоргадалды өске чурттардан дилээр база ол хоргадалды ажыглаар эргелиг.</para>
         </listitem>
         <listitem>
            <para>Бо эрге политиктиг эвес үүлгедиг азы Каттышкан Нациялар Организациязының сорулга болгаш принциптеринге удурланышкак кылдыныглар дээш истеп сүрүп турар таварылгада ажыглаттынмас.</para>
         </listitem>
      </orderedlist>
   </article>
   <article number="15">
      <title>15 чүүл</title>
      <orderedlist>
         <listitem>
            <para>Кижи бүрүзү хамааты болур эргелиг.</para>
         </listitem>
         <listitem>
            <para>Кым-даа  хамааты эргезинден  азы хамааты эргезин солуур эргезинден үндезин чокка казытпас ужурлуг.</para>
         </listitem>
      </orderedlist>
   </article>
   <article number="16">
      <title>16 чүүл</title>
      <orderedlist>
         <listitem>
            <para>Назы четкен   эр болгаш херээжен кижилер язы-сөөк, националы  азы чүдүлгезиниң аайыбиле кандыг-даа кызыгаарлаашкын чокка өгленип, бодунуң өг-бүлезин тургузар эргелиг. Олар бадыланышканынга хамаарыштыр,  бадылалдыг турган үезинде база ону күш чок деп санаан үезинде  дең эргелерни ажыглаар.</para>
         </listitem>
         <listitem>
            <para>Бадылажыышкын чүгле өгленчип турар ийи таланың хостуг болгаш  бүрүн дугуржулгазыбиле  бооп болур.</para>
         </listitem>
         <listitem>
            <para>Өг-бүле ниитилелдиң  чайгаар болгаш үндезин үүрү болур база ниитилел биле күрүнениң талазындан камгаладыр эргелиг.</para>
         </listitem>
      </orderedlist>
   </article>
   <article number="17">
      <title>17 чүүл</title>
      <orderedlist>
         <listitem>
            <para>Кижи бүрүзү өнчү-хөреңгизин чааскаан-даа, өскелер-биле кады-даа  эдилээр эргелиг.</para>
         </listitem>
         <listitem>
            <para>Кым-даа  өнчү-хөреңгизин үндезин чокка   хавыртпас ужурлуг.</para>
         </listitem>
      </orderedlist>
   </article>
   <article number="18">
      <title>18 чүүл</title>
      <para>Кижи бүрүзү бодалдың, арын-нүүрнүң болгаш чүдүлгениң  хосталгазынга эргелиг; бо эргеге бодунуң чүдүлгезин азы үзелдерин   өскертириниң хосталгазы база  бодунуң чүдүлгезин азы үзелдерин чааскаан-даа, өскелер-биле кады-даа хөйге азы аңгы кылдынган өөредилге, мөргүл база шажынчы болгаш ритуалдыг езулалдар дамчыштыр нептередириниң хосталгазы  хамааржып турар.</para>
   </article>
   <article number="19">
      <title>19 чүүл</title>
      <para>Кижи бүрүзү үзелдерниң база оларны хостуг илередириниң хосталгазынга эргелиг; бо эргеге бодунуң үзелдеринге моондак чокка бүзүреп сагыыр база күрүне кызыгаарларындан хамаан чокка база кандыг-даа арга-биле информация болгаш идеяларны дилээр, алыр база тарадыр хосталга хамааржып турар.</para>
   </article>
   <article number="20">
      <title>20 чүүл</title>
      <orderedlist>
         <listitem>
            <para>Кижи бүрүзү тайбың чыыш болгаш  каттыжыышкыннарның хосталгазынга эргелиг.</para>
         </listitem>
         <listitem>
            <para>Кым-даа кайы-бир каттыжыышкынга киреринге чыгатпас ужурлуг.</para>
         </listitem>
      </orderedlist>
   </article>
   <article number="21">
      <title>21 чүүл</title>
      <orderedlist>
         <listitem>
            <para>Кижи бүрүзү бодунуң чуртунуң удуртулгазынга боду дорт азы хостуг ёзу-биле соңгуттурган төлээлекчилерни дамчыштыр киржир эргелиг.</para>
         </listitem>
         <listitem>
            <para>Кижи бүрүзү бодунуң чуртунга күрүне албанынга  дең кирер эргелиг.</para>
         </listitem>
         <listitem>
            <para>Чоннуң күзел-соруу чазактың эрге-чагыргазының үндезини болур ужурлуг; бо күзелсорук  албан ниити болгаш дең  чажыт бадылаашкын аргазы-биле  азы  соңгуурунуң хосталгазын хандырып турар  дең чергелиг өске хевирлер дузазы-биле эрткен  болгаш хажыдыышкын кылдынмаан өйлеп-өйлеп болур  соңгулдаларга  илереп  кээр ужурлуг.</para>
         </listitem>
      </orderedlist>
   </article>
   <article number="22">
      <title>22 чүүл</title>
      <para>Кижи бүрүзү  ниитилелдиң кежигүнү болганда, национал күжениг болгаш чоннар аразында кады ажылдажылганың ачызында  күрүне бүрүзүнүң курлавырлары болгаш тургузуунга дүүштүр кижи мөзүзүн баксыратпайн тударынга   база экономика, социал болгаш культура адырларынга хостуг сайзыраарынга эргежок чугула социал хандырылга алырынга  база эргелери  боттанган турарынга  эргелиг.</para>
   </article>
   <article number="23">
      <title>23 чүүл</title>
      <orderedlist>
         <listitem>
            <para>Кижи бүрүзү ажылдаар, ажылды хостуг шилип алыр, ажылдаар байдалының чөптүг болгаш таарымчалыг  болурунга база ажыл чок чоруктан камгалалга  эргелиг.</para>
         </listitem>
         <listitem>
            <para>Кижи бүрүзү кандыг-даа ылгай көрүүшкүн чокка дең ажыл дээш дең төлевир алыр эргелиг.</para>
         </listitem>
         <listitem>
            <para>Ажылдап турар кижи бүрүзү  бодунуң болгаш өг-бүлезиниң  кижи мөзүзүнге төлептиг амыдыралды тудар чөптүг болгаш сеткилди хандырып турар база херек апарганда социал хандырылганың өске хевирлеринден немелделиг төлевирни алыр эргелиг.</para>
         </listitem>
         <listitem>
            <para>Кижи бүрүзү бодунуң эргелерин камгалаары-биле профессионалдыг эвилелдер тургузар база профессионалдыг эвилелдерге  кирер эргелиг.</para>
         </listitem>
      </orderedlist>
   </article>
   <article number="24">
      <title>24 чүүл</title>
      <para>Кижи бүрүзү дыштанылгага база хостуг үеге эргелиг, ооң иштинде  ажыл хүнүн  шын кызыгаарлаарынга база  өйлеп-өйлеп  бээр төлевирлиг  шөлээге  эргелиг.</para>
   </article>
   <article number="25">
      <title>25 чүүл</title>
      <orderedlist>
         <listitem>
            <para>Кижи бүрүзү амыдыралдың, ооң иштинде аъш-чемниң, идик-хептиң, чурттаар орансаваның, эмчи ажаалгазының база эргежок чугула социал хандырылганың ооң бодунуң болгаш өг-бүлезиниң кадыкшылын баксыратпайн тударынга база  чаагай байдалын хандырарынга  четчир  деңнелдиг болурунга эргелиг база ажыл чок артканда, аараанда, инвалид апарганда, дулгуяк калганда, назылап кыраанда азы оон хамаарышпас байдалдарда амыдыраар аргаларын чидиргенде, хандырылга алыр эргелиг.</para>
         </listitem>
         <listitem>
            <para>Ие болуру болгаш чаш назын тускай ажаал-тежээл болгаш дуза алырынга эргени берип турар. Бүгү уруглар, өг-бүлеге азы сурас төрүттүнгенинден хамаан чокка, дөмей социал камгалалды алыр ужурлуг.</para>
         </listitem>
      </orderedlist>
   </article>
   <article number="26">
      <title>26 чүүл</title>
      <orderedlist>
         <listitem>
            <para>Кижи бүрүзү  өөренир эргелиг. Өөредилге бети дизе эге болгаш ниити өөредилгеге хамаарыштыр халас болур ужурлуг. Эге өөредилге албан болур ужурлуг. Техниктиг болгаш профессионалдыг   өөредилге бүгүдеге белен чедингир болур ужурлуг база дээди өөредилге кижи бүрүзүнүң салымныының аайы-биле  бүгүдеге  бир дөмей чедингир болур ужурлуг.</para>
         </listitem>
         <listitem>
            <para>Эртем-билиг кижиниң долу сайзыралынче болгаш кижиниң эргелеринге база хосталгаларынга хүндүткелди бедидеринче угланган болур ужурлуг. Эртем-билиг бүгү чоннарның, сөөк-язы база шажын бөлүктериниң бот-боттарын билчиринге, өскелерниң бодалдарын,  чүдүлге-сүзүглелдерин хүлээп билиринге,  эп-найыралдыг чорукка база Каттышкан Нациялар Организациязының тайбыңны деткээн ажыл-чорудулгазынга деткимчени бээр ужурлуг.</para>
         </listitem>
         <listitem>
            <para>Ада-ие улус боттарының назы четпээн уругларының өөредилгезиниң хевирин чугулалап шилиир эргелиг.</para>
         </listitem>
      </orderedlist>
   </article>
   <article number="27">
      <title>27 чүүл</title>
      <orderedlist>
         <listitem>
            <para>Кижи бүрүзү ниитилелдиң культура амыдыралынга хостуг киржир, уран чүүлден таалал алыр, эртем депшилгезинге киржир болгаш ооң  кежиктерин ажыглаар эргелиг.</para>
         </listitem>
         <listitem>
            <para>Кижи бүрүзү автору бооп турары эртем, чогаал болгаш уран чүүл ажылдарының түңнели болур моральдыг болгаш материалдыг эрге-ажыы камгалаттынган турарынга эргелиг.</para>
         </listitem>
      </orderedlist>
   </article>
   <article number="28">
      <title>28 чүүл</title>
      <para>Кижи бүрүзү ук Угуулгада айыттынган эргелер болгаш хосталгаларны долузу-биле хандырып турар социал болгаш улустар аразының корум-чурумунга эргелиг.</para>
   </article>
   <article number="29">
      <title>29 чүүл</title>
      <orderedlist>
         <listitem>
            <para>Кижи бүрүзү ооң хостуг болгаш долу сайзыралын хандырып болур ниитилелдиң мурнунга хүлээлгелерлиг.</para>
         </listitem>
         <listitem>
            <para>Кижи бүрүзү бодунуң эргелерин болгаш хосталгаларын боттандырып тургаш, хоойлу ёзугаар  өске кижилерниң эргелери биле хосталгаларын болур-чогууру-биле хүлээп көөрүн база хүндүлээрин хандырар база демократтыг ниитилелге мөзү-шынарның чөптүг негелделерин, хөй-ниити чурумун болгаш ниити чаагай байдалды хандырар сорулга-биле тодараттынган чүгле ындыг кызыгаарлаашкыннарга таваржыр ужурлуг.</para>
         </listitem>
         <listitem>
            <para>Ол эргелерниң болгаш хосталгаларның боттандырыышкыны кандыг-даа таварылгада Каттышкан Нациялар Организациязының сорулга болгаш принциптеринге  удурланышкак болбас ужурлуг.</para>
         </listitem>
      </orderedlist>
   </article>
   <article number="30">
      <title>30 чүүл</title>
      <para>Ук Угуулгада чүү-даа чүве кайы-бир күрүнеге, бөлүкке азы тус кижилерге ук Угуулгада айыттынган эргелер болгаш хосталгаларны узуткаарынче угланган ажылдар чорударынга азы кылдыныглар кылырынга эрге берип турар деп  тайылбырлаттынып болбас.</para>
   </article>
</udhr>
