<?xml version="1.0" encoding="UTF-8"?>

<!--© The Office of the High Commisioner for Human Rights-->

<udhr iso639-3='lua' xml:lang='lua' key='lua' n='Luba-Kasai' dir='ltr' iso15924='Latn' xmlns="http://www.unhchr.ch/udhr">
  <note>
    <para>Dimanyisha Kudi Bukwa Bisamba Bya Buloba Bujima Pa Makokeshi A Muntu Yonsu</para>
    <para>Mu matuku 10 a ciswamune (ngondu wa dikumi ne mwibidi) wa cidimu cya 1948, Cifufu cinene cya Nsangilu wa bukwa-bisamba (ONU) cyanyishile ne cilejele patoke mapangadika mangata kudi bukwa-bisamba pa makokeshi a muntu yonso atudi tufunda aa. Kunyima kwa dyenjibwa dya bwalu bwa cikuma ebu, bena cifufu eci bakalomba ditunga ne ditunga dyonsu bwa kwenza mwadi monsu bwa kumwangalaja Mapangadika aa kudi bantu ku diabanya, dialamika ku bimana bwa bantu bonsu baamone, kudiabala ne diumvwija mu tulaasa tupwekele ne tubandile, kakuyi kansungansunga ka cididi cya misoko ne matunga.</para>
  </note>
  <title>MAPANGADIKA MANGATA KUDI BUKWA-BISAMBA BYA BULOBA BUJIMA PA MAKOKESHI A MUNTU YONSU</title>
  <preamble>
    <title>MBANGILU</title>
    <para>Pa kumona ne, kwitaba se bantu bonsu ba pa buloba badi ne buneme ne makokeshi amwe ne a kashidi ke nshindamenu wa budikadidi, bwakane ne bupole pa buloba bujima;</para>
    <para>Pa kumona ne, dibenga kumanya ne dipepeja dya makokeshi a muntu bidi bifikisha ku ngenzelu mishadile idi mwa kunyengabaja myoyi ya munda ya bantu; pa kumona ne kufikisha bantu ku nsombelu udibo mwa kwikala bakula ne biitaba cidibo baswe, kabayi ne bowa anyi lutatu ke kiipacila kanene ka muntu yonso;</para>
    <para>Pa kumona ne bidi bikengela kwenza mikenji idi mwa kukuba makokeshi a muntu yonsu ne kubenga kufikisha bantu ku ditombokela dya bukalenge bwa cinyangu ne bushipyanganyi,</para>
    <para>Pa kumona ne matunga a Nsangila wa Buka-bisamba (ONU) adi mashindike ditaba dyawu mu makokeshi mashindame ne mushinga wa muntu yonso mu bobumwe bwa makokeshi a balume ne bakaji, mu dyangata mapangadika a kutungunuja nombelu mulenga wa bantu mu budikadidi;</para>
    <para>Pa kumona ne ditunga ne ditunga dyonsu, pamwe ne Nsangilu wa Bukwa-bisamba mbangate maangadika a kunemeka ne kwitaba makokeshi ne budikadidi bwa muntu yonsu;</para>
    <para>Pa kumona ne bwa kukumbaja mapangadika aa, bidi bimpe bantu bonsu bikale ne ngumvwilu umwe wa budikadidi ne makokeshi aa;</para>
    <para>Cifufu cinene nya Nsangilu wa bukwa-bisamba cidi cikobola Mapangadike pa makokeshi a Muntu yonsu aa bu kipacila ka bisamba ne bukwa matunga bwa se bantu bonsu pamwe ne bulongolodi bonso bwa bantu kabayi bapwa Mapangadika aa moyo, benze mwabu monsu bwa kutungunuja dinemeka mine Mapangadika aa ne budikadidi ku dilongesha bantu, kufikisha bantu ba buloba bujima ku ditaba ne diatumikila dilelela, ku dyangata mapangadka adi akengedibwa ku citupa ku citupa munda mwa matunga ne ku bukwa-bisamba byonsu ebi kudi bobo bena matunga aa pamwe ne bena misoko idi ku bukenji bwawu.</para>
  </preamble>
  <article number="1">
    <title>Kanungu ka 1.</title>
    <para>Bantu bonsu badi baledibwa badikadile ne badi ne makokeshi amwe. Badi ne lungenyi lwa bumuntu ne kondo ka moyo, badi ne bwa kwenzelangana malu mu buwetu.</para>
  </article>
  <article number="2">
    <title>Kanungu ka 2.</title>
    <para>Budikadidi ne makokeshi mafunda mu Mapangadika aa bidi bitangila muntu yonsu, kakuyi disunguluja bisamba, mubidi wa makoba a bantu, bulume anyi bukaji, mwakulu, ntendelelu, ngumvwilu wa malu a cididi anyi dyela dya meji kana onsu, ditunga dya muntu; bubanji anyi bupele, mwaba wa cilelelu ne a mishindu kana yonsu.</para>
    <para>Kabidi kabyena bikengela kansungansunga ku malu a cididi, a bunzuji a bukwa matunga anyi a mu ditunga didi muntu ufumina, nansha dyodyo didikadile anyi dikale ku bukenji anyi ku bupika bwa dikwabu.</para>
  </article>
  <article number="3">
    <title>Kanungu ka 3.</title>
    <para>Muntu yonso udi ne bukookeshi bwa kwikala ne moyo, kudiikadila ne kusoma talala mu bumuntu bwende.</para>
  </article>
  <article number="4">
    <title>Kanungu ka 4.</title>
    <para>Muntu nansha umwe kena mwa kukwaciibwa ku bupika bwalu mushinga wa bapika mmukandikiibwe mu mishindu yawu yonsu.</para>
  </article>
  <article number="5">
    <title>Kanungu ka 5.</title>
    <para>Muntu nansha umwe kena mwa kukengeshiibwa anyi kupeshibwa bibawu bya kanyawu bidi kabiyi byakanyina bantu anyi bidi mwa kubapwekesha mulongo.</para>
  </article>
  <article number="6">
    <title>Kanungu ka 6.</title>
    <para>Muntu yonsu udi ne bukenji bwa kumanyibwa my myaba yonsu mu bumuntu bwende.</para>
  </article>
  <article number="7">
    <title>Kanungu ka 7.</title>
    <para>Bantu Bonsu badi momumwe kumpala kwa meyi ne kakuyi dishilangana ne bukenji bwa kukubibwa kudi diyi dya momumwe. Bonso badi ne bukenji bwa kukubibwa mushindu wa momumwe bumpala kwa kansungansunga kikala mwa kutupa ku Mpangadika aa ne kumpala kwa nkebelu yonsu wa kansungansunga ka mushindu ewu.</para>
  </article>
  <article number="8">
    <title>Kanungu ka 8.</title>
    <para>Muntu onso udi ne bukokeshi bwa kunyemena ku tubadi tumanyike twa ditunga dyende padiye mumone maalu adi atupa ku makokeshi a nshindamenu adi mamwambika kudi meyi ne mikandu anyi kudi Diyi dikulu dya ditunga dyende.</para>
  </article>
  <article number="9">
    <title>Kanungu ka 9.</title>
    <para>Muntu nansha umwe kena mwa kukwacibwa, kulamibwa anyi kwipacibwa cyanana ku diswa dya muntu.</para>
  </article>
  <article number="10">
    <title>Kanungu ka 10.</title>
    <para>Muntu yonsu udi ne bukokeshi bwa kumona cilumbu cyende cikoshibwa byakane, mu bulelela kakuyi kansungansunga, kudi tubadi twa mu ditunga dyende ku mesu a bantu. Tubadi etu ne tujadike makokeshi ende ne bidiye ne bwa kwenza anyi bwimpe bwa kafundila.</para>
  </article>
  <article number="11">
    <title>Kanungu ka 11.</title>
    <orderedlist>
      <listitem>
	<para>Muntu yonsu udi mufundibwe kena mwena cibawu too ne diba dya mulumbulwishabu ne didibo bamuleja se udi mwenze bibi kumpala kwa cilumbulwilu ne kabidi pikalabu bamane kumulumbulwila kudi baavoka bende.</para>
      </listitem>
      <listitem>
	<para>Muntu nansha umwe keena mwa kukosedibwa buloku bwa bilema anyi ntupakanyi idi, cikondo civwayi myenza kayiyi myanji kwikala mimanyibwe ne yidi bilema ku mikandu ya ditunga anyi bukwamatunga. Bidi momumwe ne kakwakwikala cibawu nansha cimwe cikosela muntu cipite cukole eci civwa cifundiibwe cikondu civwa cilema cyenza.</para>
      </listitem>
    </orderedlist>
  </article>
  <article number="12">
    <title>Kanungu ka 12.</title>
    <para>Muntu nansha umwe kena mwa kubwelakana mu nsombelu wa mukwabu, mu diku dyende, mu nzubu wende, mu difunda anyi difundilangana dyende dya mikanda peshi kunyanga lumu lwende. Muntu yonsu udi ne bukenji bwa kukubibwa kudi meyi ne mikandu pa malu a mushindu ewu.</para>
  </article>
  <article number="13">
    <title>Kanungu ka 13.</title>
    <orderedlist>
      <listitem>
	<para>Muntu yonsu udi ne bukenji bwa kwendakana mudiye muswe ne bwa kusungula mwaba udiye mwa kusomba munda mwa ditunga dyende.</para>
      </listitem>
      <listitem>
	<para>Muntu yonsu udi ne bukenji bwa kumuka mu ditunga dyonsu, nansha dyende ne kupinganamu kabidi</para>
      </listitem>
    </orderedlist>
  </article>
  <article number="14">
    <title>Kanungu ka 14.</title>
    <orderedlist>
      <listitem>
	<para>Kumpala kwa lufu, muntu yonsu udi ne bukokeshi bwa kukeba mwaba wa kusokoma pikalaye mukengeshibwe mu ditunga dyende.</para>
      </listitem>
      <listitem>
	<para>Mwena cibawu kena mwa kudisokoko kunyima kwa makokeshi aa pikalaye mubunde cibawu ne mwindende anyi mutupakane ku mikenji ya Nsangilu wa bukwa-bisamba.</para>
      </listitem>
    </orderedlist>
  </article>
  <article number="15">
    <title>Kanungu ka 15.</title>
    <orderedlist>
      <listitem>
	<para>Muntu yonso udi ne bukokeshi bwa kwikala ne bwena ditunga dyende.</para>
      </listitem>
      <listitem>
	<para>Muntu nansha umwe kena mwa kupadibwe patupu bwena ditunga, anyi bukokeshi bwa kushintulula bwena ditunga.</para>
      </listitem>
    </orderedlist>
  </article>
  <article number="16">
    <title>Kanungu ka 16.</title>
    <orderedlist>
      <listitem>
	<para>Mulume ne mukaji bakadi bakumbaje mvula ya dibaka badi ne bukokeshi bwa kuselengana ne kwasa diku, kakuyi mukanda wa cisamba, ditunga anyi citendelelu. Makokeshi abu adi momumwe bwa bidi bitangila mbangilu wa dibaka, nsombelu ne dishipa dya dibaka.</para>
      </listitem>
      <listitem>
	<para>Dibaka diswikiibwe mu budiswile bwa basedyanganyi.</para>
      </listitem>
      <listitem>
	<para>Diku ke mfukila ne nshindamenu wa nsombelu mu bantu. Pa nanku, mbulamatadi ne bukwa-bisamba badi ne cya kubakuba.</para>
      </listitem>
    </orderedlist>
  </article>
  <article number="17">
    <title>Kanungu ka 17.</title>
    <orderedlist>
      <listitem>
	<para>Muntu yonsu nkayende anyi ne bakwabu udi ne bukokeshi bwa kwikala ne byende bintu.</para>
      </listitem>
      <listitem>
	<para>Muntu nansha umwe kena mwa kunyengibwa cintu cyanana nansha.</para>
      </listitem>
    </orderedlist>
  </article>
  <article number="18">
    <title>Kanungu ka 18.</title>
    <para>Muntu yonsu udi ne bukokeshi bwa kwela meji ku budiswile bwende, kulonda kondo ka moyo wende, kutendelela Nzambi wa moyo wende. Pa nanku, udi ne budikadidi bwa kushintulula citendelellu anyi ditabuja dyende ne kubileja patoke, nkayende anyi mu cisumbu, mu bantu anyi pa nkayende, ku dilongesha, byenzedi ne mishindu mene ya kutendelela.</para>
  </article>
  <article number="19">
    <title>Kanungu ka 19.</title>
    <para>Muntu yonsu udi ne bukenji bwa kwela meji ne kwakula mudiye muswe. Mbwena kwamba ne kabena mwa kumukwata bwa mine malu aa. Udi ne bukokeshi bwa kukeba, kupeta ne kumwanglaja ngumu ne meji emde myaba yonsu mu mishindu yonsu.</para>
  </article>
  <article number="20">
    <title>Kanungu ka 20.</title>
    <orderedlist>
      <listitem>
	<para>Muntu yonso udi ne bukenji bwa kuswa ne kubwela mu bisangilu ne mu bisumbu mudiye muswe.</para>
      </listitem>
      <listitem>
	<para>Kakwena muntu nansha umwe udibo mwa kubweja mu cisumbu ku bukole.</para>
      </listitem>
    </orderedlist>
  </article>
  <article number="21">
    <title>Kanungu ka 21.</title>
    <orderedlist>
      <listitem>
	<para>Muntu yonso udi ne bukenji bwa kuludika malu a ditunga dyende, yeye mwine anyi ne batumibwe badiye mudisungwile.</para>
      </listitem>
      <listitem>
	<para>Bukokeshi bwa kulombola malu a ditunga budi bwa mumwe bwa bantu bonsu.</para>
      </listitem>
      <listitem>
	<para>Majinga a ditunga ke nshindamenu wa bukalenge bwa mbulamatadi: majinga aa adi amweneka ku masungula malelela adi ne cya kwenjibwa ku cikondu ne ku cikondu, bela kaci kasokome, bilondeshele bulongolodi budi mwa kufikisha muntu yonsu mwa kusungula mu budiswile.</para>
      </listitem>
    </orderedlist>
  </article>
  <article number="22">
    <title>Kanungu ka 22.</title>
    <para>Muntu yonsu udi ne bukenji wa kupeta dyambulwisha kudi mbulamatadi, bwa kukumbaja majinga ende ku malu a bubanji, nsombelu ne malu a nshidimukilu, buneme bwende ne ditungunuja bumuntu bwende, ku dikwacisha dya bena ditunga pamwe ne matunga menyi bilondeshele bulongolodi ne lupetu lwa ditunga.</para>
  </article>
  <article number="23">
    <title>Kanungu ka 23.</title>
    <orderedlist>
      <listitem>
	<para>Muntu yonsu udi ne bukokeshi bwa kupeta mudimu, kudisungwilawu ne kuwenza kakuyi lutatu lwa dicina bulofu.</para>
      </listitem>
      <listitem>
	<para>Bantu bonsu badi benza mudimu umwe badi ne bukenji bwa kupeta difutu dya mumwe kakuyi kansungansunga.</para>
      </listitem>
      <listitem>
	<para>Muntu yonsu udi wenza mudimu udi ne bukenji bwa kupeta difutu dikumbane didi dimulengelele ne didi mwa kumufikisha ku disomba ne dikuba diku dyende byakane, pikalaku nushindu ne dikubabwa pamwe ne manga makwacisha pamutu pa difutu.</para>
      </listitem>
      <listitem>
	<para>Muntu yonsu udi ne bukokeshi bwa kwasa ne bakwabo bisumbu bya dyakwila beena mudimu ne kubwela mu bisumbu byakwidi bya bena mudimu bwa kwakwila makokeshi ende.</para>
      </listitem>
    </orderedlist>
  </article>
  <article number="24">
    <title>Kanungu ka 24.</title>
    <para>Muntu yonso udi ne bukokeshi bwa kwikisha ne kumana lutetuku ne kwikala ne lupoolu lujaadikiibwa lwa nengenu wa mudimu ne kwikala ne dikisha difuta ku cikondu ne ku cikondu.</para>
  </article>
  <article number="25">
    <title>Kanungu ka 25.</title>
    <orderedlist>
      <listitem>
	<para>Muntu yonsu udi ne bukokeshi bwa kwikala ne nsombelu mwakane bwa kumona mwa kupetesha bena diku dyende ne yeye mwine bukole bwa mubidi ku didya dimpe, dilwata, londapu ne ku dipeta dyambulwisha dya mbulamatadi. Yeye mubwele mu bulofu, badi ne cya kumwambulwisha, yeye musame anyi mupangile bukole bwa mubidi, mufwishe, nkolumu anyi mujimije bivwa bimudisha kakuyi ku bwenzavi bwende.</para>
      </listitem>
      <listitem>
	<para>Mukaji muvyeele ne mwana badi ne bwa kupeta dyambulwisha dya pa bwadyo. Bana bonso balela mu dibaka anyi ba mu njila badi ne cya kukubibwa mushindu wa momumwe kudi mbulamatadi.</para>
      </listitem>
    </orderedlist>
  </article>
  <article number="26">
    <title>Kanungu ka 26.</title>
    <orderedlist>
      <listitem>
	<para>Muntu onso udi ne bukenji bwa kulonga. Dilonga didi amu dya patupu kadiyi dya kufucila mfwalanga, nangananga edi dya mbangilu ne dya nshindamenu. Dilonga dya ntwadijilu didi dya muntu yonsu. Dilonga dya midimu ya byanza didi ne cya kwikala myaba yonsu; dibwela dya mu tulaasa tubandile didi ne cya kunzulwibwa mushindu wa momumwe bwa bonsu bilondeshele dimanya dya muntu ne muntu yonsu.</para>
      </listitem>
      <listitem>
	<para>Dilongesha didi ne cya kwipacila ditabulula dya bumuntu ne dikolesha dya dinemeka dya makokeshi a muntu ne madikadidi mashindame, difikisha bantu ku dyumvwilangana, malunda munkaci mwa matunga onso ne bantu ba bisamba ne bitendelelu kana byonso, ditungunuja mudimu ya Nsangilu wa Bukwa-Bisamba mu dilama bupole munkaci mwa bantu.</para>
      </listitem>
      <listitem>
	<para>Baledi badi ne bukenji bwa kusungula mushindu wa kukolesha bana babu.</para>
      </listitem>
    </orderedlist>
  </article>
  <article number="27">
    <title>Kanungu ka 27.</title>
    <orderedlist>
      <listitem>
	<para>Muntu yonsu udi ne bukokeshi bwa kudifila mudiye muswe mu malu a kabukulu a ditunga dyende, kusanka ne bunsenda bwa ditunga dyende, kutungunuja bamanyi ba mikanda ne kusanka ne byonso byapatuka kwinaku.</para>
      </listitem>
      <listitem>
	<para>Muntu yonsu udi ne bukenji bwa kusanka ne bya pa mudimu wende, bumanyi bwa mukanda anyi bunsenda bwende.</para>
      </listitem>
    </orderedlist>
  </article>
  <article number="28">
    <title>Kanungu ka 28.</title>
    <para>Muntu yonsu udi ne bukenji bwa kujinga se makokeshi ne budikadidi bidi bifunda mu Meyi mamba aa basangane kwenzeka anyi byenzeke.</para>
  </article>
  <article number="29">
    <title>Kanungu ka 29.</title>
    <orderedlist>
      <listitem>
	<para>Muntu udi ne malu adiye mwa kwenzela bantu badiye musombe nabu bwa kumona mwa kutungunuja bumuntu bwende.</para>
      </listitem>
      <listitem>
	<para>Mu ditumikila dya makokeshi ne budikadidi bwende, muntu yonsu udi ne cya kwitabuja mekenji myela bwa kusaka bantu ku dimanya ne dinemaka budikadidi ne makokeshi a bakwabu pamwe ne majinga majalame a nsombelu mulenga, bupole mu ditunga ne dyakalenga dya bantu mu ditunga didi dilonda mikenji anyi dikale ne bukalenge bwa cyata.</para>
      </listitem>
      <listitem>
	<para>Budikadidi ne makokeshi onsu kaena mwa kushilangana ne kipacila anyi mikenji ya Nsangilu wa Bukwa Bisamba (ONU).</para>
      </listitem>
    </orderedlist>
  </article>
  <article number="30">
    <title>Kanungu ka 30.</title>
    <para>Mu Mapangadika aa, kakwena kanungu anyi bwalu budi buleja ne ditunga, cisumbu cya bantu anyi muntu udi ne bukenji bwa kwenza bwalu budi butupakana ne budikadile anyi makokeshi adi mafunda aa.</para>
  </article>
</udhr>
