<?xml version="1.0" encoding="UTF-8"?>

<!--© The Office of the High Commisioner for Human Rights-->

<udhr iso639-3='fij' xml:lang='fj' key='fij' n='Fijian' dir='ltr' iso15924='Latn' xmlns="http://www.unhchr.ch/udhr">
   <title>LAWA RARABA NI DODONU NI LEWENIVANUA</title>
   <note>
      <para>Ena 10 ni Tiseba 1948, a vakadonuya qai kacivaka na Vale ni Bose Levu  ni Matabose Levu kei vuravura na Lawa Raraba ni Dodonu ni Lewenivanua. Sa volai tiko yani oqo na lewe ni Lawa. Ena toqai ena itukutuku ni veigauna na lawa oqo, ni vakadonui oti, era uqeti sara na lewe ni Matabose mera kucivaka ra qai “raica me kaburaki, vakaraitaki, wiliki qai vakamacalataki, vakauasivi e veikoronivuli kei na veitabana cava tale ni vuli. Me kua sara ni caka oqo ena dela ni veivakaduiduitaki ena vuku ni itutu vakapolitiki ni dua na vanua se vanua tu vakataki koya se vanua qali.”</para>
   </note>
   <preamble>
      <title>IKAU</title>
      <para>Ni yavu ni galala, lewa dodonu kei na sautu ena vuravura na noda vakadinata ni dodonu mera dokai mera raici tale ga vakatautauvata na lewe kece ga ni vuvale kawatamata,</para>
      <para>Ni na tubu na itovo vakadomobula e sokanu kina na lewaeloma ni kawatamata ke</para>
      <para>vakawaleni qai beci na dodonu ni kawatamata kei na kena vakatakilai ni ka levu duadua era nuitaka tu na lewenivanua na vuravura era na marautaka kina na tamata yadua na galala ni vosa kei na galala ni vakabauta vaka kina na galala mai na rere kei na leqa,</para>
      <para>Ni dodonu me taqomaki vinaka ena lawa na dodonu ni lewenivanua, me kua kina ni vakasaurarataki na tamata ena nodra vaqara bula mera saqata na veiliutaki e voravora qai ca,</para>
      <para>Ni bibi me sagai mera veimaliwai vinaka na veimatanitu,</para>
      <para>Nira sa vakadeitaka na lewe ni Matabose Levu kei Vuravura ena kena Lawatu na nodra vakabauta na dodonu ni lewenivanua me dokai qai kilai na yaga ni tamata yadua, ni tautauvata vinaka nodrau dodonu na tagane kei na yalewa ra qai nakita dei mera vakabulabulataka na toso vakaitikotiko kei na vueti cake ni ivakatagedegede ni bula mera galala kina vakalevu,</para>
      <para>Nira sa yalataka na matanitu era lewe ni Matabose mera na saga ena veitokoni ni</para>
      <para>Matabose Levu kei Vuravura mera vakabulabulataka na dokai kei na muri ni dodonu raraba ni lewenivanua kei na galala ni tamata yadua,</para>
      <para>Ni rui bibi me matata vinaka vei keda kece na dodonu kei na galala oqo me vakayacori rawa kina na vosa ni yalayala oqo,</para>
      <para>O koya gona</para>
      <para>E kacivaka kina</para>
      <para>NA VALE NI BOSE LEVU</para>
      <para>NA LAWA RARABA NI DODONU NI LEWENIVANUA oqo e dodonu mera na saga vakatautauvata kece sara na veimatatamata kei na veimatanitu mera kila ra qai nanuma deivaki na kena lewenivanua yadua kei na veitikotiko kece sara. Mera na saga mera vakavulica ena kena totaki na dokai ni dodonu kei na galala kece oqo kei na nodra saga tiko vakalailai me kilai qai muri vakararaba, vakavinaka, ena dua na matanitu me tete ina veimatanitu ena kedra maliwa na vanua tu vakataki ira kei na vanua qali.</para>
   </preamble>
   <article number="1">
      <title>Tikina e 1.</title>
      <para>Era sucu ena galala na tamata yadua, era tautauvata ena nodra dokai kei na nodra dodonu. E tiko na nodra vakasama kei na nodra lewaeloma, sa dodonu mera veidokadokai ena yalo ni veitacini.</para>
   </article>
   <article number="2">
      <title>Tikina e 2.</title>
      <para>Na tamata kece e nodra na dodonu kei na galala e tukuni tiko ena Lawa oqo, e sega ni dua me vakaduiduitaki ena vuku beka ni kawa, roka ni kuliniyago, tagane se yalewa, vosa, lotu, nanuma vakapolitiki se nanuma cava tale, vanua se itikotiko e cavutu mai kina, iyau, sucu se itutu cava tale.</para>
      <para>Me kua tale ga ni vakaduiduitaki e dua ena vuku ni matanitu se vanua e cavutu mai kina, ena vakasama beka vakapolitiki, vakaiyalayala se itutu ena vuravura, se mani vanua tu vakataki koya, vanua qali, koloni, se itutu cava ga.</para>
   </article>
   <article number="3">
      <title>Tikina e 3.</title>
      <para>Na tamata kece e dodonu me bula, me galala, me taqomaki tale ga.</para>
   </article>
   <article number="4">
      <title>Tikina e 4.</title>
      <para>Me kua ni dua me bobula se vakabobulataki; e vakatabui na bobula kei na veivakabobulataki ena kena mataqali kece sara.</para>
   </article>
   <article number="5">
      <title>Tikina e 5.</title>
      <para>Me kua ni dua e vakararawataki, se vakacacani, me caka vua se totogitaki ena itovo e sega ni vakatamata, e veivakalolomataki.</para>
   </article>
   <article number="6">
      <title>Tikina e 6.</title>
      <para>Na tamata kece e dodonu me raici vakatautauvata ena liga ni lawa.</para>
   </article>
   <article number="7">
      <title>Tikina e 7.</title>
      <para>E tautauvata kece na tamata ena liga ni lawa, mera taqomaki kece tale ga ena lawa, me kua ni dua me vakaduiduitaki. Na tamata kece e sega ni dodonu me  vakaduiduitaki ena vuku ni dua na tiki ni Lawa oqo se me uqeti me vakaduiduitaki.</para>
   </article>
   <article number="8">
      <title>Tikina e 8.</title>
      <para>E nodra dodonu na tamata kece me rogoci vinaka na nodra kisi ena dua na mataveilewai cicivaki vinaka ena nona matanitu kevaka e beci na nona dodonu e maroroi tu ena lawatu se ena lawa.</para>
   </article>
   <article number="9">
      <title>Tikina e 9.</title>
      <para>Me kua ni dua e vesu, qaqauraki, se me lesavi vakailoa</para>
   </article>
   <article number="10">
      <title>Tikina e 10.</title>
      <para>E dodonu ni tamata kece me rogoci vakatautauvata, vakadodonu, ena mataveilewai e tu vakataki koya qai sega ni veitovaki me macala kina na nonu dodonu kei na ka me cakava ena cala e beitaki kina.</para>
   </article>
   <article number="11">
      <title>Tikina e 11.</title>
      <orderedlist>
         <listitem>
            <para>E dodonu ni tamata kece e beitaki ena dua ena cala me nanumi ni sega. ni cala me yacova ni sa qai vakacalai dina ena lawa ena veilewai a vakatarai kina me valataka na nona kisi.</para>
         </listitem>
         <listitem>
            <para>Me kua ni dua e beitaki ena cala ena vuku ni ka e cakava se sega ni cakava kevaka e sega ni wili me cala ena lawa ni vanua se lawa ni vuravura ena gauna se cala kina, me kua tale ga ni tau vua na itotogi bibi cake mai na itotogi se vakamuri tiko ena gauna e cala kina.</para>
         </listitem>
      </orderedlist>
   </article>
   <article number="12">
      <title>Tikina e 12.</title>
      <para>Me kua ni dua e vakasaurarataki me baleta na nona bula, vuvale, itikotiko, se  ivola, se me beci o koya kei na kena irogorogo. E dodonu ni tamata kece me taqomaki ena lawa mai na cakacaka se veivakacacani vaka oqo.</para>
   </article>
   <article number="13">
      <title>Tikina e 13.</title>
      <orderedlist>
         <listitem>
            <para>E dodonu ni tamata kece me veitosoyaki qai vakaitikotiko ena loma ni nona vanua.</para>
         </listitem>
         <listitem>
            <para>E dodonu ni tamata kece me biuta na vanua cava ga, wili kina na nona vanua, se me lesu i nona vanua dina.</para>
         </listitem>
      </orderedlist>
   </article>
   <article number="14">
      <title>Tikina e 14.</title>
      <orderedlist>
         <listitem>
            <para>E dodonu ni tamata kece me saga qai marautaka nona kerea me bula ena dua na vanua me kua kina ni vakatotogani.</para>
         </listitem>
         <listitem>
            <para>Me kua ni vakayagataki na dodonu oqo kevaka e vakacacani ena vuku ni basulawa e sega ni yavutaki vakapolitiki se ena vuku ni cakacaka e veicalati kei na inaki kei na vakasama ni Matabose Levu kei Vuravura.</para>
         </listitem>
      </orderedlist>
   </article>
   <article number="15">
      <title>Tikina e 15.</title>
      <orderedlist>
         <listitem>
            <para>E dodonu ni tamata kece me lewe ni dua na vanua.</para>
         </listitem>
         <listitem>
            <para>Me kua ni dua e vakasaurarataki me kua ni tiko ena nona vanua se me veisautaka na vanua e sa volai kina.</para>
         </listitem>
      </orderedlist>
   </article>
   <article number="16">
      <title>Tikina e 16.</title>
      <orderedlist>
         <listitem>
            <para>E dodonu ni tagane kei na yalewa sa tamatabula, veitalia na nodra kawa, vanua se lotu, mera vakamau ra qai tauyavutaka nodra vuvale. E dodonu me tautauvata tiko ga na nodra dodonu nira vakamau, ni vakamau oti kei na gauna ni sere.</para>
         </listitem>
         <listitem>
            <para>Me rau qai vakamau ga e lewe rua ke rau vinakata rau qai vakadonuya ruarua.</para>
         </listitem>
         <listitem>
            <para>E yavu dina qai yavu dodonu ga ni bula vakaitikotiko na vuvale, sa dodonu kina me taqomaka na vuvale na vanua kei na matanitu.</para>
         </listitem>
      </orderedlist>
   </article>
   <article number="17">
      <title>Tikina e 17.</title>
      <orderedlist>
         <listitem>
            <para>E dodonu ni tamata kece me taukena na iyau, me nona ga se taukena vata kei na so tale.</para>
         </listitem>
         <listitem>
            <para>Me kua ni dua e kovei vua na nona iyau.</para>
         </listitem>
      </orderedlist>
   </article>
   <article number="18">
      <title>Tikina e 18.</title>
      <para>E nona dodonu na tamata kece na galala ni vakasama, lewaeloma kei na lotu; e okati ena dodonu oqo na galala me veisautaka na nona lotu se vakabauta, kei na galala me vakaraitaka na nona lotu se vakabauta ena nona veivakavulici, vakaitovotaka, sokalou qai vakamuria, se cakava duadua sc cakava vata kei ira tale e so, ena matanalevu se cakava vakataki koya.</para>
   </article>
   <article number="19">
      <title>Tikina e 19.</title>
      <para>E dodonu ni tamata kece na galala me vakamacala se soli vakasama; wili ena dodonu oqo na galala me tukuna nona nanuma qai sega ni vakacacani. Me vakasaqara tale ga, ciqoma, tukuna na itukutuku kei na vakasama ena tabana ni itukutuku cava se vanua cava ga e tiko kina.</para>
   </article>
   <article number="20">
      <title>Tikina e 20.</title>
      <orderedlist>
         <listitem>
            <para>E dodonu ni tamata kece na galala me soqovata qai veimaliwai ena vakacegu.</para>
         </listitem>
         <listitem>
            <para>Me kua ni vakasaurarataki e dua me lewe ni dua na isoqosoqo.</para>
         </listitem>
      </orderedlist>
   </article>
   <article number="21">
      <title>Tikina e 21.</title>
      <orderedlist>
         <listitem>
            <para>E dodonu ni tamata kece me vakaitavi ena matanitu ni nona vanua, se vakaitavi sara ga kina se ena vukudra na mata a digitaka ena galala.</para>
         </listitem>
         <listitem>
            <para>E dodonu ni tamata kece me vakayagataka vakatautauvata na veiqaravi ni matanitu.</para>
         </listitem>
         <listitem>
            <para>Na lewa ni matanitu me yavutaki ena nodra lewa na lewenivanua; e tau na nodra lewa ena veidigidigi me dau caka vagauna, vakadodonu tale ga. Me dolavi raraba qai vakatautauvata na veidigidigi ena nodra digidigi lo se dua na ivakarau ni digidigi vaka oya ena galala.</para>
         </listitem>
      </orderedlist>
   </article>
   <article number="22">
      <title>Tikina e 22.</title>
      <para>Na tamata kece, ni lewe ni dua na itikotiko, e nodra dodonu me taqomaki ena vanua e tiko kina, me soli tale ga vei ira, ena sasaga ni nodra matanitu se ena nodra veitokoni na veimatanitu me salavata kei na ituvatuva kei na iyau ni matanitu yadua, na nodra dodonu vakailavo, vakaitikotiko, vakavanua. E bibi na dodonu oqo ena vuku ni nodra dokai kei na vakavinakataki ni nodra itovo.</para>
   </article>
   <article number="23">
      <title>Tikina e 23.</title>
      <orderedlist>
         <listitem>
            <para>E dodonu ni tamata kece me cakacaka, me lewa nona cakacaka, me vinaka qai caka vakadodonu na kena isau kei na ivakarau ni cakacaka, me taqomaki tale ga mai na sega ni cakacaka.</para>
         </listitem>
         <listitem>
            <para>E dodonu ni tamata kece me saumi vakadodonu ena cakacaka e cakava, me kua na veivakaduiduitaki.</para>
         </listitem>
         <listitem>
            <para>E dodonu ni tamata kece e cakacaka me dodonu qai vinaka na kena isau me ratou bula vinaka kina, me dokai tale ga kina o koya kei na nonu vuvale, me qai tokoni, ke gadrevi, ena sala ni veivuke rale e so</para>
         </listitem>
         <listitem>
            <para>E dodonu ni tamata kece me vakaduria se lewena na unioni me taqomaki kina.</para>
         </listitem>
      </orderedlist>
   </article>
   <article number="24">
      <title>Tikina e 24.</title>
      <para>E dodonu ni tamata kece me vakacegu, me gade me veirauti tale ga nona gauna ni cakacaka qai saumi ena nona gauna ni gade vakayabaki.</para>
   </article>
   <article number="25">
      <title>Tikina e 25.</title>
      <orderedlist>
         <listitem>
            <para>E dodonu ni tamata kece me vinaka na nona ivakarau ni bula me bula kina o koya kei na nona vuvale, bau kina na kakana, isulu, vale, veiqaravi vakavuniwai kei na ka ni veivuke tale vaka oya, na dodonu tale ga me vukei ke sega nona cakacaka, tauvimate, vakaleqai na yagona, mate o watina, qase, se dua tale na leqa e sega ni cakava rawa kina e dua na ka.</para>
         </listitem>
         <listitem>
            <para>E dodonu mera qaravi vinaka ra qai vukei na tina kei na luvedra. Se sucu na gone ena loma ni vakamau se sega, e dodonu mera na vukei tiko ga vakatautauvata.</para>
         </listitem>
      </orderedlist>
   </article>
   <article number="26">
      <title>Tikina e 26.</title>
      <orderedlist>
         <listitem>
            <para>E dodonu ni tamata kece me vuli. Me kua ni saumi na vuli, vakabibi mada ga ena paraimari, ena cala tale ga ke ra sega ni vuli no gone era tiko ena yabaki ni bula ni paraimari. Me na tiko vakarawarawa na vulitara kei na vulitorocake. Me na dola tale ga na vulitorocake vei ira kece era yacova.</para>
         </listitem>
         <listitem>
            <para>Me vagolei na vuli ena kena bucini na itovo vinaka kece, me vaqaqacotaki tale ga na dokai ni dodonu ni lewenivanua kei na galala yadua. Me vakabulabulataka na vuli na veikilai, veivosovosoti kei na veiwekani vakamatanitu, vakamatatamata, se vakamatalotu, me qai vamuria na cakacaka ni tiko veisaututaki ni Matabose Levu kei Vuravura</para>
         </listitem>
         <listitem>
            <para>E nodra dodonu na itubutubu mera digia na vuli mera vuli kina na luvedra.</para>
         </listitem>
      </orderedlist>
   </article>
   <article number="27">
      <title>Tikina e 27.</title>
      <orderedlist>
         <listitem>
            <para>E dodonu ni tamata kece me vakaitavi kevaka e vinakata ena itovo ni bula ni nona vanua, me marautaka na droini, ivakatagi kei na veika vaka oya, me vakaitavi tale ga ena sasaga vakasaenisi, me vakila tale ga na kena yaga.</para>
         </listitem>
         <listitem>
            <para>E dodonu ni tamata kece me taqomaki na yacana kei na ka e cakava ena saenisi, volavola, se droini.</para>
         </listitem>
      </orderedlist>
   </article>
   <article number="28">
      <title>Tikina e 28.</title>
      <para>E dodonu ni tamata kece me lewe ni itikotiko e tuvanaki maqosa ena nona vanua se vanua tani me muri kina vakavinaka na dodonu kei na galala e virikotori ena Lawa oqo.</para>
   </article>
   <article number="29">
      <title>Tikina e 29.</title>
      <orderedlist>
         <listitem>
            <para>Na tamata kece e tiko na nona itavi ina nona itikotiko me vakavinakataka kina na nona itovo.</para>
         </listitem>
         <listitem>
            <para>Ni muria e dua na nona dodonu kei na nona galala, me na yalani kece vakatautauvata ena lawa, ni kilai qai dokai tale ga na nodra dodonu kei na galala tale na so, kei na kena vinakati me muri na itovo e vinaka, na itovo e yaga raraba, me tiko vinaka kina na noda itikotiko vakademokarasi.</para>
         </listitem>
         <listitem>
            <para>[?]</para>
         </listitem>
      </orderedlist>
   </article>
   <article number="30">
      <title>Tikina e 30.</title>
      <para>Me kua ni vakadewa e dua na ka ena Lawa Raraba oqo me nanuma kina e dua na Matanitu, ilawalawa, se tamata ni solia na dodonu me vakaitavi se cakava e dua na ka me vakaleqa kina na dodonu kei na galala era virikotori e ke.</para>
   </article>
</udhr>