<?xml version="1.0" encoding="UTF-8"?>

<!-- © The Office of the High Commisioner for Human Rights -->

<udhr iso639-3='tca' xml:lang='tca' key='tca' n='Ticuna' dir='ltr' iso15924='Latn' xmlns="http://www.unhchr.ch/udhr">
  <title>[Missing]</title>
  <preamble>
    <title>PREAMBULO</title>
    <para>Nüxü̃ tacua̱xgü rü guxü̃ma ĩ duü̃xü̃gü rü nawüxigu i Tupanape̱xewa rü tataxuma ya texé i togüarü yexera ixĩxẽ. Rü name nixĩ na nataãẽgüxü̃ ĩ guxü̃ma ĩ duü̃xü̃gü. Rü ngẽmaca̱x tama tanaxwa̱xe i texé nüxü̃ tarüporamaẽ ĩ togü i duü̃xü̃gü rü e̱xna chixri namaã tachopetü.</para>
    <para>Nüxü̃ tacua̱xgü rü ñuxguacü rü togü i ãẽ̱xgacügü rü chixri nüxna nadau i norü duü̃xü̃gü rü chixri namaã nachopetü. Rü wüxi i taxü̃ ĩ chixexü̃ nixĩ ĩ ngẽma ĩ guxü̃ ĩ duü̃xü̃güpe̱xewa. Rü ñu̱xma tanaxwa̱xe i guxü̃ ĩ duü̃xü̃gü i guxü̃ ĩ naãnewa rü meã namaxẽ. Rü tama name na texé nachu̱xuxü̃ ĩ ngẽma nüxü̃ yaxuxchaü̃xü̃ ĩ duü̃xü̃gü. Rü tama name na texé nachu̱xuxü̃ ĩ ngẽma nüxü̃́ yaxõgüaxü̃ ĩ duü̃xü̃gü. Rü tama name ĩ togüxü̃ na namuü̃ẽxü̃ ĩ duü̃xü̃gü.</para>
    <para>Rü tanaxümatügü i ñaã oregü erü tanaxwa̱xe i ãẽ̱xgacügü meã nüxna nadaugüxü̃ ĩ norü duü̃xü̃gü. Erü tama tanaxwa̱xe i yixcüra ṯacü rü chixexü̃ca̱x norü ãẽ̱xgacümaã nanuẽ ĩ duü̃xü̃gü rü namaã nügü nadai.</para>
    <para>Tama name ĩ wüxi i nachiü̃ãne rü to i nachiü̃ãnemaã nügü na naḏaixü.</para>
    <para>Poperawa tanaxümatügü rü guxü̃ma ĩ nachiü̃ãnecü̃͟ãxgü i duü̃xü̃gü rü nawüxigu i Tupanape̱xewa rü tataxuma ya texé ta togüarü yexera ixĩxẽ. Rü yatügü rü ngexügü rü nawüxigu, rü wüxichigü rü name. Rü name nixĩ na naxãxchiruxü̃ ĩ guxü̃ ĩ duü̃xü̃gü rü name nixĩ na naxãwemüxü̃. Rü name nixĩ ĩ meã nügümaã na namaxẽxü̃ ĩ duü̃xü̃gü rü tama nügü na naḏaixü̃.</para>
    <para>Rü guxãma ĩ yixemagü i ngutaque̱xegüxü̃ rü tapuracüechaü̃ na nüxü̃ nangü̃xẽẽgüxü̃ca̱x i guxü̃ma ĩ duü̃xü̃gü na aixcüma meã namaxẽxü̃ca̱x rü nataãẽgüxü̃ca̱x.</para>
    <para>Rü ñu̱xma tanaxwa̱xe i guxü̃ma ĩ duü̃xü̃gü nüxü̃ nacua̱xgü i ngẽma uneta. Rü ngẽmaca̱x name nixĩ na meã naxümatügüxü̃ na nüxü̃ nacua̱xgüxü̃ca̱x i guxü̃ma ĩ duü̃xü̃gü.</para>
    <para>GUXÃMA Ĩ YIXEMA Ĩ GUXÜ Ĩ NACHIÜ̃ÃNEWA NE ĨXẼ</para>
    <para>Rü nüxü̃ tixu rü ñatarügügü:</para>
    <para>Rü nangẽxma ĩ maxü̃ ĩ mexü̃ ĩ guxü̃ ĩ duü̃xü̃güca̱x ixĩxü̃, rü taxucürüwa i texé tanachu̱xu i ngẽma. Rü tanaxwa̱xegü i guxü̃ ĩ nachiü̃ãnecü̃͟ãx i duü̃xü̃gü nüxü̃ nacua̱xgü i ngẽmachiga. Rü ngẽmaca̱x rü name nixĩ na guxü̃wama duü̃xü̃gü nanagúexẽẽgüxü̃ ĩ ngẽmachiga, na guxüma ĩ duü̃xü̃gü nüxü̃ nacua̱xgüxü̃ca̱x.</para>
  </preamble>

  <article number="1">
    <title>ARTICULO 1.</title>
    <para>Ngẽxguma nabuxgu i duü̃xü̃gü rü guxü̃ma nawüxigu, rü tataxuma ya texé ya togüarü yexera ixĩsẽ. Rü guxü̃ma naxããẽgü rü ngẽmaca̱x rü name nixĩ na nügümaã namecümaxü̃ ĩ guxü̃ma ĩ duü̃xü̃gü.</para>
  </article>

  <article number="2">
    <title>ARTICULO 2.</title>
    <para>Rü name nixĩ na wüxichigü i duü̃xü̃ meã namaxü̃xü̃ ngẽxgumarüü̃ i ñaã popera nüxü̃ ixuxürüü̃. Rü taxucürüwa i texé tanachu̱xu i ngẽma. Rü nüẽ́ta i ngexta nabuxgu i wüxi i duü̃xü̃, rü e̱xna ṯacũ rü duü̃xü̃ yixĩxgu. Rü nüẽ́ta ega yatü yixĩxgu rü e̱xna ngexü̃ yixĩxgu. Rü nüẽ́ta i ṯacü i nagawa yadexaxgu rü e̱xna ñuxãcü Tupanaãxü̃́ yaxõõgu. Rü nüẽ́ta ega ṯacü rü ãẽ̱xgacütanüxü̃ yixĩxgu rü e̱xna ṯacügu naxĩnügu. Rü nüẽ́ta ega namuãrü dĩẽruã̱xgu rü e̱xna tama. Erü guxü̃ ĩ duü̃xü̃güca̱x nixĩ ĩ ñaã maxü̃ ĩ mexü̃.</para>
    <para>Rü nüẽ́ta ega ṯacü rü nachiü̃ãnecü̃͟ãx yixĩxgu i wüxi i duü̃xü̃, erü guxü ĩ nachiü̃͟ãx i duü̃xü̃güca̱x nixĩ ĩ ñaã maxü ĩ mexü̃.</para>
  </article>

  <article number="3">
    <title>ARTICULO 3.</title>
    <para>Rü ngẽxguma tama ṯacü rü chixexü̃ naxü̱xgu i wüxi i duü̃xü̃ rü taxucürüwa wüxi i ãẽ̱xgacü nüxna nanachu̱xu i ṯacü i mexü̃ ĩ nagu naxĩnüxü̃ rü taxucürüwa naxãũxũneãcü̃ rü e̱xna napoxcuaxü̃ rü e̱xna yamáãxü̃.</para>
  </article>

  <article number="4">
    <title>ARTICULO 4.</title>
    <para>Rü ngẽxguma togüãxü̃́ napuracügu i wüxi i duü̃xü̃ name nixĩ na nayauxãxü̃ ĩ natanü. Rü tama name na ngetanüãcüma na napuracüxẽẽãcü̃.</para>
  </article>

  <article number="5">
    <title>ARTICULO 5.</title>
    <para>Rü tama name na wüxi i ãẽ̱xgacü nüxna na nac̱uaixcaxü̃ ĩ wüxi i duü̃xü̃ rü e̱xna chixri namaã naxüpetü wüxi i airurürü̃.</para>
  </article>

  <article number="6">
    <title>ARTICULO 6.</title>
    <para>Rü marü name na ãẽ̱xgacüpe̱xewa na nanguxü̃ ĩ ngexü̃rüxü̃ ĩ duü̃xü̃ na norü guxchaxü̃ yaxuxü̃ca̱x na namexẽẽãxü̃ca̱x.</para>
  </article>

  <article number="7">
    <title>ARTICULO 7.</title>
    <para>Rü ãẽ̱xgacüpe̱xewa rü guxü̃ma ĩ duü̃xü̃gü rü nawüxigu. Rü name nixĩ ĩ ãẽ̱xgacü na nüxü̃ rüngü̃xẽẽxü̃ ĩ guxü̃ma. Rü tama name na chixexü̃ namaã naxüxü̃ ĩ wüxi, rü nüxü̃ na nangü̃xẽẽxü̃ ĩ to, erü guxü̃ma ĩ duü̃xü̃gü rü nawüxigu.</para>
  </article>

  <article number="8">
    <title>ARTICULO 8.</title>
    <para>Rü ngẽxguma texé ṯacü rü chixexü̃ wüxi i duü̃xü̃maã taxü̱xgu rü name nixĩ na ãẽ̱xgacüpe̱xewa na naxüxü̃ ĩ ngẽma duü̃xü̃. Rü marü name na ãẽ̱xgacümaã nüxü̃ na yaxuxü̃ na ãẽ̱xgacü namexẽẽxü̃ca̱x i ngẽma.</para>
  </article>

  <article number="9">
    <title>ARTICULO 9.</title>
    <para>Rü ngẽxguma tama ṯacü rü chixexü̃ naxü̱xgu i wüxi i duü̃xü̃ rü taxucürüwa wüxi i ãẽ̱xgacü nanapoxcu. Rü taxucürüwa norü nachiü̃ãnewa ínanata̱xüchi.</para>
  </article>

  <article number="10">
    <title>ARTICULO 10.</title>
    <para>Rü ngẽxguma wüxi i duü̃xü̃ to i duü̃xü̃xü̃ ixuãxü̃gu rü taxucürüwa ãẽ̱xgacü nanapoxcu ega tama meã nüxna nacaxiragu i ngẽmachiga.</para>
  </article>

  <article number="11">
    <title>ARTICULO 11.</title>
    <orderedlist>
      <listitem>
        <para>Rü ngẽxguma wüxi i duü̃xü̃ to i duü̃xü̃xü̃ ínaxuãxü̃gu rü taxucürüwa i ãẽ̱xgacü nüxü̃ nixu na aixcüma wüxi i chixexü̃ na naxüxü̃ ega tama meã nüxna nacaxiragu i noxrix.</para>
      </listitem>
      <listitem>
        <para>Rü ngẽxguma tama ãẽ̱xgacü nachu̱xuxgu i noxrix, rü taxucürüwa i yixcüra rü wüxi i duü̃xü̃ napoxcu naxca̱x i ngẽma. Rü taxucürüwa poraãcü nanapoxcu ega tama nataxgu i ngẽma chixexü̃ ĩ naxüxü̃ ĩ wüxi i duü̃xü̃.</para>
      </listitem>
    </orderedlist>
  </article>

  <article number="12">
    <title>ARTICULO 12.</title>
    <para>Rü ngẽxguma ṯacü rü chixexü̃ naxü̱xgu i wüxi i duü̃xü̃ rü taxucürüwa i ãẽ̱xgacü nanapoxcu i naxma̱x rü e̱xna naxãcügü naxca̱x i ngẽma. Rü taxucürüwa ãẽ̱xgacü ngẽma duü̃xü̃patagu naxücu rü e̱xna ngẽma duü̃xü̃ãrü carta niwãxna. Rü taxucürüwa ãẽ̱xgacü nüxü̃ nixu i ṯacü i ore i chixexü̃ ĩ ngẽma duü̃xü̃chiga, erü nachu̱xu i ngẽma.</para>
  </article>

  <article number="13">
    <title>ARTICULO 13.</title>
    <orderedlist>
      <listitem>
        <para>Rü ngẽxguma chi ngextá naxũxchaü̃gu wüxi i duü̃xü̃ ĩ nachiü̃ãnewatama rü taxucürüwa ãẽ̱xgacü nanachu̱xu i ngẽma.</para>
      </listitem>
      <listitem>
        <para>Rü ngẽxguma chi to i nachiü̃ãnewa naxũxchaü̃gu rü taxucürüwa ãẽ̱xgacü nanachu̱xu i ngẽma. Rü taxucürüwa nanachu̱xu na nataeguxü̃.</para>
      </listitem>
    </orderedlist>
  </article>

  <article number="14">
    <title>ARTICULO 14.</title>
    <orderedlist>
      <listitem>
        <para>Rü ngẽxguma wüxi i ãẽ̱xgacü chixexü namaã üxchaü̃gu i wüxi i duü̃xü̃ rü marü name na ngẽma ãẽ̱xgacücha̱xwa yaxũxü̃ rü to i nachiü̃ãnewa naxũxü̃.</para>
      </listitem>
      <listitem>
        <para>Natürü ngẽxguma aixcũma wüxi i chixexü̃ naxü̱xgu i ngẽma duü̃xü̃ rü marü name ĩ ãẽ̱xgacü nanataeguxẽẽ na napoxcuãxü̃ca̱x.</para>
      </listitem>
    </orderedlist>
  </article>

  <article number="15">
    <title>ARTICULO 15.</title>
    <orderedlist>
      <listitem>
        <para>Marü name na wüxichigü i duü̃xü̃ãxü̃́ na nangẽxmaxü̃ ĩ norü bupane rü nachiü̃ãne.</para>
      </listitem>
      <listitem>
        <para>Taxucürüwa wüxi i ãẽ̱xgacü nanapu i wüxi i duü̃xü̃arü bupane. Natürü ngẽxguma nanaxwa̱xegu i wüxi i duü̃xü̃ rü marü name na nüxna na yaxũxü̃ ĩ ngẽma nachiü̃ãne na to i nachiü̃ãnewa naxũxü̃ca̱x na ngẽ́maxü̃͟ãx yixĩxü̃ca̱x.</para>
      </listitem>
    </orderedlist>
  </article>

  <article number="16">
    <title>ARTICULO 16.</title>
    <orderedlist>
      <listitem>
        <para>Ngẽxguma nayaxgu i yatü rü marü name na naxãmaxü̃. Rü ngẽxgumarüü̃ ĩ ngexü̃gü rü ngẽxguma nayaxgu rü marü name na naxãtexü̃. Rü nüẽ́ta ega ṯacü rü duü̃xü̃ yixĩxgu i nümagü rü e̱xna ṯacü rü nachiü̃ãnegü̃͟ãx yixĩxgu rü e̱xna ṯacü rü machiü̃ãnecü̃͟ã yixĩxgu rü e̱xna ñuxãcü Tupanaãxü̃́ yaxõãgu. Rü taxucürüwa texé nüxna tanachu̱xu i ngẽma na naxãmaxü̃ rü e̱xna naxãtéxü̃ rü e̱xna naxãxãcüxü̃. Rü ngẽma yatü rü ngẽma ngexü̃ rü nawüxigumare.</para>
      </listitem>
      <listitem>
        <para>Rü ngẽxguma tama naxãtechaü̃gu i wüxi i ngexü̃ rü taxucürüwa texé tanamu na naxãtéxü̃ca̱x. Tü ngẽxgumarüü̃ ĩ yatüxü̃ rü ngẽxguma tama naxãmaxchaü̃gu rü taxucürüwa texé tanamu na naxãmaxü̃ca̱x.</para>
      </listitem>
      <listitem>
        <para>Rü marü name na naxãmaxü̃ rü naxãtéxü̃ rü naxãxãcüxü̃ ĩ duü̃xü̃gü. Rü name nixĩ na ãẽ̱xgacü rü ngẽma duü̃xü̃güxü̃ inapoxü̃xü̃ rü nüxna na nadauxü̃.</para>
      </listitem>
    </orderedlist>
  </article>

  <article number="17">
    <title>ARTICULO 17.</title>
    <orderedlist>
      <listitem>
        <para>Rü marü name na wüxichigü i duü̃xü̃ rü nüxü̃́ nangẽxmaxü̃ ya napata rü norü naãne rü norü ngẽmaxü̃gü. Rü ngẽxguma chi to i duü̃xuü̃maã yatoyechãü̃ãgu i norü ngẽmaxü̃gü gü marü name na yatoyẽxü̃.</para>
      </listitem>
      <listitem>
        <para>Rü taxucürüwa texé wüxi i duü̃xü̃na tanapu i norü ngẽmaxü̃gü rü napata rü e̱xna ṯacü i to i nüxü̃́ ngẽxmaxü̃.</para>
      </listitem>
    </orderedlist>
  </article>

  <article number="18">
    <title>ARTICULO 18.</title>
    <para>Rü wüxichigü i duü̃xü̃ rü marü name na nüma nanaxwa̱xexü̃ãxüma nagu na naxĩnüxü̃ e̱xna Tupanaãxü̃́ na yaxõõxü̃. Natürü ngẽxguma toãcüma nagu naxĩnüchaü̃gu rü e̱xna toãcüma Tupanaãxü̃́ yaxõxchaü̃ãgu rü taxucürüwa texé nüxna tanachu̱xu i ngẽma. Rü ngẽxguma togümaã nüxü̃ yaxuxchaü̃gu i ngẽma nagu naxĩnüxü̃ rü e̱xna yaxõxü̃ rü ngẽma rü ta rü name. Rü ngẽxguma nüxĩcatama Tupanaãxü̃́ yaxõxchaü̃ãgu rü ngẽma rü name. Natürü ngẽxguma togümaã nangutaque̱xechaü̃gu na Tupanaxü̃ yacua̱xüxü̃güxü̃ca̱x rü ngẽma rü ta name rü taxucürüwa texé tanachuxu i ngẽma.</para>
  </article>

  <article number="19">
    <title>ARTICULO 19.</title>
    <para>Rü wüxichigü i duü̃xü̃ rü marü name na nüma nanaxwa̱xexü̃ãcüma nagu na naxĩnüxü̃ rü taxucüma texé nüxna tanachu̱xu i ngẽma. Rü taxuacüma texé tanapoxcu naxca̱x i ngẽma nagu naxĩnüxü̃. Rü taxucürüwa texé tanachu̱xu na togümaã nüxü̃ na tixuxü̃ ĩ ngẽma nagu tarüxĩnüxü̃.</para>
  </article>

  <article number="20">
    <title>ARTICULO 20.</title>
    <orderedlist>
      <listitem>
        <para>Rü ngẽxguma nangutaque̱xechaü̃gu i wüxi i duü̃xü̃ rü taxucürüwa texé nüxna tanachu̱xu i ngẽma ngutaque̱xe.</para>
      </listitem>
      <listitem>
        <para>Taxúema nüxna tanachu̱xu i wüxi i duü̃xü̃ ega tama nanaxwa̱xegu na wüxi i ngutaque̱xetanüxü̃ nügü yaxĩxẽẽxü̃.</para>
      </listitem>
    </orderedlist>
  </article>

  <article number="21">
    <title>ARTICULO 21.</title>
    <orderedlist>
      <listitem>
        <para>Rü ngẽma na ãẽ̱xgacüxü̃ yangucuchixẽẽxü̃ ĩ wüxi i duü̃xü̃ rü guxü̃ ĩ duü̃xü̃güme̱xẽwa nangẽxma ĩ ngẽma.</para>
      </listitem>
      <listitem>
        <para>Rü name nixĩ na ãẽ̱xgacü nüxü̃ rüngü̃xẽẽxü̃ ĩ guxü̃ma ĩ ngẽma duü̃xü̃gü i naxme̱xwa ngẽxmagüxü̃.</para>
      </listitem>
      <listitem>
        <para>Rü name nixĩ na nangutaque̱xegüxü̃ ĩ duü̃xü̃gü na meã nüxü̃ naxunetaxü̃ca̱x i norü ãẽ̱xgacügü. Rü name nixĩ na wüxichigü nuxü̃ naxunetaxü̃ ĩ na ngexü̃rüüxü̃ ĩ ãẽ̱xgacü nanaxwa̱xegüxü̃.</para>
      </listitem>
    </orderedlist>
  </article>

  <article number="22">
    <title>ARTICULO 22.</title>
    <para>Rü name nixĩ na ãẽ̱xgacü nuxü̃ rüngü̃xẽẽxü̃ ĩ guxü̃ma ĩ norü duü̃xü̃gü na meã namaxẽxü̃ca̱x rü taxuma tacü rü chixexü̃ namaã naxügüxü̃ca̱x i ngẽma norü duü̃xü̃gü.</para>
  </article>

  <article number="23">
    <title>ARTICULO 23.</title>
    <orderedlist>
      <listitem>
        <para>Rü name nixĩ na wüxichigü i duü̃xü̃ nüxü̃́ na nangẽxmaxü̃ ĩ norü puracü. Rü taxucürüwa texé nüxna tanachu̱xu na napuracüxü̃ nawa i ngẽma norü puracü i nüma nanaxwa̱xexü̃. Rü taxucürüwa texé tanamu nawa i wüxi i puracü i tama nüma nanaxwa̱xexü̃.</para>
      </listitem>
      <listitem>
        <para>Rü name nixĩ na wüxichigü i duü̃xü̃ fü nayauxãxü̃ ĩ natanü naxca̱x i norü puracü. Rü ngẽxguma ñuxre i duü̃xü̃gü napuracüegu i wüxi i puracüwa, rü ngẽxguma nawüxiguxgu i ngẽma norü puracüwa, rü name nixĩ na nawüxiguxü̃ ĩ natanü ĩ ngẽma puracüca̱x nayauxgüxü̃.</para>
      </listitem>
      <listitem>
        <para>Rü ngẽxguma wüxi i duü̃xü̃ rü to i duü̃xü̃na naxããgu i wüxi i puracü rü name nixĩ na meã nüxü̃́ na naxütanüãxü̃. Erü name nixĩ na wüxichigü meã nayaxuxü̃ ĩ natanü na ngẽmamaã meã nüxna na nadauxü̃ca̱x i ngẽma naxma̱x rü naxãcügü.</para>
      </listitem>
      <listitem>
        <para>Rü ngẽxguma ñuxre i puracütanüxü̃gü wüxigu puracüchaü̃gu na meã nüxü̃́ naxütanügüãxü̃ca̱x rü taxucürüwa texé tanachu̱xu nüxna ĩ ngẽma.</para>
      </listitem>
    </orderedlist>
  </article>

  <article number="24">
    <title>ARTICULO 24.</title>
    <para>Rü guxü̃ma ĩ duü̃xü̃gü rü name na nangü̃güxü̃ ĩ ñuxguacü na tama guxü̃guma napuracüexü̃ca̱x. Rü ngẽxguma wüxi ya taunecü wüxi i corixü̃tawa napuracügu i wüxi i duü̃xü̃ rü name nixĩ na ngẽma cori nüxna na nxãxü̃ ĩ ñuxre i ngunexü̃ na nan͟gü̃xü̃ca̱x. Rü name nixĩ na ngẽma ngunexü̃gü i nagu nan͟gü̃xü̃ ĩ ngẽma cori nüxü̃́ na naxütanüxü̃ naxc̱ax i ngẽma ngunexü̃gü i nagu naṉgü̃xü̃ ĩ ngẽma norü duü̃xü̃.</para>
  </article>

  <article number="25">
    <title>ARTICULO 25.</title>
    <orderedlist>
      <listitem>
        <para>Rü name nixĩ na meã namaxü̃xü̃ ĩ wüxichigü i duü̃xü̃ na tama yaḏaawexü̃ca̱x i nüma rü naxma̱x rü e̱xna naxãpataxü̃ ĩ wüxichigü i duü̃xü̃. Rü ngẽxguma yaḏaawexgu rü name nixĩ na nangẽxmaxü̃ ĩ norü duturu. Rü ngẽxguma taxuacüma norü puracüxü̃ iyangauxgu i wüxi i duü̃xü̃ rü name nixĩ na ãẽ̱xgacü nüxü̃ rüngü̃xẽẽxü̃. Rü ngẽxguma nayutegu rü e̱xna poraãcü nayaxgu i wüxi i duü̃xü̃ rü nüxü̃́ natauxgu i ngẽma norü ngü̃xẽẽruü̃, rü name nixĩ na ãẽ̱xgacü nüxü̃ rüngü̃xẽẽxü̃.</para>
      </listitem>
      <listitem>
        <para>Rü name nixĩ na ãẽ̱xgacü nüxü̃ rüngü̃xẽẽxü̃ ĩ ngẽma ngexü̃gü i ãxãxügüxü̃. Rü ngẽxgumarüü̃ ta name nixĩ na ãẽ̱xgacü nüxü̃ rüngü̃xẽẽxü̃ ĩ guxü̃ma ĩ buxü̃gü woo naxãnatügu rü e̱xna nangenatügu.</para>
      </listitem>
    </orderedlist>
  </article>

  <article number="26">
    <title>ARTICULO 26.</title>
    <orderedlist>
      <listitem>
        <para>Rü name nixĩ na poperaxü̃ nacua̱xgüxü̃ ĩ guxü̃ma ĩ duü̃xü̃gü. Rü tama name na buxügü naxütanügüxü̃ naxca̱x i ngẽma na nangúexü̃. Rü name nixĩ na guxü̃ma ĩ papagü rü norü buxü̃güxü̃ namuxü̃ na nangúexü̃ca̱x. Rü ngẽxguma secundáriawa rü e̱xna institútowa rü e̱xna universidáwa naxũxchaü̃gu i wüxi i naxãcü rü name nixĩ na ngẽ́ma naxũxü̃ ega chi aixcüma mexü̃ ĩ buxü̃ ĩ ngúxwa̱xexü̃ yixĩxgu.</para>
      </listitem>
      <listitem>
        <para>Rü ngẽma buxü̃güarü profesórgü rü name nixĩ na meãma nangúexẽẽãxü̃ ĩ buxü̃gü na meã guxü̃ ĩ duü̃xü̃gumaã namaxẽxü̃. Rü taxúena nachúxaxü̃ca̱x na nügü nangechaü̃güxü̃ ĩ wüxichigü i nachiü̃ãne rü e̱xna duü̃xü̃gü i to i nagawa idexagüxü̃maã rü e̱xna nüxü̃́ yaxõõxü̃ na ngẽmaãxü nataãẽgüxü̃ca̱x.</para>
      </listitem>
      <listitem>
        <para>Rü ngẽxguma wüxi i papa rü wüxi ya escuela ya mexü̃newa namuxchaü̃ãgu i norü buxü̃ rü ngẽma rü ta name.</para>
      </listitem>
    </orderedlist>
  </article>

  <article number="27">
    <title>ARTICULO 27.</title>
    <orderedlist>
      <listitem>
        <para>Rü name nixĩ na wüxichigü i duü̃xü̃ rü nataãẽxü̃ namaã ĩ guxü̃ma ĩ mexü̃gü i norü ĩãnewa ngẽxmaxü̃. Rü ngẽxguma nangẽxmagu i tacü i mexü̃ ĩ ĩãneãrü ixĩxü̃ rü name nixĩ na nüxü̃ nacuáxü̃ na guxü̃ãrü yiĩxü̃ ĩ ngẽma.</para>
      </listitem>
      <listitem>
        <para>Rü ngẽxguma texé naxümatügu i wüxi i popera rü e̱xna wüxi i naxchicüna̱xã taxü̱xgu rü namaã tataxegu, rü name nixĩ na tanayaxuxü̃ ĩ natanü naxca̱x i tümaãrü puracü.</para>
      </listitem>
    </orderedlist>
  </article>

  <article number="28">
    <title>ARTICULO 28.</title>
    <para>Rü taxucürüwa texé tanachu̱xu na meã ñaã popera nüxü̃ ixuxü̃rüü̃ namaxü̃xü̃ ĩ wüxi i duü̃xü̃.</para>
  </article>

  <article number="29">
    <title>ARTICULO 29.</title>
    <orderedlist>
      <listitem>
        <para>Rü name nixĩ na wüxichigü i duü̃xü̃ rü meã norü ĩãneca̱x napuracüxü̃ rü meã guxü̃ ĩ togü i norü ĩãnecü̃͟ãxgümaã namaxü̃xü̃.</para>
      </listitem>
      <listitem>
        <para>Rü name nixĩ na meã namaxẽxü̃ ĩ guxü̃ma ĩ duü̃xü̃gü, natürü taxucürüwa texé chixri naga taxĩnü ĩ tümaãrü ãẽ̱xgacü. Rü tama name na wüxi i duü̃xü̃ rü to i duü̃xü̃maã chixexü̃ naxüxü̃.</para>
      </listitem>
      <listitem>
        <para>Rü taxucürüwa texé chixri naga taxĩnü ĩ ngẽma nüxü̃ yaxuxü̃ ĩ ñaã popera erü ñã nixĩ ĩ nagu naxĩnüẽxü̃ ĩ guxü̃ma ĩ nachiü̃ãnegü i wüxigu rüxĩnüẽxü̃.</para>
      </listitem>
    </orderedlist>
  </article>

  <article number="30">
    <title>ARTICULO 30.</title>
    <para>Rü guxü̃ ĩ nachiü̃ãnewa rü taxucürüwa ṯacü rü ãẽ̱xgacü chixri naga naxĩnü ĩ ñaã popera. Rü name nixĩ na guxü̃ma ĩ togü i duü̃xü̃gü rü ta meã naga naxĩnüẽxü̃ ĩ ñaã popera. Erü tanaxwa̱xe na meã namaxẽxü̃ ĩ guxü̃ma ĩ duü̃xü̃gü ĩ ñaã popera nüxü̃ ixuxü̃rüü̃.</para>
  </article>

</udhr>
