<?xml version="1.0" encoding="UTF-8"?>

<!--© The Office of the High Commisioner for Human Rights-->

<udhr iso639-3='tsz' xml:lang='tsz' key='tsz' n='Purepecha' dir='ltr' iso15924='Latn' xmlns="http://www.unhchr.ch/udhr">
   <title>UANDAKUA JURHIMBEKUECHERI K'UIRIPUECHERI PARHAKPENI ANAPU</title>
   <preamble>
      <title>INCHAJPEKUA</title>
      <para>Mitiparini eski jánguarhikua, jurhimbekua ka no jupiperakua parhakpeni jimbo jupikuarhisïndi jeioperakua jurhimbitku jangueri ka no ambe atarantskueri iamindu majku anapuecheri,</para>
      <para>Mitiparini eski no eiangperakua ka isku eekua k'uiripuecheri jurhimbekua isï jimbosï xani no sesi kameraŋajti; ka uandaŋajti, eski sanderu k'eri ambe ukua k'uiripuecheri, erokakua materu jaso irekakueri engakso k'uiripuecha, jurhajkutini ia chékua ka komu jáangua, sesi marhuataakaksï uandakua ka mamaru járhati jakajkukuechani,</para>
      <para>Mitiparini sesimindu eski k'uiripuecheri jurhimbikuecha kuajpeŋaaka K'eri jurhimbikua jimbo, jimbokakso iso k'uiripuecha uatiksï no ambe jupikuarhini ka jauarani no sesi kamberakua jimbo,</para>
      <para>Mitiparini istu eski uetarisïnga etsekuni ka k'uiriperani iretecheri sesi pajperakua,</para>
      <para>Mitiparini eski iretecha, Iretecheri kunguarhikua sesi jimbomendu uandajti ia imecheri jakajkua K'eri karákatarhu k'uiripuecheri jupikuarhikua jurhimbekueri, k'uiripueri k'uratsekua ka ts'iuekua ka majku jasï jukaparhperakua ts'iueriticheri ka uarhecheri; ka uandastiksï ia eskaksï uaka ambakiti ambe ireskuni ka irekakua ambe sesi uaxastani eratsiparini eskaksï usïnga janguarhikuarhini,</para>
      <para>Mitiparini eskiksï K'erhati Irechekuecha eiakurhistiksï sesi, jarhaujpeni indeni kunguarhikua Organisasioni de las Nasionesi Unidasi jingoni, iamendu jaŋaŋarperani ka urauani jurhimbekuechani ka jɑnguarhikuechani k'uiripuecheri, ka</para>
      <para>Mitiparini eski sesi mitiakaksï iamendu ieni jasï jurhimbekuechani ka jánguarhikuechani sanderu jukaparhakuesti ka inde eiakurhikuani uni isï ukuarhini,</para>
      <para>K'ERI TANGUARHIKUA uandasïndi</para>
      <para>I K'eri Uandakua K'uiripuecheri Jurhimbikuecha Parhakpeni Anapu iamenduchani majku jasï eraaparini eskiksï iamendu iretecha janguarhentaakaksï, eskaksï xani k'uiripuecha eski k'umanchikua juramukuecha imani exeparini mititpeakaksï jorhentpeparini ka kaxomperakua jimbo, ini ambe jaŋaŋarhini, uaxastaatikso, saŋani arhipani iapurhu iso, jiokurhiŋaati ka sesi uraŋaati, xani iretecha engakso kurhpitini jaka ka engaksojtu iretecha jima jupindakuarhitini jaka.</para>
   </preamble>
   <article number="1">
      <title>Arhujtakua 1</title>
      <para>Iamendu k'uiripuecha janguarhiparini ka majku jarhati ka jurhimbekuecha jingoni kueraaŋasondikso ka, juajtakuarhisïndiksï ambakiti eratsekua ka kaxumbikua, jatsistiksï eskaksï sesi arhijperaaka.</para>
   </article>
   <article number="2">
      <title>Arhujtakua 2</title>
      <para>Iamendu k'uiripuecha jatsistiksï iamendu jurhimbekuechani ka janguarhikuechani engaksï ixu uandajka, na uejiki jasï iurhiri jatani, xarharani, ts'iuerati o uarhi, uandani, chereŋeni, eratseni o materu jangua kamani, nani uejki anapueni, jatsikurhini tumina o no ambe, kueraakateni o materu jasï ambe uni o jamani.</para>
      <para>Istu, no ima paŋaati naki enga kunguarhikua juramukueri jamaaka, naki uejkini o nani uejki anapueni enga jupindakurhitini jauaka ma k'uiripu, xani enga ma paisi juramukuarhiti anapueuaka, eski ima irechekua enga no iamendu ambe jandiajku juramukuarhiaka.</para>
   </article>
   <article number="3">
      <title>Arhujtakua 3</title>
      <para>Iamendu k'uiripuecha jurhimbekua jatsistiksï jamani i parhakpeni, janguarhikuarhini ka tsipekua kuajpemeŋani.</para>
   </article>
   <article number="4">
      <title>Arhujtakua 4</title>
      <para>No nema jamaati isku anchikuarhitsïpeni nijtu isku jantspeni; isku anchikuarhitsïpekua no sesikua jarhasti ka ni niatatsïpetichani ataraantani o piauani na uejki jasï jimboeni.</para>
   </article>
   <article number="5">
      <title>Arhujtakua 5</title>
      <para>No nema jatsisti eski komku kaŋaaka o eski k'uratsekueni jaso ambe kaŋantaaka.</para>
   </article>
   <article number="6">
      <title>Arhujtakua 6</title>
      <para>Iamendu k'uiripuecha jurhimbekua jatsisksï, iapurhu isï, eski jaŋaŋarhiŋaaka na uejki jasoeni.</para>
   </article>
   <article number="7">
      <title>Arhujtakua 7</title>
      <para>Iamenduksï majku jasïsti jurhimbekuarhu jimbo ka jatsistiksï, ne uejkini, majku jasï kuajpikurhintskua, jurhimbekuecha jingoni. Iamenduksï majku jasï kuajpekuarhintskua jatsisti ne enga t'auajchakuaka ka no paaka ini uandakuani ka eratsekuani.</para>
   </article>
   <article number="8">
      <title>Arhujtakua 8</title>
      <para>Iamendu k'uiripuecha jurhimbikua jatsisti jupikuarhini ambe enga kuajpintaaka, enga tsandpemeŋaaka kuramukperakuarhu, eska kuajpeŋantaaka enga imeri jurhimbekuechani t'auajchakumeŋaaka.</para>
   </article>
   <article number="9">
      <title>Arhujtakua 9</title>
      <para>No nema uati isïkumendu undani jupiŋani, oŋaŋani ni chutaŋantani o petaataŋani.</para>
   </article>
   <article number="10">
      <title>Arhujtakua 10</title>
      <para>Iamendu k'uiripu jurhimbekua jatsisti, mangueni jatini, eska kurajchaŋaaka ka eska sesi kurangumeŋantaaka, eskakso juramuticha no nema jingoni k'uetsapeaka, eratseparinksï imecheri jurhimbekuechani ka janguechani, o engaksï uekaka mitikuni ambesï tsïjpa.</para>
   </article>
   <article number="11">
      <title>Arhujtakua 11</title>
      <orderedlist>
         <listitem>
            <para>Iamendu k'uiripu tsandpemeŋakata ma ambe tso</para>
         </listitem>
         <listitem>
            <para>No nema jupiŋaati ka oŋaŋani enga jiajkani enga tso</para>
         </listitem>
      </orderedlist>
   </article>
   <article number="12">
      <title>Arhujtakua 12</title>
      <para>No noma inchakumeŋaati imeri irekakuarhikua jimbo imeri japindembekuarhu, imeri k'umanchikuarhu o imeri ambe axatsoperakuarhunijtu chureŋani jaakuarhimeŋani ambe. Ini ambe jimbo iamendu k'uiripu jatsisti jurhimbekua eska kuajpikurhintaaka.</para>
   </article>
   <article number="13">
      <title>Arhujtakua 13</title>
      <orderedlist>
         <listitem>
            <para>Iamendu k'uiripu jurhimbekua jatsisti jamani ka erakukuarhini nani enga irekaaka ma Irechekuarhu.</para>
         </listitem>
         <listitem>
            <para>Iamendu k'uiripu jurhimbekua jatsisti ueakuni ma o imeri paisirhu ka menderu ichaakuntani.</para>
         </listitem>
      </orderedlist>
   </article>
   <article number="14">
      <title>Arhujtakua 14</title>
      <orderedlist>
         <listitem>
            <para>Enga andanguŋani o jupiŋakuekani jauaka</para>
         </listitem>
         <listitem>
            <para>I jurhimbekua no uati uanakutani o kurajkuarhini ma ambe tsïjpakua jimbo enga ambe arhijka Nasionesi Unidasirhu.</para>
         </listitem>
      </orderedlist>
   </article>
   <article number="15">
      <title>Arhujtakua 15</title>
      <orderedlist>
         <listitem>
            <para>Iamendu k'uiripu jurhimbikua jatsisti nani enga anapueuaka.</para>
         </listitem>
         <listitem>
            <para>No nema euakuarheŋaati jurhimbikua isku undani nani enga anapueuaka o irekaaka ka majku jastu enga uekaaka mojtakukuarhini materu o tamu iso</para>
         </listitem>
      </orderedlist>
   </article>
   <article number="16">
      <title>Arhujtakua 16</title>
      <orderedlist>
         <listitem>
            <para>Ts'iueriticha ka uárhicha, engaksï tumbiuaka ia ka iurhitskirini ia, jurhimbikua jatsistiksï, no p'inguŋaparini iurhiri anapuekua o chereŋekua jimbo, tembuchani o uambuchani ka ireskuni ma japindembekua; ka majku jaso marhuataatiksï jurhimbikuechani engaksï tembungurhitini jauaka ia ka istu engaksï jurhajkperaaka.</para>
         </listitem>
         <listitem>
            <para>Jeiokperaparinskï ka uekaparinkuksï uati tembungurhirini.</para>
         </listitem>
         <listitem>
            <para>Japindembekua kueraakatesti parhakpenirhu ka jurhimbikua jarhasti eskiksï ireta ka Irechekua kuajpiaka ka jarhuatpeaka.</para>
         </listitem>
      </orderedlist>
   </article>
   <article number="17">
      <title>Arhujtakua 17</title>
      <orderedlist>
         <listitem>
            <para>Iamendu k'uiripu jurhimbekua jatsisti eski mamaru ambe jandiajku minguarhiaka, ka istu kunguarhuntatini mamaru ambe jatsikuarhini materu k'uiripuecha jingoni.</para>
         </listitem>
         <listitem>
            <para>No nema euakuarhiŋaati iskumendu imeri jatsikuarhikua ambe.</para>
         </listitem>
      </orderedlist>
   </article>
   <article number="18">
      <title>Arhujtakua 18</title>
      <para>Iamendu k'uiripu jurhimbekua jatsisti eratseni eski na uekaaka, jaŋaskani ka chereŋentu iso; i jurhimbekuajtu arhisïndi eski uŋaaka mojtakuni chereŋekua ka jokajkukua, istu uandani na jaso chereŋesondi ka jakajkusïndi, jandiajku ka uanekuecha jingoni, xani eski mitikuarhiaka ka eskajtu no ambe, jorhenguarhikua jimbo, isï ukua jimbo, jangua ka exekua jimbo.</para>
   </article>
   <article number="19">
      <title>Arhujtakua 19</title>
      <para>Iamendu k'uiripuecha jurhimbekua jatsistiksï arhijpeni ka uandani; i jurhimbikuajtu arhisïndi eski no ambe ma arhiŋaaka ambe enga uandaaka, ka etsakuni, mamaru jasï ambe etsakutarakua jimbo.</para>
   </article>
   <article number="20">
      <title>Arhujtakua 20</title>
      <orderedlist>
         <listitem>
            <para>Iamendu k'uiripuecha sesikua jasistiksï tanguarhiŋantani ka kunguarhiŋantani kasopekua jingoni.</para>
         </listitem>
         <listitem>
            <para>No nemanksï uati uiŋarhitani eski ma kunguarhikua jingoniuaka.</para>
         </listitem>
      </orderedlist>
   </article>
   <article number="21">
      <title>Arhujtakua 21</title>
      <orderedlist>
         <listitem>
            <para>Iamendu k'uiripu jatsisti sesikua uni andaparakuerani k'eri juramukuarhu, andaparakuerani o enga erakuntskuarhu uéraaka.</para>
         </listitem>
         <listitem>
            <para>Iamendu k'uiripu sesikua jatsisti eski majku jasï ambe uaka teruŋarhitaŋani juramukua imeri paisirhu.</para>
         </listitem>
         <listitem>
            <para>K'uiripueri eratsekua ireteri anapu majkuesti jupitsekua uiŋapikua enga ireta uandaaka juramukueri; i kuramukperati uati ma juramitini jatsini erakuntskuarhu engakso ukuarheni jauaka na jatini enga k'uaniaka, erakuntaparini sïpatinku o iamendu exeŋaparini.</para>
         </listitem>
      </orderedlist>
   </article>
   <article number="22">
      <title>Arhujtakua 22</title>
      <para>Iamendu k'uiripu, jimboka iretarhu anapueka, jurhimbikua jatsisti jaŋaŋarhikua kuajperata intsoŋani jarhuajperaparini iamendu juramukuecha jingoni juchari pʋindetsikuarhu jimbo ka tepetsekuarhu, marhuatani tumini juchari Irechekuarhu anapu, enga uetarka imeri jaŋaskua sesi jaxeaka ka t'arhexeaka.</para>
   </article>
   <article number="23">
      <title>Arhujtakua 23</title>
      <orderedlist>
         <listitem>
            <para>Iamendu k'uiripu jatsisti eski intsïŋaaka ma anchekuarheta, eski ima na jasï jaŋaskatini jauaka, majkueni eski maruteruecheri ka eska kuajpeŋaaka enga niatakua no ambe jatsikuarhiaka.</para>
         </listitem>
         <listitem>
            <para>Iamendu k'uiripu jurhimbekua jatsisti, no amutaŋantaparini, eski meiamuŋaaka ambe ka na xani enga anchikuarhitini jauaka.</para>
         </listitem>
         <listitem>
            <para>Iamendu k'uiripu enga anchikuarhijka jurhimbikua jatsisti eska sesi meiamuŋaaka ka sesi exeaka, eski uaka nitamakuarhini ka sesi irekakuarhitarani imeri anapuecha jingoni.</para>
         </listitem>
         <listitem>
            <para>Iamendu k'uiripu sesikua jatsisti kunguarhikuechani uaxastaani ka imajtu inchajpeni kunguarhekuarhu ka isï uni kuapini imeri anchikurhikuani.</para>
         </listitem>
      </orderedlist>
   </article>
   <article number="24">
      <title>Arhujtakua 24</title>
      <para>Iamu k'uiripu jatsikuarhesti jurhimbekua mintsïkuarhekua, jurhitenchakuarhekua, sesku atakua anchakuarhekua ka isïjtu jakua na jasï jimbo jandajpekua meiamukata.</para>
   </article>
   <article number="25">
      <title>Arhujtakua 25</title>
      <orderedlist>
         <listitem>
            <para>Iamu k'uipiru jatsikuarhesti jurhimbekua jurhimbejtsïtatakua tsipekueri terukutakata imangi tatetspekuuaka, ka isïjtu imeri exenchperakuani, uratajperantskua, ka sesi jakua, ka t'irekua jindemendo, xukuparhakua, irekua, tsinajperakua ka imangi uetarhiuaka ireteri manaratsperakua; ka isïjtu jatsisti jurhimbekua tataetsperakuechani, iki no jatsikuarheuaka anchekuarheta, p'amenchakua, no ambouakua, tsïndikua, t'arhepekua o materu ambe jimbo enga tsïtooka imeri nitamanchakua imangi jimbo no isï atini jauaka.</para>
         </listitem>
         <listitem>
            <para>Kuxarhekua ka uajpa sapichuekua jurhimbekua jatsikuarhestiksï jukauantskuaechani ka jandiojko jarhutakuaechani. Iamendu takiecha, jupiuakata tembuchakua o uérakua tembuchakuarhu, jurhimbekua jatsisti majku jasï kuaŋani iretarhu.</para>
         </listitem>
      </orderedlist>
   </article>
   <article number="26">
      <title>Arhujtakua 26</title>
      <orderedlist>
         <listitem>
            <para>Iamu k'uiripu jurhimbekua jatsikuarhesti amboŋastakua intso</para>
         </listitem>
         <listitem>
            <para>Amboŋastajperakua niarauati iamu p'irakuni k'uiripekua k'uiripuchaeueri ka uiŋaperani jaŋaŋarhikua jurhimbekua k'uiripuecheri ka janguarhekuaechanijku, uiŋaperauati kurhangukua, tekaantskua ka sesi pajperakua iamu sorangua k'uiripucheri ka iamu iretecheri o chereŋekuaecheri, ka manatooti p'irakukua niatakuaecha Kunguarhekua So</para>
         </listitem>
         <listitem>
            <para>Tatembaecha uati erakuni na jasï amboŋastajperakua uekasïni intskuni uajpechani.</para>
         </listitem>
      </orderedlist>
   </article>
   <article number="27">
      <title>Arhujtakua 27</title>
      <orderedlist>
         <listitem>
            <para>Iamu k'uiripu jurhimbekua jatsikuarhesti jandijku inchamukuni mimixekua tsipekuarhu ireteri, maruutani anchekuarheta imangi tsitieka ka inchajpeni jurhenguarhu imangi urhepani jauaka ka jurhiatenchakua imangiksï jima uérooka.</para>
         </listitem>
         <listitem>
            <para>Iamu k'uiripu jatsikuarhesti jurhimbekua kuajperantskua imeri pejparikuaechani sesi jangua ka kejtaskuarhekuecheri imangiksï k'uaninchooka, anchekuarheta petakua, mimxekua, karakua o imecheri sesi niatakua jimbo.</para>
         </listitem>
      </orderedlist>
   </article>
   <article number="28">
      <title>Arhujtakua 28</title>
      <para>Iamu k'uiripu jurhimbekua jatsikuarhesti esïki ikaskuŋooka ma ireteri uandangukata ka iamu sïrukua k'uiripuecheri jininga jurhimbekuaecha ka janguarhekuecha enga eiamarhijperaŋajka i amboŋastajperakuarhu esoka isï niatakuarheuaka.</para>
   </article>
   <article number="29">
      <title>Arhujtakua 29</title>
      <orderedlist>
         <listitem>
            <para>Iamu k'uiripu jatsikuarhesti eiauandakuarhekuaechani ireta jinguni, jimboka jimajku uaka kuerakuarheni jandijku imeri k'uiripekua.</para>
         </listitem>
         <listitem>
            <para>Niatakua iameueri jurhimbekuaecha ka marhunchakua imaeueri janguarhekuaecha, iamu k'uiripu engauati jupikakata jima jimberu esïka na uandakata jauaka uandaskukatarhu jimbokijtu isïjku uati uiŋamu jupikani mitejperantskua ka jaŋaŋarhikua jurhimbekua ka janguaecheri, ireteri uandangukata ka sesi irekua ma iretarhu imangi jauaka ireteri juramukua.</para>
         </listitem>
         <listitem>
            <para>I jurhimbekuaecha ka jandijku hanguarhekua no uati mentjíkusï niatakuarheni taŋatskuarhekuni uengurhikua ka uandaŋekuaechani Kunguarhekua Ma Sorangua K'uiripuecheri.</para>
         </listitem>
      </orderedlist>
   </article>
   <article number="30">
      <title>Arhujtakua 30</title>
      <para>No ambe ma i amboŋastajperakua uati kurhangukuarheni esoki intskusïnga jurhimbekua irechakuani, ma umbatsekuani o ma k'uiripuni, uenani ka píirakuni niatakuechani o niatani ambe ma imangisï texurhiuaka kenditani nakinderku ma jurhimbekuechani ka jandijku janguarhekauechani eiamarhijperakatecha i amboŋastajperakuarhu.</para>
   </article>
</udhr>