<?xml version="1.0" encoding="UTF-8"?>

<!--© The Office of the High Commisioner for Human Rights-->

<udhr iso639-3='gyr' xml:lang='gyr' key='gyr' n='Guarayu' dir='ltr' iso15924='Latn' xmlns="http://www.unhchr.ch/udhr">
   <title>[missing]</title>
   <preamble>
      <title>[missing]</title>
      <para>[missing]</para>
   </preamble>
   <article number="1">
      <title>1.</title>
      <para>Opakatu ava yoro’a nda’ei tembigwaigwa oyoyatupri, sekotupri, vaëra, imboeteisara, oikatu ipi’a yemoñeta, imbaekua, ndiyai yurekorairai ñepëi pëi ambua rese.</para>
   </article>
   <article number="2">
      <title>2.</title>
      <para>Opakatu ava vireko yemboeteisa, iyavei ndaei ambua ava povri ve narä sekoira aipoëi ko ikwachia pri imombeu, ndayayeavi avei ambua ava rese, yepe virekora, oñee, gwekosa viroya ambua tüpa, ipirer moröchi, sü, kuña, kuimbae ipia yemoñeta ambua ke ambua mbae rese, sekoise rumo ñepei tekwave, yepe vireko atira gwarepochi o ambua mbae.</para>
      <para>Iyavei ndayamboyea viichira opakatu pia ñemoñeta sa inungar ambua tekwa gwasuve osose mborokwaita, inungar tupriavei imboetei-sara, ndaeichira sokendapri nungar yaikora.</para>
   </article>
   <article number="3">
      <title>3.</title>
      <para>Opakatu ava vireko yemboeteisa gvvekove agwa ndaei vaëra tembigwaigwa sekoi iyavei virekora pisikora mbae, mbae tei sui.</para>
   </article>
   <article number="4">
      <title>4.</title>
      <para>Ndiyai ete avapovrire yaiko tembigwaigwa tëi iyavei ndiyai eté yande reko rai, raira ambua ava rese.</para>
   </article>
   <article number="5">
      <title>5.</title>
      <para>Nidayai eté vireko rai, raira inungar okwara sese, oinupara, ae ndipotasairi.</para>
   </article>
   <article number="6">
      <title>6.</title>
      <para>Opakatu ava vireko yemboeteisa opakatu rupi, iyavei vireko vaëra kuachiar gwerer pipe.</para>
   </article>
   <article number="7">
      <title>7.</title>
      <para>Opakatu oyoyatupri yaiko, iyavei ndaya yeavii mborokwaita gwasu pipe inungar avei ko mborokwaita yande pisirora yande repira tekoai-sui ndiyai avei ndaseroyasai ko imombeupri akoi oimera, ñepei ava ndayande mboetei chira ko mborokwaita gwasu omboyapisakara.</para>
   </article>
   <article number="8">
      <title>8.</title>
      <para>Opakatu ava oikatuite opakatu mbae virekoägwa mborerekwar rembiepiave viroya vaëra oimese mbaembae teï o virokwapota mose ke imbae yureko ichui oikuase rumo mborerekuar osepira ko oime vae mborokwaita gwasu pipe.</para>
   </article>
   <article number="9">
      <title>9.</title>
      <para>Ndiyai été ñepei ava sokendasañotei o omondora ambua tekwave yureko.</para>
   </article>
   <article number="10">
      <title>10.</title>
      <para>Opakatu ava oyoyatupri vireko oñeëagwa, sendusara iyavei mborerekuar ndaeichira neoeiño oipitiviïra mbae omoingatu vaëra oyavise mbae sembiapo yureko.</para>
   </article>
   <article number="11">
      <title>11.</title>
      <orderedlist>
         <listitem>
            <para>Opakatu ava maechiroi pipe suitëi osokenda pota vae yureko, oikatu ñoite öse evokoi nungar sui ndipoise sepiasar, imnbeusar, ndoikuaukaise mbae sembiapo yureko.</para>
         </listitem>
         <listitem>
            <para>Ñepëi ava ndiyaiete ke mbae rai oyapo vae ipare koiye tëi imaenduara sese yureko ko ité ïviëi kwese suive oiko eira, ipare sererpipe mbae oime remo vae oñoma gwasura yamondo ñoite mborerekuar po ve oyasa ve tëi. Mbae oyapo vae yipive ndayaikatuiri yambyoa ipare tëi, ndiyaiavei mbae mi sui sokendasara.</para>
         </listitem>
      </orderedlist>
   </article>
   <article number="12">
      <title>12.</title>
      <para>Ñepëi ava ndiyai oñe’e yande reer pipe, ndiyai avei oñe’e yandereko rese, yande reta rese o kuachiar ou vae yande rerpiipe ndiyai avei aerane ñotëi aipo ei ko ipia ñemoñeta eira. Opakatu ava imboeteisara iyavei oipisirora ko mborokwaita aipo nungar sui.</para>
   </article>
   <article number="13">
      <title>13.</title>
      <orderedlist>
         <listitem>
            <para>Opakatu ava oikatu ogwata gwembimbotar rupi iyavei osekara gwekosagwä. Ko yande ivi gwasu pipe.</para>
         </listitem>
         <listitem>
            <para>Opakatu ava oikatu avei öse gwekwa sui ambua ava rekua ve ipare ikerise oyeviri gwekwa ve avei.</para>
         </listitem>
      </orderedlist>
   </article>
   <article number="14">
      <title>14.</title>
      <orderedlist>
         <listitem>
            <para>Akoi pitase sasavi oikatu oseka oi aeve ava otiäro vaerese iañeko yureko ke ambua tekura rupi.</para>
         </listitem>
         <listitem>
            <para>Ko ikwachiapri yanderepi vaëra ndoikatuichira yanderepi yayapose mbae, mbae tëi opakatu rembiepiave.</para>
         </listitem>
      </orderedlist>
   </article>
   <article number="15">
      <title>15.</title>
      <orderedlist>
         <listitem>
            <para>Opakatu ava vireko poromboeteisa ikwachiapri vaëra ñepei tekwa gwasuve.</para>
         </listitem>
         <listitem>
            <para>Ñepëi ava upe ndiyaete ani yaera oyekwachia potase ambua tekwa gwasuve osekuñarö potase gwekwa.</para>
         </listitem>
      </orderedlist>
   </article>
   <article number="16">
      <title>16.</title>
      <orderedlist>
         <listitem>
            <para>Kuña, kuimbae akoi oyepotase iaraviter omendagwä nomaëichira sepiaka rese, ipirer rese, tüpa viroya vaerese o ambua tekwa pendarse inungar ñoite oikatu omenda, iyavei ndaechiria ichi o tu tëi ko aipota nemer gwä o nde rembireko gwä eira chupe yureko.</para>
         </listitem>
         <listitem>
            <para>Akoi omenda potavae oyemoñeta itera yureko aeite oye mongerëira yureko aeseramo iyesupa oipitivira. Yorekoi tupri vaëra koyekatu ambua ava päu ve, iyavei imboetepri yurekoira inangar ambua ava tekwa ve ikwai vae vireko aveira propisïrosa. Mborokwaita spipe.</para>
         </listitem>
      </orderedlist>
   </article>
   <article number="17">
      <title>17.</title>
      <orderedlist>
         <listitem>
            <para>Opakatu ava oikatu virekora. Mbae gwerer pipe o oñomara opakatu rer pipe aveino.</para>
         </listitem>
         <listitem>
            <para>Ñepëi ava ndoikatuichira ani ei vaera chupe.</para>
         </listitem>
      </orderedlist>
   </article>
   <article number="18">
      <title>18.</title>
      <para>Opakatu ava virekose opiañemo~etaza oyapopota vae gwembimbotar rupi, osopotase ambua tüparo rupi, ova potase ambua tüparove, oikatuile a’ea oyapo o setase inungar avei oikatu okar rupi o gweta pipevemi, yemboesave, opakaturupi inungar ñoite oikatura, yapo.</para>
   </article>
   <article number="19">
      <title>19.</title>
      <para>Opakatu ava oikatu pia ñemoñeta osenduka. Ndiyai iñee suitëi imoñapri sekoira oikatu avei mbae taikwa oya oporandura oipisira ambua piañemoñetasa oikatu avei senduka, ndipoichitiera aiponderei tene ei väera chupe omondora opakatu ñeërendukasarupi. O ikuachiapri pipe.</para>
   </article>
   <article number="20">
      <title>20.</title>
      <para>Opakatu ava oikatu oyemboati yureko gwenbimbotar rupi. Ndipoichira ava omoañei-añeira vae che piri tasekoi oyapavetëi. Chupe.</para>
   </article>
   <article number="21">
      <title>21.</title>
      <orderedlist>
         <listitem>
            <para>Opakatu ava oikatuñoite oike mborerekwargwä gwewa gwasu pipe osenoise yureko.</para>
         </listitem>
         <listitem>
            <para>Opakatu ava oikatu yuraso oyoyatupri ambua avarese. Mborerekwar taiko tekwa pipe eise.</para>
         </listitem>
         <listitem>
            <para>Tekwa oipotase gwembimbotar omondo mborerekwar gwekwa pipe narä yureko ko mboerekwar gwä ndoikatuichietera gwambimbotar ño tëi oike.</para>
         </listitem>
      </orderedlist>
   </article>
   <article number="22">
      <title>22.</title>
      <para>Opakatu ava, Tekwa pipendat virekora poropisirösa ava päuve, oikatuaveira mbae vireko mborerekwar vaëra semimongana ari yakatu nara opakatu sembimboyesu pe aveino.</para>
   </article>
   <article number="23">
      <title>23.</title>
      <orderedlist>
         <listitem>
            <para>Opakatu ava oikatu vyireko vaëra opaeavikisa, gwembimbotar rupi oiporavora mboraviki oyoyatuprira aviye vae, iyavei oimera pisirösa mboraviki oimeyoño vaëra. Chupe</para>
         </listitem>
         <listitem>
            <para>Opakatu ava ndiyaeiete yakapri tëi sekoira, imboravikirepri inungar amibua.</para>
         </listitem>
         <listitem>
            <para>Opakatu ava oparaviki vae ndiyaiete ndasepii pii chupe iyavei osupitira opakatu mbae repirä sembimboyesu upe inungar ambua ikwai, iyavei oimese ambua poropitiviisa oikatuite mbae mondo chupe akoi ipanese mbae chupe.</para>
         </listitem>
         <listitem>
            <para>Opakatu ava oikatu omoime yemboatisa oike vaëra ïpauve oyepiägwa o oporandu vaëra mbae oipotavae, yureko.</para>
         </listitem>
      </orderedlist>
   </article>
   <article number="24">
      <title>24.</title>
      <para>Ndoviröpituichira, ambuano virekoaveira, pitu’usa mboraviki pauve inungar aveirumo sepira chupe.</para>
   </article>
   <article number="25">
      <title>25.</title>
      <orderedlist>
         <listitem>
            <para>Opakatu ava viorekora oikotupri vaëra, iyavei sëta pendar no, mberasi sui, virekora karuasa aviye vae, nipënei chira turukwar chupe, sëta gwano, ke oporoposano vae tekwa pipe, ipanese inungar ko ndoparavikiise vireko ño aveira ava oikwavëe vaër chupe inungar ko, imbaeasise, ndogwatairise oime yandeu yepi.</para>
         </listitem>
         <listitem>
            <para>Yande si inungar avei chïvae virekoaveira iañeko vaëra sese yureko. Opakatu chïvae yoroa vae mendosa pipe o ani vae inungar avei virekora propisirosa tekwa pipe.</para>
         </listitem>
      </orderedlist>
   </article>
   <article number="26">
      <title>26.</title>
      <orderedlist>
         <listitem>
            <para>Opakatu ava iya oyemboe yureko, yemboesa mdiyai sepi, esa ae ndiyaiete ipane supiramoite yaikatu mbae rerogwatatupri, ko yemboesa, ndiyaiete ava ipone sese yande kwaitatie. Akoi oyemboe pota vite vae ivate katu aeño katu yemboe rekokwer rupi revo sepimira ndo yande rumo yaikatuavei yaike yaikatuse ndipoichietera ava ani ndereikeitene ei vaëra yandeu.</para>
         </listitem>
         <listitem>
            <para>Yemboesa virekora pia yemoñeta yaiko tupri vaera oime vaëra poromboeteisa ava päuve ambua no oikwaiaka veira yandeu ndaei vaëra tembigwaigwa yaiko.</para>
         </listitem>
         <listitem>
            <para>Yayendukwa vaëra, yayeparaisu reko vaëra, oimo vaera poropitiviisa ambua tekwa gwasurese opakatu ambua tekwatekwa mi rese iyavei ambua ava rese yepe ke ndaerchira yande ke ambua vae ïtupa inungar ño aveino.</para>
         </listitem>
         <listitem>
            <para>Yande si, yande ru oikatu oseka vaëra mbae rese o mbae nungar yemboesa oipota ae yureko yandeu narä.</para>
         </listitem>
      </orderedlist>
   </article>
   <article number="27">
      <title>27.</title>
      <orderedlist>
         <listitem>
            <para>Opakatu ava oikatu ikerise sekoi inungar ambua ava reko yureko sembiapo, sekokwer, ñepëi tekwa ve oikatu avei vireko vaëra mbae aviyese sekokwer tekwa rembiepiave.</para>
         </listitem>
         <listitem>
            <para>Opakatu ava mbae oyapo vae vireko avei poropisirosa inungar ke ambua ava teiko che ayapo eise, che aikwachia eise, evokoi nungar sui, ndiyai yayembombae ñotei ava renbiapo rese.</para>
         </listitem>
      </orderedlist>
   </article>
   <article number="28">
      <title>28.</title>
      <para>Opakatu ava oikatu oñeë ko ikwachia pri rese. Taseroyasite katu eira yavei toimeite ke ambua tekwave. Opakatu viroya vaera yureko.</para>
   </article>
   <article number="29">
      <title>29.</title>
      <orderedlist>
         <listitem>
            <para>Opakatu ava omboeteira tekwa esa aeve ramoite ae oyemboe ava mboetei inungar avaei ae imboeteisano.</para>
         </listitem>
         <listitem>
            <para>Akoi ko mborokwaito gwasu seroya sase, opakatu ava yerekoira gwembimbotar rupi ndaeichira rumo yureko rai rai vaëra mborokwaita omombeu vae rupiño, ko ikwachiapri opakatu penarä. Tekwarerekwar, oime vaera avei tekwa pipe poromboeteisa opakatu ava ñepëi pëi ava rese.</para>
         </listitem>
         <listitem>
            <para>Ko mborokwaita yaikotupriägwa ndipoichira ava napörai ko ei vaera chupe, ko ikwachiasa opakatu tekwa gwasu gwe rupi ko uvi aramo yayu vae.</para>
         </listitem>
      </orderedlist>
   </article>
   <article number="30">
      <title>30.</title>
      <para>Niyai ko ikwachiapri sui ösera pia ñemoñenta ñepëi tekwa peño rumoko ei vaëra, o evokoi ko oyemonua o oyamboati gwasu-gwasu vae pendaraño rumo ko year o ndiyaiavei evokoi ava repiägwa tëi ko oikwachia yureko yaera ko oikyachia vae yureko opakatu ava mborerekwar gwasukwe ke ambua ivi rese yogweru vae inungar tupri avei ko inungar vireko yureko sese ambua ava ñee aipoei ko upe.</para>
   </article>
</udhr>