<?xml version="1.0" encoding="UTF-8"?>

<!--© The Office of the High Commisioner for Human Rights-->

<udhr iso639-3='gug' xml:lang='gn' key='gug' n='Guaraní, Paraguayan' dir='ltr' iso15924='Latn' xmlns='http://www.unhchr.ch/udhr'>
   <title>TEKOVE YVYPORA KUERA MAYMAYVA DERECHO KUAAUKAHA</title>
   <preamble>
      <title>[Preamble]</title>
      <para>(preamble missing)</para>
   </preamble>
   <article number="1">
      <title>Art. 1</title>
      <para>Mayma yvypóra ou ko yvy ári iñapytlʼyre ha eteĩcha dignidad ha derecho jeguerekópe; ha ikatu rupi oikuaa añetéva ha añeteʼyva, iporãva ha ivaíva, tekotevẽ pehenguéicha oiko oñondivekuéra.</para>
   </article>
   <article number="2">
      <title>Art. 2</title>
      <para>Mayma yuypóra oguereko derecho ha libertad kuéra ko Declaraciónpe oĩva, oñemañaʼyre mbaʼeichaguapa i-ráza, ipire color; kiñápa terãpa kuimbaʼe, iñeʼẽ, i-religión, iñopinión política, hetã, haʼépa mbaʼ rerekoha, oĩpa yvate terãpa nahániri sociedad ryepype, hambaʼe.</para>
      <para>Mbaʼeveichagua jeporavo avei ndoiók vaʼerã oñemañanguévo hetã situación rehe, legalmentepa mbaʼéicha oĩ, haʼépa isãsopyre, oguatáva ojeheguiete, térãpa oĩ ambue tetã ndiv térã ipoguype.</para>
   </article>
   <article number="3">
      <title>Art. 3</title>
      <para>Mayma tapicha oguereko derecho oikovévo, piporúvo ilibertad ha ojerrespetávo ipersona.</para>
   </article>
   <article number="4">
      <title>Art. 4</title>
      <para>Avavépe ndojeguerekói vaʼerã esclavo térã tembiguái ramo; mbaʼeveichagua esclavitud térã tapicha jejogua ha ñevende ndaikatúl oiko.</para>
   </article>
   <article number="5">
      <title>Art. 5</title>
      <para>Avavére ndoikovaʼerãi ñembosarái vai térã ñambohasa asy, humano rekore ndojojáiva.</para>
   </article>
   <article number="6">
      <title>Art. 6</title>
      <para>Mayma yvypóra oguereko derecho ojehechakuaávo ichupe opaite handárupi haʼeha peteĩ máva leiduéra renondépe.</para>
   </article>
   <article number="7">
      <title>Art. 7</title>
      <para>Maymavaite: peteĩchante léi renondépe ha oguereko, mbaʼeveichagua jeporavoʼyre, derecho peteĩcha léi oñangarekóvo hese. Maymáva oguereko derecho peteĩcha oñeñangarekóvo hese. Maymáva oguereko derecho peteĩcha oñeñangarekóvo hese opaichagua jeporavo ohóvagui ko Declaración cóntrape, ha opa ñehaʼã oikóvagui jeporavorã.</para>
   </article>
   <article number="8">
      <title>Art. 8</title>
      <para>Mayma yvypóra oguereko derecho oñangarekóvo hese hekoitépe tribunal kuéra oĩva hetãme, omoʼã haguáicha ichupe umi opyrũsévagui iderecho kuéra rehe oĨva constitución a léipe.</para>
   </article>
   <article number="9">
      <title>Art. 9</title>
      <para>Avavépe ndaikatúi mbaretépe reínte oñedetene, ojegueraha preso terá oñemosẽ hetãgui.</para>
   </article>
   <article number="10">
      <title>Art. 10</title>
      <para>Mayma yvypóra oguereko derecho, peteĩchapánte, ohendúvo ichupe idespáchope ha justicia ojerure haichaite, peteĩ tribunal oguatáva ojeheguiete ha oporolado apoʼyva, oñemyesakãta java iderecho ha obligación huéra, ha avei ojehesaʼyjóratõ oñembojáva hese tembiapo vaiʼéi cóntrape ohóva.</para>
   </article>
   <article number="11">
      <title>Art. 11</title>
      <orderedlist>
         <listitem>
            <para>Oñembojáro peteĩ tapicháre hembiapo vai hague, oguereko derecho oñepensávo hese ndaʼupeichaiha, nahesakãi aja haʼeha culpable; pe ñemyesakã oido vaʼerã tribunalpe, ha oguereko vaʼerã upépe mayma garantía oikotevẽva oñedefende hagua.</para>
         </listitem>
         <listitem>
            <para>Avavépe noñecondeva vaʼerãi ojapo térã ndojapói haguére peteĩ mbaʼendahaʼéiva delito upe java, tetãpypegua léi térã tetãnguéra léipe guarã. Noñemeʼẽ vaʼerãi avei castigo pohyve léipe oĩvagui oiko jave delito.</para>
         </listitem>
      </orderedlist>
   </article>
   <article number="12">
      <title>Art. 12</title>
      <para>Ndaikatúj oimeháicha reínte ojeikévo peteĩ tapicha rekovépe, hóga, hogapy térã icarta kuérpade. Naikatúi avei ojepokóntevo héra térã herakuã porãre. Mayma yvypóra oguereko derecho léi oñangarekóvo hese koʼãmbaʼépe.</para>
   </article>
   <article number="13">
      <title>Art. 13</title>
      <orderedlist>
         <listitem>
            <para>Mayma yvypóra oguereko derecho ou ha oheovo tetãpyre ha oiporavóvo moõoikóta peteĩ tetã ryepype.</para>
         </listitem>
         <listitem>
            <para>Mayma yvypóra oguereko derecho osẽvo oimeraẽva tetãgui, taha e jepe hetãtee, ha upéi ou jevyo hetãme.</para>
         </listitem>
      </orderedlist>
   </article>
   <article number="14">
      <title>Art. 14</title>
      <orderedlist>
         <listitem>
            <para>Ojepersegui jave ichupe, mayma tekove ikatu oho oñemoʼã hagua oimeraẽva tetãme.</para>
         </listitem>
         <listitem>
            <para>Ko derecho ndaikatúi ojeporu persecución oúrõ justiciagui tembiapo vaikuére, térã ojeho rupi Naciones Unidas remiandu ha rembipota cóntrape.</para>
         </listitem>
      </orderedlist>
   </article>
   <article number="15">
      <title>Art. 15</title>
      <orderedlist>
         <listitem>
            <para>Mayma yvypóra oguereko derecho hetãvo.</para>
         </listitem>
         <listitem>
            <para>Avavégui ndaikatúi ojepeʼa oimeháicha reínte hetã derecho oguerekóvagui okambiávo upe hetã.</para>
         </listitem>
      </orderedlist>
   </article>
   <article number="16">
      <title>Art. 16</title>
      <orderedlist>
         <listitem>
            <para>Kuimbaʼe ha kuña maymáva, omendakuaaha tiémpo guive, oguereko derecho omdávo ha omoñepyrũvo petel ogapy. Koʼávara ndaikatúi of problema oúva raza, tetã, terã religióngui. Petelcha vaʼera 1 derecho kuéra menda reheguáva, oiko aja kupukue hikuái menda ryepype, ha evei sapyánte oñembyairõ upe imenda kuéra.</para>
         </listitem>
         <listitem>
            <para>Menda ikatu oiko umi omendátava otrõ añoite petel ñeʼẽme upeverã, ojeheguiete, avave ojopyʼyre ichupekuéra.</para>
         </listitem>
         <listitem>
            <para>Familia haʼe sociedad apyra ha ñepyrũete, ha oguereko derecho oñangarekóvo hese sociedad ha Estado.</para>
         </listitem>
      </orderedlist>
   </article>
   <article number="17">
      <title>Art. 17</title>
      <orderedlist>
         <listitem>
            <para>Mayma yvypóra iderecho oguerekóvo imbaèteéva, ha haʼeño háicha, ha avei ambuerkuéra ndive.</para>
         </listitem>
         <listitem>
            <para>Avavégui ndojepeʼa vaʼerãi oimeháicha reinte imbáe teéva.</para>
         </listitem>
      </orderedlist>
   </article>
   <article number="18">
      <title>Art. 18</title>
      <para>Mayma yvypóra oguereko derecho oñemonguévo ojeheguiete, iñaka, inconciencia ha ireligión heʼi háicha ichupe. Ko deréchope oike ikatuha okambia ireligión ha ijerovia, avei ohechaukávo koʼãva haʼeño háicha térã ambuekuéra ndive,opavave renondépe térã haʼeñohápe, tekomboʼe, térã jeiko upéva heʼi háicha rupive.</para>
   </article>
   <article number="19">
      <title>Art. 19</title>
      <para>Maypa tapicha iderecho oguerekóvo ijidea ha iñeñandu tee, ha upéva oikuaaukávo ojejuru mbotyʼyre ichupe; ko deréchope oike avavépe nonnemolestáivo marandu ha opinión kuéra, ha avei oñemosarambivo koʼãva opaite hendárupi, mayma tembiporu upevarã oiva rupive.</para>
   </article>
   <article number="20">
      <title>Art. 20</title>
      <orderedlist>
         <listitem>
            <para>Mayma yvypóra oguereko derecho ijatyvo oñondive ha ojapóvo joaju hapicha kuéra ñorairõʼyre.</para>
         </listitem>
         <listitem>
            <para>Avavépe ndaikatúi ojejopy oike hagua petel asociaciónpe.</para>
         </listitem>
      </orderedlist>
   </article>
   <article number="21">
      <title>Art. 21</title>
      <orderedlist>
         <listitem>
            <para>Mayma yvipóra oguereko derechoijávo hetã resambyhype, haʼete voi, yro katu hemimoĩngue, hʼae oiporavo vaʼekue rupive.</para>
         </listitem>
         <listitem>
            <para>Mayma tapicha oguereko derecho petelĩchapante, ohupityvo cargo público kuéra hetãme.</para>
         </listitem>
         <listitem>
            <para>Mburuvicha kuéra omanda ha oisambyhy hagua teta, tetãygua kuéra omeʼeẽ ichupekuéra upe puʼaka. Ha ko tetãygua kuéra rembipota ojechauka vaʼerã elección ipotiva rupive,cada cierto tiempo oiko vaʼerãva, maymavaite ijahápem ha peteicha ivoto kuéra ovalehápe; avei avave oikuaaʼyre mávarepa revota, ikatu haguaicha avave nandejopyiupe jeporavo apópe.</para>
         </listitem>
      </orderedlist>
   </article>
   <article number="22">
      <title>Art. 22</title>
      <para>Mayma yvypóra, haʼerupi sociedad pegua, oguereko derecho pe sociedad oñangarekóvo hese. Upevaã pe hetã oñehʼã mbaite vaʼerã, ha tetãnguéra oñopytyvõ vaʼerã, recurso ha organización tetã oguerekóva rupive, maymavaite ohupity hagua hemikotevẽ económico social ha cultural, oiko hagua ichugui persona añetete.</para>
   </article>
   <article number="23">
      <title>Art. 23</title>
      <orderedlist>
         <listitem>
            <para>Mayma yvypóra oguereko derecho ombaʼapóvo ojeheguiete hembiaporã, pe imbaʼapópe oñemonguʼévo iporãve haguáicha, ha oñeñangarekóvo hese ani opyta trabajoʼyre.</para>
         </listitem>
         <listitem>
            <para>Mayma yvypóra oguereko derecho, mbaʼeveichagua jeporavoʼyre, pretelchante ojepagávo ichupe, petelchaterõ hembiapo.</para>
         </listitem>
         <listitem>
            <para>Mayma ombaʼapóva oguereko derecho oganávo hekópe porã, oikokuaa haguáicha, haʼe ha hogaygua, idignidad humana ojerure háicha. Ndohupitypáirõ ichupe oimeraẽva medio pytyvõrã sociedad oguerekóvagui.</para>
         </listitem>
         <listitem>
            <para>Mayma tapicha oguereko derecho ojapóvo sindicato ha ojoajúvo hapicha mbaʼapohára ndive, iñinterése kuéra odefende hagua.</para>
         </listitem>
      </orderedlist>
   </article>
   <article number="24">
      <title>Art. 24</title>
      <para>Mayma yvypóra oguereko derecho opytuʼúvo, hoʼureimivo nombaápoi jave; avei ombaʼapóvo ombaʼapo hagua haʼóra pevénte, ha ivacaciónvo oguahẽ vove jepi tiempo, ha upe aja ojepagávo ichupe.</para>
   </article>
   <article number="25">
      <title>Art. 25</title>
      <orderedlist>
         <listitem>
            <para>Mayma yvypóra oguereko derecho oikove olgadomivo, ani hagua ichupe voi, ha hogayguápe avei, ofalta hoʼuvaʼerã, ipohã repyrã, iñemonderã, óga oiko hagua, ha ambue mbaʼe oikotevẽva oikove hagua. Iderecho avei oguereko seguro oñemongui ramo guarã imba apohágui, terã katu hasy, ndovalevéi, iména mano, itujaiterei, térã ambue mbaʼe rupi indojevale kuaavéi ramo guarã ojehe.</para>
         </listitem>
         <listitem>
            <para>Sy ha mitãre oñeñangareko vaʼerã iporave haguáicha. Mayma mitã, omendáva oguereko derecho sociedad oñangarekóvo hesekuéra.</para>
         </listitem>
      </orderedlist>
   </article>
   <article number="26">
      <title>Art. 26</title>
      <orderedlist>
         <listitem>
            <para>Mayma yvypóra oguereko derecho ojehekomboʼeukávo. Pejehekomboʼe reínte vaʼerã, pe iñepyrũetépeguánte jepe. Pe tekomboʼe jehai ha jeleénte jepe hagua, haʼe vaʼerã obligatorio. Profesión kuéra ha técnica ñeaprende, olvaʼerã enteroitépe ohupity haguaicha. Umi universidad rupi ojeike hagua, katupyry rehente odepende vaʼerã, ha mayma interesádope oñemeʼẽvaʼerã juruja.</para>
         </listitem>
         <listitem>
            <para>Pe educación rembiaporã haʼevaʼerã: tojapo tekove mayágui persona añetete, okakuaáva opáichavo. Omombarete vaʼerã derecho ha libertad ñemombaʼe guasu. Oipytyvõ vaʼerã olhagua jekopyty, ñoaguanta kuaa, joayhu, mayma tetã ha raza terã religión oñondive. Omboguata vaʼerã avei umi tembiapoukapy Naciones Unidas omolva ol hagua tapiaite pyʼaguapy.</para>
         </listitem>
         <listitem>
            <para>Sy ha tuvakuéra oguereko derecho itendondévo oiporavo hagua mbaʼéichagua educaciónpa oñemeʼẽta imitãnguérape.</para>
         </listitem>
      </orderedlist>
   </article>
   <article number="27">
      <title>Art. 27</title>
      <orderedlist>
         <listitem>
            <para>Mayma yvypóra oguereko derecho oparticipávo, avave ojopy terã ojokoʼyre ichupe, incomunidad rekotee ñeñandukápe; ombovyávo ichupe umi tembiapokue porã hechapyrã; avei oparticipávo umi arandu pyahu oikévape, ha umi jeiko porãve koʼãgarupi oúvape.</para>
         </listitem>
         <listitem>
            <para>Mayma yvypóra oguereko derecho oñeñangarekóvo ichupe interese moral ha material oguerekóva rehe, haʼérupimbaʼepyahu terã ñeʼẽ yvoty, kuatia arandu térã tembiapo hecharamomby apohare.</para>
         </listitem>
      </orderedlist>
   </article>
   <article number="28">
      <title>Art. 28</title>
      <para>Mayma yvypóra oguereko derecho ojejapóvo ichupe hetãsme ha hetãnguéra apytépe, petef jeikoha oñemoʼañatehape derecho ha libertd kuéra onnemolva ko Declaraciónpe.</para>
   </article>
   <article number="29">
      <title>Art. 29</title>
      <orderedlist>
         <listitem>
            <para>Mayma yvypóra oguereko tembiaporã comunidad ndive guarã, upépe mante ikatúgui okakuaa ha hiʼaju persona haicha.</para>
         </listitem>
         <listitem>
            <para>Léi mante ikatu omol linde ikatuʼyva jahasa jaiporukuévo ñande libertad kuéra, ani hagua ñapyru ñande rapicha derecho ha libertad rehe; avei jaiko hagua moral ojerure háicha, orden público oipota háicha, ha petel sociedad democrática reko pyʼaguapy oikotevẽ Háicha.</para>
         </listitem>
         <listitem>
            <para>Koʼã derecho ha libertad juéra mbaʼeveichvérõ ndaikatúi ojeporu Naciones Unidas oipota ha opensáva cóntrape.</para>
         </listitem>
      </orderedlist>
   </article>
   <article number="30">
      <title>Art. 30</title>
      <para>Mbaʼevepunto ko Declaraciónpe olva noñentende vaʼerãi omeʼẽ Estádope, petel aty térã petel tapichápe, omoñepirũ ha omboguata hagua algún tembiapo ikatúva omboyke petelva jepe umi derecho ha libertad kuéra oñemboysyva ko Declaraciónpe.</para>
   </article>
</udhr>