<?xml version="1.0" encoding="UTF-8"?>

<!--© The Office of the High Commisioner for Human Rights-->

<udhr iso639-3='fin' xml:lang='fi' key='fin' n='Finnish' dir='ltr' iso15924='Latn' xmlns="http://www.unhchr.ch/udhr">
   <note>
      <para>Yhdistyneiden kansakuntien kolmas yleiskokous hyväksyi ja julkisti ihmisoikeuksien yleismaailmallisen julistuksen joulukuun 10. päivänä 1948. Julistuksen hyväksymisen puolesta äänesti 48 maata. Mikään maa ei äänestänyt vastaan. Kahdeksan maata pidättyi äänestämästä.</para>
      <para>Välittömästi tämän historiallisen tapahtuman jälkeen yleiskokous kehotti kaikkia jäsenmaita julkaisemaan julistuksen tekstin. Niitä pyydettiin "levittämään ja tekemään sitä tunnetuksi, lukemaan ja selittämään sitä ennen kaikkea kouluissa ja muissa oppilaitoksissa eri maiden ja alueiden poliittisista oloista riippumatta".</para>
      <para>Julistuksen virallinen teksti on saatavissa YK:n kuudella virallisella kielellä: arabiaksi, englanniksi, espanjaksi, kiinaksi, ranskaksi ja venäjäksi. Myös monet YK:n jäsenmaat ovat noudattaneet yleiskokouksen kehotusta ja kääntäneet julistuksen omalle kielelleen. Seuraavilla sivuilla oleva käännös on Suomen hallituksen vahvistama.</para>
      <para>Julistuksen ilmaiskappaleita on saatavana YK:n Kööpenhaminassa sijaitsevasta pohjoismaisesta tiedotustoimistosta YK:n virallisilla kielillä, pohjoismaisilla kielillä ja rajallinen määrä muilla kielillä.</para>
   </note>
   <title>IHMISOIKEUKSIEN YLEISMAAILMALLINEN JULISTUS</title>
   <preamble>
      <title>JOHDANTO</title>
      <para>Kun ihmiskunnan kaikkien jäsenten luonnollisen arvon ja heidän yhtäläisten ja luovuttamattomien oikeuksiensa tunnustaminen on vapauden, oikeudenmukaisuuden ja rauhan perustana maailmassa,</para>
      <para>kun ihmisoikeuksia on väheksytty tai ne on jätetty huomiota vaille, on tapahtunut raakalaistekoja, jotka ovat järkyttäneet ihmiskunnan omaatuntoa, ja kun kansojen korkeimmaksi päämääräksi on julistettu sellaisen maailman luominen, missä ihmiset voivat vapaasti nauttia sanan ja uskon vapautta sekä elää vapaina pelosta ja puutteesta,</para>
      <para>kun on välttämätöntä, että ihmisoikeudet turvataan oikeusjärjestyksellä, jotta ihmisten ei olisi pakko viimeisenä keinona nousta kapinaan pakkovaltaa ja sortoa vastaan,</para>
      <para>kun on tähdellistä edistää ystävällisten suhteiden kehittymistä kansojen välille,</para>
      <para>kun Yhdistyneiden Kansakuntien kansat ovat peruskirjassa vahvistaneet uskonsa ihmisten perusoikeuksiin, ihmisyksilön arvoon ja merkitykseen sekä miesten ja naisten yhtäläisiin oikeuksiin ja kun ne ovat ilmaisseet vakaan tahtonsa edistää sosiaalista kehitystä ja parempien elämisen ehtojen aikaansaamista vapaammissa oloissa,</para>
      <para>kun jäsenvaltiot ovat sitoutuneet edistämään, yhteistoiminnassa Yhdistyneet Kansakunnat -järjestön kanssa, ihmisoikeuksien ja perusvapauksien yleistä kunnioittamista ja noudattamista, ja</para>
      <para>kun yhteinen käsitys näiden oikeuksien ja vapauksien sisällöstä on mitä tärkein tämän sitoumuksen täydelliselle toteuttamiselle,</para>
      <para>Niin sen vuoksi</para>
      <para>YLEISKOKOUS</para>
      <para>antaa TÄMÄN IHMISOIKEUKSIEN YLEISMAAILMALLISEN JULISTUKSEN kaikkien kansojen ja kaikkien kansakuntien tavoiteltavaksi yhteiseksi ohjeeksi, jotta kukin yksilö ja kukin yhteiskuntaelin pyrkisi, pitäen alati mielessään tämän julistuksen, valistamalla ja opettamalla edistämään näiden oikeuksien ja vapauksien kunnioittamista sekä turvaamaan jatkuvin kansallisin ja kansainvälisin toimenpitein niiden yleisen ja tehokkaan tunnustamisen ja noudattamisen sekä itse jäsenvaltioiden kansojen että niiden oikeuspiirissä olevien alueiden kansojen keskuudessa.</para>
   </preamble>
   <article number="1">
      <title>1. artikla.</title>
      <para>Kaikki ihmiset syntyvät vapaina ja tasavertaisina arvoltaan ja oikeuksiltaan. Heille on annettu järki ja omatunto, ja heidän on toimittava toisiaan kohtaan veljeyden hengessä.</para>
   </article>
   <article number="2">
      <title>2. artikla.</title>
      <para>Jokainen on oikeutettu kaikkiin tässä julistuksessa esitettyihin oikeuksiin ja vapauksiin ilman minkäänlaista rotuun, väriin, sukupuoleen, kieleen, uskontoon, poliittiseen tai muuhun mielipiteeseen, kansalliseen tai yhteiskunnalliseen alkuperään, omaisuuteen, syntyperään tai muuhun tekijään perustuvaa erotusta.</para>
      <para>Mitään erotusta ei myöskään pidä tehdä sen maan tai alueen valtiollisen, hallinnollisen tai kansainvälisen aseman perusteella, johon henkilö kuuluu, olipa tämä alue itsenäinen, huoltohallinnossa, itsehallintoa vailla tai täysivaltaisuudeltaan minkä tahansa muun rajoituksen alainen.</para>
   </article>
   <article number="3">
      <title>3. artikla.</title>
      <para>Kullakin yksilöllä on oikeus elämään, vapauteen ja henkilökohtaiseen turvallisuuteen.</para>
   </article>
   <article number="4">
      <title>4. artikla.</title>
      <para>Ketään ei saa pitää orjana tai orjuutettuna, kaikki orjuuden ja orjakaupan muodot on kiellettävä.</para>
   </article>
   <article number="5">
      <title>5. artikla.</title>
      <para>Ketään ei saa kiduttaa eikä kohdella tai rangaista julmasti, epäinhimillisesti tai alentavasti.</para>
   </article>
   <article number="6">
      <title>6. artikla.</title>
      <para>Jokaisella ihmisellä on kaikkialla oikeus siihen, että hänet henkilönä tunnustetaan lain edessä.</para>
   </article>
   <article number="7">
      <title>7. artikla.</title>
      <para>Kaikki ovat tasavertaisia lain edessä ja oikeutetut erotuksetta yhtäläiseen lain suojaan. Kaikilla on oikeus tasavertaiseen suojaan tätä julistusta loukkaavaa syrjintää vastaan sekä kaikkea sellaiseen syrjintään tähtäävää yllytystä vastaan.</para>
   </article>
   <article number="8">
      <title>8. artikla.</title>
      <para>Jokaisella on oikeus tehokkaaseen hyvitykseen asianomaisessa kansallisessa tuomioistuimessa häneen kohdistuneista teoista, jotka loukkaavat hänelle valtiosäännöllä tai lailla turvattuja perusoikeuksia.</para>
   </article>
   <article number="9">
      <title>9. artikla.</title>
      <para>Ketään ei saa mielivaltaisesti pidättää, vangita tai ajaa maanpakoon.</para>
   </article>
   <article number="10">
      <title>10. artikla.</title>
      <para>Jokaisella on täysin tasa-arvoisesti oikeus siihen, että häntä oikeudenmukaisesti ja julkisesti kuullaan riippumattomassa ja puolueettomassa tuomioistuimessa hänen oikeuksiaan ja velvollisuuksiaan määrättäessä tai häntä vastaan nostettua rikossyytettä selvitettäessä.</para>
   </article>
   <article number="11">
      <title>11. artikla.</title>
      <orderedlist>
         <listitem>
            <para>Jokaisen rikollisesta teosta syytteessä olevan henkilön edellytetään olevan syytön siihen asti kunnes hänen syyllisyytensä on laillisesti todistettu julkisessa oikeudenkäynnissä, jossa hänelle turvataan kaikki hänen puolustustaan varten tarpeelliset takeet.</para>
         </listitem>
         <listitem>
            <para>Ketään ei pidä tuomita rangaistavaksi teoista tai laiminlyönneistä, jotka eivät kansallisen tai kansainvälisen oikeuden mukaan olleet rikollisia tekohetkellä. Myöskään ei pidä tuomita ankarampaan rangaistukseen, kuin mikä oli sovellettavissa rangaistavan teon suoritushetkellä.</para>
         </listitem>
      </orderedlist>
   </article>
   <article number="12">
      <title>12. artikla.</title>
      <para>Älköön mielivaltaisesti puututtako kenenkään yksityiselämään, perheeseen, kotiin tai kirjeenvaihtoon älköönkä loukattako kenenkään kunniaa ja mainetta. Jokaisella on oikeus lain suojaan sellaista puuttumista tai loukkausta vastaan.</para>
   </article>
   <article number="13">
      <title>13. artikla.</title>
      <orderedlist>
         <listitem>
            <para>Jokaisella on oikeus liikkua vapaasti ja valita asuinpaikkansa kunkin valtion sisällä.</para>
         </listitem>
         <listitem>
            <para>Jokaisella on oikeus lähteä maasta, myös omasta maastaan, ja palata maahansa.</para>
         </listitem>
      </orderedlist>
   </article>
   <article number="14">
      <title>14. artikla.</title>
      <orderedlist>
         <listitem>
            <para>Jokaisella vainon kohteeksi joutuneella on oikeus hakea ja nauttia turvapaikkaa muissa maissa.</para>
         </listitem>
         <listitem>
            <para>Tähän oikeuteen ei voida vedota, kun on kysymys tosi epäpoliittisista rikoksista johtuvista syytteistä tai teoista, jotka ovat vastoin Yhdistyneiden Kansakuntien periaatteita ja päämääriä.</para>
         </listitem>
      </orderedlist>
   </article>
   <article number="15">
      <title>15. artikla.</title>
      <orderedlist>
         <listitem>
            <para>Jokaisella on oikeus kansalaisuuteen.</para>
         </listitem>
         <listitem>
            <para>Keltään ei saa mielivaltaisesti riistää kansalaisuutta eikä evätä oikeutta kansalaisuuden vaihtamiseen.</para>
         </listitem>
      </orderedlist>
   </article>
   <article number="16">
      <title>16. artikla.</title>
      <orderedlist>
         <listitem>
            <para>Täysi-ikäisillä miehillä ja naisilla on oikeus solmia avioliitto ja perustaa perhe ilman minkäänlaisia rodusta, kansalaisuudesta tai uskonnosta johtuvia rajoituksia. Heillä on yhtäläiset oikeudet avioliittoon, avioliiton aikana ja sen purkamisen jälkeen.</para>
         </listitem>
         <listitem>
            <para>Avioliiton solmiminen tapahtukoon vain tulevien aviopuolisoiden vapaasta ja täydestä suostumuksesta.</para>
         </listitem>
         <listitem>
            <para>Perhe on yhteiskunnan luonnollinen ja perustava ydinosa ja sillä on oikeus yhteiskunnan ja valtion suojaan.</para>
         </listitem>
      </orderedlist>
   </article>
   <article number="17">
      <title>17. artikla.</title>
      <orderedlist>
         <listitem>
            <para>Jokaisella on oikeus omistaa omaisuutta yksin tai yhdessä toisten kanssa.</para>
         </listitem>
         <listitem>
            <para>Keltään älköön mielivaltaisesti riistettäkö hänen omaisuuttaan.</para>
         </listitem>
      </orderedlist>
   </article>
   <article number="18">
      <title>18. artikla.</title>
      <para>Jokaisella ihmisellä on ajatuksen, omantunnon ja uskonnon vapaus; tämä oikeus sisältää vapauden uskonnon tai vakaumuksen vaihtamiseen sekä uskonnon tai vakaumuksen julistamiseen yksin tai yhdessä toisten kanssa, sekä julkisesti että yksityisesti, opettamalla sekä harjoittamalla hartautta ja uskonnollisia menoja.</para>
   </article>
   <article number="19">
      <title>19. artikla.</title>
      <para>Jokaisella on oikeus mielipiteen- ja sananvapauteen; tähän sisältyy oikeus häiritsemättä pitää mielipiteensä sekä oikeus rajoista riippumatta hankkia, vastaanottaa ja levittää tietoja kaikkien tiedotusvälineiden kautta.</para>
   </article>
   <article number="20">
      <title>20. artikla.</title>
      <orderedlist>
         <listitem>
            <para>Kaikilla on oikeus rauhanomaiseen kokoontumis- ja yhdistymisvapauteen.</para>
         </listitem>
         <listitem>
            <para>Ketään ei saa pakottaa liittymään mihinkään yhdistykseen.</para>
         </listitem>
      </orderedlist>
   </article>
   <article number="21">
      <title>21. artikla.</title>
      <orderedlist>
         <listitem>
            <para>Jokaisella on oikeus osallistua maansa hallitsemiseen joko välittömästi tai vapaasti valittujen edustajien välityksellä.</para>
         </listitem>
         <listitem>
            <para>Jokaisella on yhtäläinen oikeus päästä maansa julkisiin toimiin.</para>
         </listitem>
         <listitem>
            <para>Kansan tahto on hallitusvallan perusta; tämä tahto on ilmaistava määräaikaisilla ja aidoilla vaaleilla, joissa kaikilla on yleinen ja yhtäläinen äänioikeus ja joissa äänestys on salainen tai muuta vaalivapauden turvaavaa menettelyä noudattava.</para>
         </listitem>
      </orderedlist>
   </article>
   <article number="22">
      <title>22. artikla.</title>
      <para>Jokaisella on yhteiskunnan jäsenenä oikeus sosiaaliturvaan sekä oikeus kansallisten toimenpiteiden ja kansainvälisen yhteistyön kautta kunkin maan järjestelmä ja voimavarat huomioonottaen, nauttia hänen ihmisarvolleen ja hänen yksilöllisen olemuksensa vapaalle kehittymiselle välttämättömiä taloudellisia, sosiaalisia ja sivistyksellisiä oikeuksia.</para>
   </article>
   <article number="23">
      <title>23. artikla.</title>
      <orderedlist>
         <listitem>
            <para>Jokaisella on oikeus työhön, työpaikan vapaaseen valintaan, oikeudenmukaisiin ja tyydyttäviin työehtoihin sekä suojaan työttömyyttä vastaan.</para>
         </listitem>
         <listitem>
            <para>Jokaisella on oikeus ilman minkäänlaista syrjintää samaan palkkaan samasta työstä.</para>
         </listitem>
         <listitem>
            <para>Jokaisella työtä tekevällä on oikeus kohtuulliseen ja riittävään palkkaan, joka turvaa hänelle ja hänen perheelleen ihmisarvon mukaisen toimeentulon ja jota tarpeen vaatiessa täydentävät muut sosiaalisen suojelun keinot.</para>
         </listitem>
         <listitem>
            <para>Jokaisella on oikeus perustaa ammattiyhdistyksiä ja liittyä niihin etujensa puolustamiseksi.</para>
         </listitem>
      </orderedlist>
   </article>
   <article number="24">
      <title>24. artikla.</title>
      <para>Jokaisella on oikeus lepoon ja vapaa-aikaan, työajan järkevään rajoittamiseen sekä määräaikaisiin palkallisiin lomiin.</para>
   </article>
   <article number="25">
      <title>25. artikla.</title>
      <orderedlist>
         <listitem>
            <para>Jokaisella on oikeus elintasoon, joka on riittävä turvaamaan hänen ja hänen perheensä terveyden ja hyvinvoinnin ravinnon, vaatetuksen, asunnon, lääkintähuollon ja välttämättömän yhteiskunnallisen huollon osalta. Jokaisella on myös oikeus turvaan työttömyyden, sairauden, tapaturman, leskeyden tai vanhuuden sekä muun hänen tahdostaan riippumatta tapahtuneen toimeentulon menetyksen varalta.</para>
         </listitem>
         <listitem>
            <para>Äideillä ja lapsilla on oikeus erityiseen huoltoon ja apuun. Kaikkien lasten, riippumatta siitä, ovatko he syntyneet avioliitossa tai sen ulkopuolella, tulee nauttia samaa yhteiskunnan suojaa.</para>
         </listitem>
      </orderedlist>
   </article>
   <article number="26">
      <title>26. artikla.</title>
      <orderedlist>
         <listitem>
            <para>Jokaisella on oikeus saada opetusta. Opetuksen on oltava ainakin alkeis- ja perusopetuksen osalta maksutonta. Alkeisopetuksen on oltava pakollinen. Teknistä ja ammattiopetusta on oltava yleisesti saatavilla, ja korkeamman opetuksen on oltava avoinna yhtäläisesti kaikille heidän kykyjensä mukaan.</para>
         </listitem>
         <listitem>
            <para>Opetuksen on pyrittävä ihmisen persoonallisuuden täyteen kehittämiseen sekä ihmisoikeuksien ja perusvapauksien kunnioittamisen vahvistamiseen. Sen tulee edistää ymmärtämystä, suvaitsevaisuutta ja ystävyyttä kaikkien kansakuntien ja kaikkien rotu- ja uskontoryhmien kesken sekä pyrkiä edistämään Yhdistyneiden Kansakuntien toimintaa rauhan ylläpitämiseksi.</para>
         </listitem>
         <listitem>
            <para>Vanhemmilla on ensisijainen oikeus valita heidän lapsilleen annettavan opetuksen laatu.</para>
         </listitem>
      </orderedlist>
   </article>
   <article number="27">
      <title>27. artikla.</title>
      <orderedlist>
         <listitem>
            <para>Jokaisella on oikeus vapaasti osallistua yhteiskunnan sivistyselämään, nauttia taiteista sekä päästä osalliseksi tieteen edistyksen mukanaan tuomista eduista.</para>
         </listitem>
         <listitem>
            <para>Jokaisella on oikeus niiden henkisten ja aineellisten etujen suojaamiseen, jotka johtuvat hänen luomastaan tieteellisestä, kirjallisesta tai taiteellisesta tuotannosta.</para>
         </listitem>
      </orderedlist>
   </article>
   <article number="28">
      <title>28. artikla.</title>
      <para>Jokaisella on oikeus sellaiseen yhteiskunnalliseen ja kansainväliseen järjestykseen, jonka puitteissa tässä julistuksessa esitetyt oikeudet ja velvollisuudet voivat täysin toteutua.</para>
   </article>
   <article number="29">
      <title>29. artikla.</title>
      <orderedlist>
         <listitem>
            <para>Jokaisella ihmisellä on velvollisuuksia yhteiskuntaa kohtaan, koska vain sen puitteissa hänen yksilöllisen olemuksensa vapaa ja täysi kehitys on mahdollinen.</para>
         </listitem>
         <listitem>
            <para>Käyttäessään oikeuksiaan ja nauttiessaan vapauksiaan kukaan ei ole muiden kuin sellaisten lailla säädettyjen rajoitusten alainen, joiden yksinomaisena tarkoituksena on turvata toisten oikeuksien ja vapauksien tunnustaminen ja kunnioittaminen sekä moraalin, julkisen järjestyksen ja yleisen hyvinvoinnin oikeutetut vaatimukset kansanvaltaisessa yhteiskunnassa.</para>
         </listitem>
         <listitem>
            <para>Näitä oikeuksia ja vapauksia ei missään tapauksessa saa käyttää vastoin Yhdistyneiden Kansakuntien päämääriä ja periaatteita.</para>
         </listitem>
      </orderedlist>
   </article>
   <article number="30">
      <title>30. artikla.</title>
      <para>Mitään tässä julistuksessa ei saa tulkita niin, että valtio, ryhmä tai yksityinen henkilö voi sen perusteella katsoa oikeudekseen tehdä sellaista, mikä voisi hävittää tässä määriteltyjä oikeuksia ja vapauksia.</para>
   </article>
</udhr>