<?xml version="1.0" encoding="UTF-8"?>

<!--© The Office of the High Commisioner for Human Rights-->

<udhr iso639-3='acu' xml:lang='acu' key='acu_1' n='Achuar-Shiwiar (1)' dir='ltr' iso15924='Latn' xmlns="http://www.unhchr.ch/udhr">
   <title>MASH AINTSTI IWIAKMAU AYAMPRUMATI</title>
   <note>
      <para>Nantu, Puá charáprnaiwej (10) musách (1948), yajaya aents chichaman ayamprin
junikiaru, juunt iruntramun najanawar .</para>
      <para>Kirakan nuya umpuararuiti umíktiniun etsérkaru aíniawai. Aintsti chichame, jú
kirakmamu pénker amíktin ármauwiti. Jú chichaman yajá nunkanam aújasar
nekawar, etsérkar, aujmattsar iniankákarat tusar. Tura aintsank uchi unuiminiana
ausha, aentsu chichame étserkamuana aún achikiar aujsar unuimiarart tusar.
Tura aentsank yajá nunkanam tepakmanumash mash jú papin nekawar, etsérkar,
paánt awajsamu atí tusar. Tura asamti nukap aints iruntrar, jú chichaman yajá
nunka. etserkamu atí tusar ejéraru aíniawai.</para>
   </note>
   <preamble>
      <title>ININTIMSAMU</title>
      <para>Juu nunkanam aintsti ankant nuya mai metekrak warasar penker pujustin awai
nuka iniuiti mash aisttiniununa yasha atantin jeatsuái.</para>
      <para>Penker inintimsamka aintsti nekàchmaujai nuya timianchau inintimtakur aintsu
penkeri nuya mai metekrak warasar pujutin emesmaji, tu asamti seamji ankant
umasmau áarat pasenumia, turakur ankant warasar pujúsarmi ii nekamujai
tusar.</para>
      <para>Aintsti inui penkeri aneakur chicham juukmakar kirak najanar ayamprumakur,
aintsnaun kajerin ainiaush nepekatatji turakur kakaram wajastatji.</para>
      <para>Penkerka juu nunkanam warasar nuya metekrak aujmatsar pujakur eemtikji
iniau nuya mash aintsti takakmau.</para>
      <para>Aintsti iwiakmauri nuya penkeri inintimtusar yajaa nunkanmaya aints iruntraru
juu takatan najanawaruiti, nuwasha aishmanjai mai metek arat tusar nuya
aintsan chichaman jusaruiti ikiakartai turam maimetek ankan suritkachmau
emkarat juu iwiakmaunum tusar.</para>
      <para>Mash nunkanam chichamant sumamsaruiti iruntrar aints iruntraru nuya mash
nunkanmaya aintsnau ayampruktai tusar chicham jusamuiti.</para>
      <para>Inintimsar chicham sumamasar aintsnau nuya aintsti akan pujustin
chichamramka penke shirmaiti.</para>
      <para>JUNT IRUNTRAMU</para>
      <para>MASH NEKAMTIKMAU AINTSU IWIAKMAURI AYAMPRUMATIRI</para>
     <para>Mashti inintimmau jusamuka, aintsti iwiakmauri mash nunkanam pant
awajjsamu ati tamawiti tu asamti ii aintsti iruntrautikia ikiakartiniutji,
unuimiatiniam páant jintiamu ati tiri turakur aintstiniau. nuya itiur ankan
pujustiniuit nusha mash nekamu nuya arantukmau juaktatui.ii pujamunmasha
nuya yaja nunkanam.</para>
   </preamble>
   <article number="1">
      <title>Umiktiniun iniakmauri kichik (Artículo 1)</title>
      <para>Penker inintimsamka mash aintsti ankan, metekrin nuya nii penkerin takakui nii
akiniamunmaya tu ausamti arantukmau atinuitji mai metekrak.</para>
   </article>
   <article number="2">
      <title>Umiktiniun iniakmauri jimiar (Artículo 2)</title>
      <para>Juu chithamnumka mash aintnau ayamprumaktin takakji warinmaksha pase
inintimtunitsuk, jirkauri, niniu unuimiarmaurijaish nuya kich chichamjaish, mai
metek armi tamawiti.</para>
       <para>Nusisan achuar mash nunkanam niisha pujuiniaausha, ni juntri umirin asar,
maanitiuk, kajernaitsuk, mai meték ayamprunikiar pénker pujusartin aíniawai.</para>
  </article>
   <article number="3">
      <title>Umiktiniun iniakmauri kampatam (Artículo 3)</title>
      <para>Mash aintsti takakji iniu iwiakrriauri, akan pujustin nuya pénker wainkamu
atiniutji</para>
   </article>
   <article number="4">
      <title>Umiktiniun iniakmauri yachintiuk (Artículo 4)</title>
      <para>Aintsti kajerkamu nuya iniarmau pujustin atsaji nuka pénker surimkamuiti.</para>
   </article>
   <article number="5">
      <title>Umiktiniun iniakmauri Uwej (Artículo 5)</title>
      <para>Yaksha asutramu, epenmiau, nuya yajasmauwa ainin jismau achatniuitji</para>
   </article>
   <article number="6">
      <title>Umiktiniun iniakmauri Irúk (Artículo 6)</title>
      <para>Mash aintsti iniu takakji tuwinsha páant nekamu nuya kirakmamu atiniutji</para>
   </article>
   <article number="7">
      <title>Umíktiniun iniakmauri jimiaruk (Artículo 7)</title>
      <para>Umiktin kirakjai jismasha mash metekraitji nuya mash ayamprukmau atin yash
menankichmau achatniuiti.</para>
   </article>
   <article number="8">
      <title>Umiktiniun iniakmauri mena (Artículo 8)</title>
      <para>Mash aintsti iniu ayamprumaktin takakji juunt iruntramunam nuya ayamkar iniu
ayamprumaktin kirakmamun uminiachmati.</para>
   </article>
   <article number="9">
      <title>Umiktiniun iniakmauri Ipiak (Artículo 9)</title>
      <para>Yaksha kakarmajai achikiar jea tanishmarmaunam epenmiau nuya asutramu
archátnuiti.</para>
   </article>
   <article number="10">
      <title>Umiktiniun iniakmauri maiwej (Artículo 10)</title>
      <para>Mash aintsti iniu ayamprumaktin takakjimetekrak anturnaikiatin nuya
umirnaikitin tura aintsan wari chicham akuisha penker nekarnaiya iwiaratin.</para>
   </article>
   <article number="11">
      <title>Umiktiniun iniakmauri maiwej kichik (Artículo 11)</title>
      <orderedlist>
         <listitem>
            <para>Mash aintsti iniu takakji ayamprumaktin warinsha najanachu arinink nankamir
tsanumamu akur, umiktin kirak najanamu ayamprutmaji, pant nekamu nuya
penker iwiarama juakat tinia.</para>
         </listitem>
         <listitem>
            <para>Umiktin kirakjai jisam warish atsau wainiatur yaksha pase umakmau atsutnuiti
nuya aintsan nuna pase najanatin atsawai.</para>
         </listitem>
      </orderedlist>
   </article>
   <article number="12">
      <title>Umiktiniun iniakmauri Maiwej jipiar (Artículo 12)</title>
      <para>Yaksha nii iwiakmaurin, nii weurijiai ni jeent pujau nuya tuwinsha pujau pase
umakmau nuya aintsan kajerkamu awatramu achatnuiti nuna ayamprutmaji
umiktin kirak najanmauka.</para>
   </article>
   <article number="13">
      <title>Umiktiniun iniakmauri maiwej kampatam (Artículo 13)</title>
      <orderedlist>
         <listitem>
            <para>Juu nunkanmanka mash aintsti iniu takakji ankan ii wakeramu wekasatin, irastin
nuya aintsan ii pujustin wainkatin.</para>
         </listitem>
         <listitem>
            <para>Mash aintsti iniutakakji yajaa nunkanam irastin, ii nunkencha nuya aintsank
irasar iniu nunken waketkir pujustiniun.</para>
         </listitem>
      </orderedlist>
   </article>
   <article number="14">
      <title>Umiktiniun iniakmauri maiwej yachintiuk. (Artículo 14)</title>
      <orderedlist>
         <listitem>
            <para>Tuwinsha turachkunka yajaa nunkanmasha uwempratin takakji aya neachmau
kajerkamu nuya apapekmau akur.</para>
         </listitem>
         <listitem>
            <para>Juu ayamprumamuka umiktin kirak nuya juunt iruntrau chichamen umikchata
tachamuiti, antsu chicham iwiarmaman uwemtikramji.</para>
         </listitem>
      </orderedlist>
   </article>
   <article number="15">
      <title>Umiktiniun iniakmauri maiwej uwej (Artículo 15)</title>
      <orderedlist>
         <listitem>
            <para>Mash aintsti takakji iniu pujamuri nekamu atín.</para>
         </listitem>
         <listitem>
            <para>Yaksh niniu suritkamu atsui nii pujamu nunkanam nuya aintsan yajaa nunkanam
pujustin.</para>
         </listitem>
      </orderedlist>
   </article>
   <article number="16">
      <title>Umiktiniun iniakmauri maiwej Irak (Artículo 16)</title>
      <orderedlist>
         <listitem>
            <para>Uchi natsmaru nuya nuwa nawanmaru nii nuwatnaikiar pujustlnlun yaksha
suritkashtiniuti, antsu niniuka nuwatnaik warasar pujustin nuya ni
tsaniakmaurijai ajapnayatin nuka nii inintin ainiawai.</para>
         </listitem>
         <listitem>
            <para>Antsu ninki anajmanirmaujai penker anturnainiak nuwatnaikiatin awai</para>
         </listitem>
         <listitem>
            <para>li weuka arutam amasmawiti nuya shirmaiti juuiwiakmaunum tura aintsan
takakji iniu ayamprukmau atin juu iwiakmaunum nuya juu nunkanam.</para>
         </listitem>
      </orderedlist>
   </article>
   <article number="17">
      <title>Umiktiniun iniakmaueri maiwej jimiairuk (Artículo 17)</title>
      <orderedlist>
         <listitem>
            <para>Mash aintsti takakji iniu, iniuk nuya mashnau jimiastin,</para>
         </listitem>
         <listitem>
            <para>Yaksha ni takakmau takustin suritkamu atsawai.</para>
         </listitem>
      </orderedlist>
   </article>
   <article number="18">
      <title>Umiktiniun iniakmauri maiwej mena (Artículo 18)</title>
      <para>Mash aintsti iniu takakji ankan inintimratin, nuya arutam umirkatin tura aintsan
iniuka awai iik yapajniatin yash tachamaitiatur ii inintimtairincha nuya arutam
umirkatniunmasha turakur páant awajkitn iniuk tura mashnum nekamu arat
tusar.</para>
   </article>
   <article number="19">
      <title>Umiktiniun iniakmauri maiwej ipiak (Artículo 19)</title>
      <para>Mash aintsti iniu takakji ankan ii inintimmau nuya chichaktin nuya aintsan mash
aintsti inintinmau pase ·umakmau nuya ekekar etseramu atsutnuiti.</para>
   </article>
   <article number="20">
      <title>Umiktiniun iniakmauri mai nawe (Artículo 20)</title>
      <orderedlist>
         <listitem>
            <para>Mash aintstí iniu takakji akan iruntratin nuya shiram kawenkar chicham
iwiarmau</para>
         </listitem>
         <listitem>
            <para>Yash utsukchamuiti kich iruntramunam wetiniun.</para>
         </listitem>
     </orderedlist>
   </article>
   <article number="21">
      <title>Umiktiniun iniakmauri mai nawe kichik (Artículo 21)</title>
      <orderedlist>
         <listitem>
            <para>Mash aintsti iniu takakji ii nunken juunt naamkatin nusha iruntrau chichamejai.</para>
         </listitem>
         <listitem>
            <para>Mash aintsti iiniu takakji tuwisha takakmastin nusha juu nunkanam paant
nekamu</para>
         </listitem>
         <listitem>
            <para>Aints iruntrau kakarmarijiai juuntri naamkatin jeaji. nuu kakaram susamuakur
nekas juntri atatji, tura aintsan ii inintimmau iniaikiatnuiti.</para>
         </listitem>
      </orderedlist>
   </article>
   <article number="22">
      <title>Umiktiniun iniakmauri mai nawe jimiar (Artículo 22)</title>
      <para>Mash aintsti iniu takakji juu iwiakmaunum pujau asar penker wainkamu atin tu
asamti penker wainkamu atiniutji kich iruntrarusha yainmau warasar pujustatji
mash yainmau akik chichamnum, nuya penker pujustin turakur emkir wetin ii
iwiakmaurin.</para>
   </article>
   <article number="23">
      <title>Umiktiniun iniakmauri mai nawe kampatam (Artículo 23)</title>
      <orderedlist>
         <listitem>
            <para>Mash aintsti iniu takakji takakmastin wari takata wakeraji nuwi takakmakur
warasar pujaji turakur takatrinchau pujatsji iiiwiakmaunum:</para>
         </listitem>
         <listitem>
            <para>Mash aintsti iniu takakji, yash menankichmau mai metek akik wainkatin aji</para>
         </listitem>
         <listitem>
            <para>li takakmamunam penker nuya mai metek akikmau atinuiti turakur ii weujisha
warasar pujustin tura aintsan penke kakaram uyumakrinkia iruntrau yainmau
aartinuitji</para>
         </listitem>
         <listitem>
            <para>Mash aintsti iniu takakji iruntratin nuya iruntraunam achikiatin iniu
ayamprumaktasar.</para>
         </listitem>
      </orderedlist>
   </article>
   <article number="24">
      <title>Umiktiniun iniakmauri mai nawe yachintiuk. (Artículo 24)</title>
      <para>Mash aintsti iniu takakji ayamratin, warastin akan amaunum nuya aintsank
takakmastin nuya ayampratin kintia tesarmau atiriuiti.</para>
   </article>
   <article number="25">
      <title>Umiktiniun iniakmauri mai nawe uwej (Artículo 25)</title>
      <orderedlist>
         <listitem>
            <para>Mash aintsti iniu takakji penker pujustin ii weujai timia nekaska yurumkanam,
ewejmaknum, tsuamatiniam, jea takustin nuya mashnum yainmau atinuiti tura
aintsan junmasakrin, wajemawakrin nuya ii namanken pasemarakrin yainkmau
atin takakji.</para>
         </listitem>
         <listitem>
            <para>Nuwa wakentin nuya uchi niniun takakui penker wainkamu nuya yainmau atin
nuya aintsan mash uchi niniun takuiniakui penker wainkamu atin nuatnaikiar
nuya ikian pujusarakiamu akusha.</para>
         </listitem>
      </orderedlist>
   </article>
   <article number="26">
      <title>Umiktiriiun iniakmauri mai nawe iruk (Artículo 26)</title>
      <orderedlist>
         <listitem>
            <para>Mash aints niniun takuiniakui unuimiartin tura aintsan akikmatkachmau
unuimiatnumka unuimiatinuiti nuya aintsan mashnum niniun takakui uchi,
natsa, juunt unuimiatiniam unuimiartiniun.</para>
         </listitem>
         <listitem>
            <para>Unuimiartinka takakui nii penkerin, aintstikia unuimiakir weakur iwiarnaji ii
penkerin nuamtaik aintsti arantuniktin, warutam kich aints nuya kich iruntrau
irunkuish tuke. arantukmau atinuiti tura aintsar takakmakir weakur juunt
nunkanmaya iruntraru yaiminiúash paant awasatatji.</para>
         </listitem>
         <listitem>
            <para>liniu aparinkia niniun takakui nii wakeramunam uchirin unuiniartin</para>
         </listitem>
      </orderedlist>
   </article>
   <article number="27">
      <title>Umiktiniun iniakmauri mai nawe jimiairuk (Artículo 27)</title>
      <orderedlist>
         <listitem>
            <para>Mash aintsti iniu takakji ii wakeramujai pujustin irutkamunam, irutkamu
chichame umiakur warinmash mash yainmau atatji takat nuya unuimiartin
chichamnum.</para>
         </listitem>
         <listitem>
            <para>Mash aintsti iniu takakji warinmash yainmau atin, inintimmaunum nuya aintsan
takatnum turasha juu takatnum unuimiartin, kirák najankatin nuya takakmati
chichamnun turakur ii nurintin najanartatji.</para>
         </listitem>
      </orderedlist>
   </article>
   <article number="28">
      <title>Umiktiniun iniakmauri mai nawe mena (Artículo 28)</title>
      <para>Mash aintsti wakeraji iniu ayamprumaktin páant nekamu ati mash nunkanam
nuya yaja nunkanmasha.</para>
   </article>
   <article number="29">
      <title>Umiktiniun iniakmauri mai nawe ipiak. (Artículo 29)</title>
      <orderedlist>
         <listitem>
            <para>Mash aintsti umiktin takakji irutkamu arantuktin ii penker tsakartiniun suramu
asakui.</para>
         </listitem>
         <listitem>
            <para>liniu umiakur warasar pujakrisha tuke umiktinuitji umiktin kirak najanamuka
turakur páant nekamu atátji kich aintsush arantakur warasar pujustatji tura
aintsaík aintsun umintikniush nuya aints iruntraush waramtikji</para>
         </listitem>
         <listitem>
            <para>liniu warasar pujamuka anajmarar wari takatash najanmau atsawai antsu yaja
nunkanmaya iruntraru inintimmauka aintsnau páant awajsata tamauwiti.</para>
         </listitem>
      </orderedlist>
   </article>
   <article number="30">
      <title>Umiktiniun iniakmauri kampatam nawe. (Artículo 30)</title>
      <para>Juu takat emtikmauka pase inintimchamuiti antsu juu takatka aintsti Inlu
takakmau páant awajsamu nuya arantukmau ati mash nunkanam tamauwiti.</para>
   </article>
</udhr>