<?xml version="1.0" encoding="UTF-8"?>

<!--© The Office of the High Commisioner for Human Rights-->

<udhr iso639-3="kmr" xml:lang="ku" key="kmr" n="Kurdish, Northern" dir="ltr" iso15924="Latn" xmlns="http://www.unhchr.ch/udhr">
   <title>Danezana gerdûnî ya mafên mirov</title>
   <preamble>
      <title>Dîbaçe</title>
      <para>Herwekî nasîna weqara pêgirê hemû endamên malbata mirovî û mafên wan ên wekhev û (jênager) bingehe azadî, dad û aşitiya cihanê pêk tîne,</para>
      <para>Herwekî nenasîn û piçûkdîtina mafên mirov rê dan barbar ku wijdana mirovhiyê didin isyanê û avakirina cihaneke ku tê de ewê heyinên mirovî di peyivîn û bawerkirinê de serbest bin, ji xof û belengaziyê rizgar bin wek xweziya bilindtirîn a mirov hate îlan kirin,</para>
      <para>Herweki bingehî ye ku mafên mirov ji alî rejîmeke hiqûqî bên parastin ji bo ku mirov mecbûr nemîne, wek çara dawîn, li dijî zorkarî û zulmê rabe,</para>
      <para>Herkekî teşwîqa pêşvebirina peywendiyên dostaniyê di navbera neteweyan de bingehî ye,</para>
      <para>Herwekî gelên Neteweyen Yekbûyî di Destûrê de ji nû ve baweriya xwe ya bi mafên bingehî yên mirov, di nav weqar û rûmeta kesê mirovî de û di wekheviya mafên mêr û jinan de, dane zanîn û diyar kirin ku ew biryardar in ku arîkarî bidin pêşveçûna çivakî û bicihkirina mecalên çêtir ên jiyanê di nav serbestiyeke mestir de,</para>
      <para>Herwekî dewletên endam qewl dane, ku bi hevkariya Teşkîlata Neteweyên Yekbûyî, riayeta gerdûnî û fiîlî ya mafên mirovî û azadiyên bingehî ewle bikin,</para>
      <para>Herwekî têgihiştineke hevbeş a van maf û azadiyan ji bo bi temamî bicîhanîna vê teahudê ji giringiya bilindtirîn e, Civîna Gelemperî vê Danezana Gerdûnî ya Mafên Mirovî</para>
      <para>wekî îdeala hevbeş a ku hemû gel û hemû netewe dixwazin bighênê ji bo ku hemû kes û hemû organên civakê, ev Danezan timî di bîr de, bi hînkirin û hêvotinê bixebitin ku riayeta van maf û azadiyan pêşve bibin û bi tedbîrên berebereyî yên neteweyî û navneteweyî, nasîn û bicihanîna gerdûnî û fiîlî yên wan him di nav gelên dewletên endam bi xwe him di nav yên erdên ku li jêr hukmê wan de ne ewle bikin.</para>
   </preamble>
   <article number="1">
      <title>Bend 1</title>
      <para>Hemû mirov azad û di weqar û mafan de wekhev tên dinyayê. Ew xwedî hiş û şuûr in û divê li hember hev bi zihniyeteke bratiyê bilivin.</para>
   </article>
   <article number="2">
      <title>Bend 2</title>
      <para>Heryek, bê tu cihêyî, nemaze ya nijad, reng, zayend (cisn), ziman, ol, ramana siyasî an her ramana din, eslê neteweyî an civakî, serwet, zayîn an her rewşeke din, xwediyê hemû maf û hemû azadiyên ku di vê Danezanê de hatine daxuyankirî ye.</para>
      <para>Bi serde, ewê tu cihêyî neyê kirin ji ber statuya siyasî, hiqûqî an navneteweyî ya welat an erdê ku kesek jê tê, heke ev welat an erd serbixwe, li jêr dest, ne xweser (otonom) an li jêr her tahdîda din a serweriyê be an na.</para>
  </article>
   <article number="3">
      <title>Bend 3</title>
      <para>Herkes xwedî mafê jiyan, azadî û ewleyiya şexsê xwe ye.</para>
   </article>
   <article number="4">
      <title>Bend 4</title>
      <para>Ewê tukes di koletî an bindestiyê de neyê girtin; koletî û bazirganiya koleyan bi hemû teşeyên xwe ve qedexe ne.</para>
   </article>
   <article number="5">
      <title>Bend 5</title>
      <para>Ewê tukes nebe tabiê şkence an ceza û muameleyên hov, namirovî an xirabker.</para>
   </article>
   <article number="6">
      <title>Bend 6</title>
      <para>Herkes xwediyê mafê nasîna li hemû ciyan a şexsiyeta xwe ya hiqûyî ye.</para>
   </article>
   <article number="7">
      <title>Bend 7</title>
      <para>Hemû mirov li ber qanûnan wekhev in û bê ciheyî xwediyê mafê parastineke wekhev a qanûn in. Hemû mirov li hemberî her cihêtiya ku vê Danezanê ihlal dike û li hemberî her navtêdana cihêtiyeke wilo xwediyê mafê parastineke wekhev in.</para>
   </article>
   <article number="8">
      <title>Bend 8</title>
      <para>Herkes maf heye ku li hemberî kirinên ku mafên bingehî yên ku qanûna bingehî an qanûn jê re dinasin ihlal dikin, serî li mehkemeyên neteweyî yên selahiyetdar bixe.</para>
   </article>
   <article number="9">
      <title>Bend 9</title>
      <para>Tukes nikare bi awayekî kêfî bê girtin, hebs an sirgûn kirin.</para>
   </article>
   <article number="10">
      <title>Bend 10</title>
      <para>Herkes, di wekheviyeke temamî de, maf heye ku doza wî li ber mehkemeyeke serbixwe û bê alî bi awayekî adil û eşkere bê bihîstin ji bo diyarkirina maf û wacibên wî û ya her tawana curmî li dijî wî.</para>
   </article>
   <article number="11">
      <title>Bend 11</title>
      <orderedlist>
         <listitem>
            <para>Her kesê ku bi kirineke curmî tê tawanbar kirin bêrî tê hesibîn ta ku sûcê wî di mehkemeyek eşkere, ku hemû garantiyên ji bo parastina wî pêwist ewle kiribe, bi awayekî qanûnî were îsbat kirin.</para>
         </listitem>
         <listitem>
            <para>Tukes nayê ceza kirin ji ber kirin an nekirinên ku di gava pêkhatina xwe de li gora qanûna neteweyî an navneteweyî ne sûc bûne.</para>
         </listitem>
      </orderedlist>
   </article>
   <article number="12">
      <title>Bend 12</title>
      <para>Nabe ku tukes bibe amanca têkilbûnên kêfî yên nav jiyana wî ya arizî, malbata wî, mala wî an nameyên wî, an ziyangihandina şeref û şana wî. Herkes xwediyê mafê parastina qanûn e li hemberî têkilbûn û ziyangihanên wilo.</para>
   </article>
   <article number="13">
      <title>Bend 13</title>
      <orderedlist>
         <listitem>
            <para>Mafê her kesî heye ku di nav tixûbên dewletekê de bi serbestî hatûçûnê bike û cihê mayîna xwe bibijêre.</para>
         </listitem>
         <listitem>
            <para>Herkes maf heye ku ji her welatî, yê wî bi xwe jî tê de, derkeve û vegere welatê xwe.</para>
         </listitem>
      </orderedlist>
   </article>
   <article number="14">
      <title>Bend 14</title>
      <orderedlist>
         <listitem>
            <para>Herkes maf heye ji ber zordestiyê li welatên din daxwaza penahê bike û bibe penabêr.</para>
         </listitem>
         <listitem>
            <para>Ev maf nikare bê xwastin ji bo taqîbatên bi rastî ji ber sûceke adî an ji ber kirinên dijî amanc û bingehên Neteweyên Yekbûyî.</para>
         </listitem>
      </orderedlist>
   </article>
   <article number="15">
      <title>Bend 15</title>
      <orderedlist>
         <listitem>
            <para>Herkes maf heye bibe xwediyê netewahiyekê (miliyetekê).</para>
         </listitem>
         <listitem>
            <para>Tukes nikare bi awayekî kêfî ne ji netewahiya xwe ne jî ji mafê netewahî guhartinê bête bêpar kirin.</para>
         </listitem>
      </orderedlist>
   </article>
   <article number="16">
      <title>Bend 16</title>
      <orderedlist>
         <listitem>
            <para>Ji temenê (emrê) balixiyê pê ve, mêr û jin, bê tu tahdîdên ji ber nijad, netewahî an olê, maf hene ku hev mehr bikin û malbatek deynin. Li hemberî zewacê, di domahiyê zewacê û di dema berdanê de ew xwedî mafên wekhev in.</para>
         </listitem>
         <listitem>
            <para>Mehr tenê bi erêkirina serbest û temamî ya jin û mêr dikare bête birrîn.</para>
         </listitem>
         <listitem>
            <para>Malbat hêmana xwezayî û bingehî ya civakê ye û xwedî maf e ku ji alî civak û dewletê ve bête parastin.</para>
         </listitem>
      </orderedlist>
   </article>
   <article number="17">
      <title>Bend 17</title>
      <orderedlist>
         <listitem>
            <para>Herkes maf heye ku bi serê xwe an tevî kesên din bibe xwedî mulk.</para>
         </listitem>
         <listitem>
            <para>Tukes nikare bi awayekî kêfî ji mulkê xwe bête bêpar kirin.</para>
         </listitem>
      </orderedlist>
   </article>
   <article number="18">
      <title>Bend 18</title>
      <para>Herkes mafê azadiya fikr, wijdan û olê heye; azadiya ol an bawerî guhartin û azadiya ol û baweriya xwe bi tenê an bi hev re him eşkere him arizî, bi hînkirin, emel, îbadet û bicihanîna ayînan nîşandanê jî di nav vî mafî de ne.</para>
   </article>
   <article number="19">
      <title>Bend 19</title>
      <para>Herkes mafê azadiya fikr û îfade heye; mafê ji ber ramanên xwe nehatin êşandin û herweha mafê bêî nasîna tu sînoran û bi her cure navgînan li agahdariyan û fikran gerîn, wan bi dest xistin û îfade û belavkirin dikevin nav vî mafî.</para>
   </article>
   <article number="20">
      <title>Bend 20</title>
      <orderedlist>
          <listitem>
            <para>Herkes mafê azadiya aramane civîn û komelê danînê heye.</para>
         </listitem>
         <listitem>
            <para>Tukes nikare bête mecbûr kirin ku bibe endamê komeleyekê.</para>
         </listitem>
     </orderedlist>
   </article>
   <article number="21">
      <title>Bend 21</title>
      <orderedlist>
         <listitem>
            <para>Mafê her kesî heye ku rasterast an jî bi riya nemînendeyên xwe yên bi serbestî helbijartî di hukûmeta welatê xwe de beşdar bibe.</para>
         </listitem>
         <listitem>
            <para>Herkes maf heye ku di mercên wekheviyê de ji xizmetên giştî yên welatê xwe kelk (istifade) bigire.</para>
         </listitem>
         <listitem>
            <para>Viyana (îradeya) gel bingehê otorîteya hukûmetê ye; divê ku ev viyan xwe di helbijartinên durust ên ku di demên dewrî de, bi raya gerdûnî, wekhev û dengdana dizî an li gora awayeke hevrûmet a ku azadiya dengdanê ewle bike, xwe diyar ke.</para>
         </listitem>
      </orderedlist>
   </article>
   <article number="22">
      <title>Bend 22</title>
      <para>Herkes, wekî endamê civakî, mafê ewleyiya sosyal heye; Ew mafdar e ku bi riya xebata neteweyî û hevkariya navneteweyî û li gora tenzîm û hatiniyên her dewletê, doza bidestxistina mafên aborî, civakî û çandî yên ku jo bo weqara wî û geşbûna serbest a şexsiyeta wî ferz in, bike.</para>
   </article>
   <article number="23">
      <title>Bend 23</title>
      <orderedlist>
         <listitem>
            <para>Herkes mafê xebatê, serbest bijartina xebata xwe, şertên adil û musaîd ên xebatê û parastina li dijî bêkariyê heye.</para>
         </listitem>
         <listitem>
            <para>Herkes, bêî tu cihêyî, maf heye ku ji bo xebateke wekhev heqek wekhev bistîne.</para>
         </listitem>
         <listitem>
            <para>Herkesê ku dixebite mafê meaşek adil û têrker ê ku dikaribe ji wî û ji malbata wî re jiyaneke şayanê weqara mirovî ewle bike û heke pêwîst be bi îmkanên din ên parastina sosyal bê temam kirin, heye.</para>
         </listitem>
         <listitem>
            <para>Herkes maf heye ku ji bo parastina menfaetên xwe sendîka deyne û bikeve nav sendîkan.</para>
         </listitem>
      </orderedlist>
   </article>
   <article number="24">
      <title>Bend 24</title>
      <para>Herkes mafê bihndan (istirahet) û demên serbest û nemaze tahdîdeke maqûl a dema xebatê û tatîlên dewrî yên bi meaş heye.</para>
   </article>
   <article number="25">
      <title>Bend 25</title>
      <orderedlist>
         <listitem>
            <para>Herkes mafê sewiyeke jiyanê ku têra ewlekirina saxî û rehetiya wî û ya malbata wî bike heye, nemaze ji bo xwarin, lixwekirin, mal, lênerîna tibbî, wisa jî ji bo xizmetên sosyal ên pêwîst û mafê ewleyiyê di rewşa bêkarî, nexweşî, seqetî, bîtî, pîrî an di rewşên din ên windakirina îmkanên xwe yên jiyanê ji ber sedemên dervavî viyana wî.</para>
         </listitem>
         <listitem>
            <para>Dêyîtî û zarotî mafên arîkarî û lênêrîneke taybetî hene. Hemû zaro, çi yên di zewacê de bûyi çi yên dervayî zewacê, xwediyên eynî parastineke civakî ne.</para>
         </listitem>
      </orderedlist>
   </article>
   <article number="26">
      <title>Bend 26</title>
      <orderedlist>
         <listitem>
            <para>Herkes mafê hînbûnê heye. Divê ku hînbûn belaş be, qet nebe hînbûna destpêkî û bingehî. Divê ku hînbûna teknîk û meslekî bi firehî belav be û xwendina bilind bi wekheviyeke temamî ji hemû kesan re, li gora şehrezayiya wan, vekirî be.</para>
         </listitem>
         <listitem>
            <para>Divê ku hînkirin geşkirina temamî ya şexsiyeta mirovî û xurtkirina siyaseta mafên mirovî û azadiyên bingehî amanc bigre. Divê ku ew arîkarî bide têgihîştin, musameha û dostaniya nav hemû netewe û hemû komên nijadî an olî, wisa jî pêşveçûna çalakiyên Neteweyên Yekbûyî ji bo xwedîkirina aşîtiyê.</para>
         </listitem>
         <listitem>
            <para>Dê û bav xwediyê mafê pêşîkî ê bijartina cureyê hînbûna zarokên xwe ne.</para>
         </listitem>
      </orderedlist>
   </article>
   <article number="27">
      <title>Bend 27</title>
      <orderedlist>
         <listitem>
            <para>Herkes mafê bi serbestî beşdarbûna jiyana çandî ya civakê, ji huneran kelkgirtinê û beşdarbûna pêşveçûna zanistî û encamên wê heye.</para>
         </listitem>
         <listitem>
            <para>Herkes mafê parastina menfaetên manewî û maddî yên ku ji ber berhema zanistî, edebî û hunerî ya ku ew bi xwe çêkerê wê ye heye.</para>
         </listitem>
      </orderedlist>
   </article>
   <article number="28">
      <title>Bend 28</title>
      <para>Mafê her kesî yê ji bo nîzameke civakî û navneteweyî ya wisan heye ku maf û azadiyên di vê Danezanê de berpêşkirî bikaribin tê de bi temamî bêne cih.</para>
   </article>
   <article number="29">
      <title>Bend 29</title>
      <orderedlist>
         <listitem>
            <para>Herkes erk (wezîfe) hene li hember civakê, ya ku tenê tê de geşbûna serbest û temamî ya şexsiyeta wî mimkin e.</para>
         </listitem>
         <listitem>
            <para>Di bikaranîna maf û azadiyên xwe de heryek tenê bi hukmên ku qanûn tenê ji bo ewlekirina nasîn û qedrê maf û azadiyên kesên din û ji bo bicihanîna xwastiniyên rast ên exlaq, pergala giştî û refeha gelemper di civakeke demokratîk de daniye, tê tahdîd kirin.</para>
         </listitem>
         <listitem>
            <para>Ev maf û azadî, di tu rewşê de, nikarin li dijî amanc û bingehên Neteweyên Yekbûyî bên bi kar anîn.</para>
         </listitem>
      </orderedlist>
   </article>
   <article number="30">
      <title>Bend 30</title>
      <para>Tu hukmekî vê Danezanê nikare bê tefsîr kirin wekî ku tu maf dide dewletekê, komekê û kesekî ji bo kirina karekî an pêkanîna kirinekî ku rakirina maf û azadiyên ku tê de hatine berpêş kirin amanc bigre.</para>
   </article>
</udhr>
