<?xml version="1.0" encoding="UTF-8"?>

<!--© The Office of the High Commisioner for Human Rights-->

<udhr iso639-3='bcl' xml:lang='bik' key='bcl' n='Bicolano, Central' dir='ltr' iso15924='Latn' xmlns="http://www.unhchr.ch/udhr">
   <title>Declaracion Universal nin mga derechos humanos</title>
   <preamble>
      <title>Preambulo</title>
      <para>Huli ta an pagkamidbid kan dignidad intrinseca asin an parantay asin inalienableng mga derechos kan gabos na miembros kan familia humana iyo an fundacion nin katalinkasan , justicia asin katoninongan sa bilog na kinaban,</para>
      <para>Huli ta an ginikanan nin mga makangirongirhat na mga gawe laban sa conciencia nin katawohan iyo an pagbalga asin pagmenos kan derechos humanos, asin ta sa pagpahayag na an pinakahalangkaw na kamawotan nin katawohan iyo an magkaigwa nin sarong kinaban na kun saen an gabos na tawo mayo nin pagkatakot asin miseria, asin igwang katalinkasan sa pagtaram asin man katalinkasan nin pagtubod,</para>
      <para>Huli ta mahalaga na mabantayan an derechos humanos sa irarom nin sistemang may pagkuyog sa ley, tanganing an tawo dai mapiritan na magrebelde, bilang ultimong paagi, laban sa tirania asin opresion,</para>
      <para>Huli ta mahalagang pakusogon an kaboronyogan nin mga naciones,</para>
      <para>Huli ta sa Carta, an mga banwaan kan Naciones Unidas nagpahayag liwat kan saindang pagtubod sa mga fundamental na derechos humanos, sa dignidad asin halaga kan pagkatawo asin sa parantay na derechos nin mga lalaki asin babae, asin man ta nagkasararo na ikapadagos an pagtalubo nin banwaan asin an mas marahay na kabuhayan na igwang orog na katalinkasan,</para>
      <para>Huli ta an mga Estados Miembros, nangako na maghingoa na makamtan, sa pakipagtabangan kan Naciones Unidas, an pagbalangibog nin pangabos na pagrespeto asin pagsunod kan derechos humanos asin mga fundamental na katalinkasan,</para>
      <para>Huli ta kinakaipuhan nanggad an sarong pagkasabot kaining mga derechos asin mga katalinkasan tanganing mautob ining pangako,</para>
      <para>Kaya, ngonian,</para>
      <para>an Asamblea General minapahayag</para>
      <para>Kaining Declaracion Universal nin mga Derechos Humanos bilang sarong kamawotan na dapat makamtan kan gabos na banwaan asin naciones, tanganing an lambang saro asin lambang institucion nin banwaan, sa danay na pagromdom kaining Declaracion, maghingoa sa paagi nin pagtukdo asin educacion, na ikabalangibog an pagrespeto kaining mga derechos asin mga katalinkasan, asin sa paagi nin medios na progresivo, nacional asin internacional, makamtan an saindang pangabos asin efectivong pagmidbid asin pagsunod, sa mga banwaan man sana kan mga Estados Miembros asin man sa mga banwaan kan mga territorios na yaon sa saindang kapangyarihan.</para>
   </preamble>
   <article number="1">
      <title>Articulo 1</title>
      <para>An gabos na tawo ipinangaking may katalinkasan asin parantay sa dignidad asin derechos. Sinda gabos tinawan nin pag-isip asin conciencia kaya dapat na makipag-iriba sa lambang saro bilang mga magturugang.</para>
   </article>
   <article number="2">
      <title>Articulo 2</title>
      <para>An lambang saro igwa nin gabos na mga derechos asin mga katalinkasan na ipinahayag sa Declaracion na ini, na mayo nin ano man na palaen arog kan raza, color, sexo, linguage, religion, opinion politica o nagkaiba pa, nacional o social na pinaghalean, pagsadiri, pagkamundag o iba pang condicion.</para>
      <para>Siring man, mayo nin ano man na palaen an itotogot na ikabase sa condicion politica, juridica o internacional, kan nacion o territorio na kinabibilangan nin sarong tawo, independiente man o sarong pagkatiwala, o mayong autonomia o nasa irarom nin ano pa man na limitacion nin soberania.</para>
   </article>
   <article number="3">
      <title>Articulo 3</title>
      <para>An lambang saro igwa nin derecho nin buhay, katalinkasan, asin seguridad nin pagkatawo.</para>
   </article>
   <article number="4">
      <title>Articulo 4</title>
      <para>Mayo nin siisay man an ipapasairarom sa kaoripnan o sa servidumbre; an pag-oripon asin an pagpabakal nin mga oripon, sa ano man na forma, dai nanggad pagtotogotan.</para>
   </article>
   <article number="5">
      <title>Articulo 5</title>
      <para>Mayo nin siisay man an ipapasairarom sa labi-labing pagkulog o sa brutal o bako sa tawong kastigo o pagmaltrato.</para>
   </article>
   <article number="6">
      <title>Articulo 6</title>
      <para>An lambang saro igwa nin derecho nin pagkamidbid bilang sarong persona sa atubang nin ley.</para>
   </article>
   <article number="7">
      <title>Articulo 7</title>
      <para>An gabos parantay sa atubang kan ley asin igwa nin derecho, na mayo nin ano man na discriminacion, sa pantay-pantay na proteccion nin ley. Gabos igwa nin derecho sa nagkaparehong proteccion laban sa ano man na discriminacion na minabalga kaining Declaracion asin contra sa ano man na pag-olog-olog para sa nasabing discriminacion.</para>
   </article>
   <article number="8">
      <title>Articulo 8</title>
      <para>An lambang saro igwa nin derecho sa efectivong paagi na dapat ikatao kan mga competenteng tribunales kan nacion contra sa mga gawe na minabalga kan mga fundamental na derechos na ginagarantia kan constitucion o kan ley para sa saiya.</para>
   </article>
   <article number="9">
      <title>Articulo 9</title>
      <para>Mayo nin siisay man an ipapasairarom sa basta-bastang pagdakop, pagkulong o pagsobol.</para>
   </article>
   <article number="10">
      <title>Articulo 10</title>
      <para>An lambang saro igwa nin derecho, na may pagkapantay-pantay, sa vistang may justicia asin sa publico, kan sarong tribunal na independiente asin imparcial, sa pagdeterminar kan saiyang mga derechos asin mga katungdan asin nin ano man na acusacion criminal laban saiya.</para>
   </article>
   <article number="11">
      <title>Articulo 11</title>
      <orderedlist>
         <listitem>
            <para>An lambang acusado igwa nin derecho na ikapresumir na inocente mantang dai naproprobaran na nagkasala nanggad conforme sa ley asin sa laog nin sarong vista publico, asin kun saen siya natawan nin gabos na garantias na kaipuhan sa saiyang defensa.</para>
         </listitem>
         <listitem>
            <para>Mayo nin siisay man an icocondenar sa pagbalga criminal huli sa ano man na gawe o kapabayaan na kan momentong ginibo bako pang sarong crimen sosog sa ley nacional o internacional. Siring man, dai dapat nanggad na ikatao an padusa na mas grabe pa sa sentenciang aplicable sa momentong ginibo an nasabing crimen.</para>
         </listitem>
      </orderedlist>
   </article>
   <article number="12">
      <title>Articulo 12</title>
      <para>Mayo nin ssiisay man an ipapasairarom sa basta-bastang pagpakiaram sa saiyang buhay privado, familia, harong o pakipagsuratan, o sa mga atake sa saiyang honor asin reputacion. Am lambang saro igwa nin derecho sa proteccion nin ley laban sa mga nasabing pagpakiaram o mga atake.</para>
   </article>
   <article number="13">
      <title>Articulo 13</title>
      <orderedlist>
         <listitem>
            <para>An lambang saro igwa nin derechong magborobalyo asin sa pagpili nin estaran sa laog kan territorio nin lambang Estado.</para>
         </listitem>
         <listitem>
            <para>An lambang saro igwa nin derecho na maghale sa arin man na nacion, kaibahan an saiyang sadiring nacion, asin na makapuli sa saiyang sadiri man na nacion.</para>
         </listitem>
      </orderedlist>
   </article>
   <article number="14">
      <title>Articulo 14</title>
      <orderedlist>
         <listitem>
            <para>Sa caso nin persecucion, an lambang saro igwa nin derecho na makapagsaboot nin asilo sa ibang nacion.</para>
         </listitem>
         <listitem>
            <para>An derechong ini dai puedeng gamiton bilang defensa contra sa prosecucion na tunay na basado sa mga crimen comunes o sa mga gawe na contra sa mga katuyohan asin principios kan Naciones Unidas.</para>
         </listitem>
      </orderedlist>
   </article>
   <article number="15">
      <title>Articulo 15</title>
      <orderedlist>
         <listitem>
            <para>An lambang saro igwa nin derecho sa nacionalidad.</para>
         </listitem>
         <listitem>
            <para>Mayo nin siisay man an basta-bastang hahalean nin nacionalidad o kan saiyang derecho sa pagsangle nin nacionalidad.</para>
         </listitem>
      </orderedlist>
   </article>
   <article number="16">
      <title>Articulo 16</title>
      <orderedlist>
         <listitem>
            <para>An mga lalaki asin babaeng nasa edad, igwa nin derecho, na mayo nin ano man na limitacion huli sa raza, nacionalidad o religion, na mag-aragom asin magpoon nin familia. Sinda igwa nin parantay na derechos mapapadapit sa kasal, durante nin pagkasal asin sa pagtapos nin kasal.</para>
         </listitem>
         <listitem>
            <para>An pag-aragom dapat gikan sa bilog na kabotan kan futurong esposo o esposa.</para>
         </listitem>
         <listitem>
            <para>An familia iyo an natural asin fundamental na grupo-elemento kan banwaan asin igwa nin derecho sa proteccion kan banwaan asin kan Estado.</para>
         </listitem>
      </orderedlist>
   </article>
   <article number="17">
      <title>Articulo 17</title>
      <orderedlist>
         <listitem>
            <para>An lambang saro igwa nin derecho sa solong pagsadiri o na may kairiba.</para>
         </listitem>
         <listitem>
            <para>Mayo nin siisay man an basta-bastang kukuanan nin saiyang pagsasadiri.</para>
         </listitem>
      </orderedlist>
   </article>
   <article number="18">
      <title>Articulo 18</title>
      <para>An lambang saro igwa nin derecho nin katalinkasan sa pag-isip, conciencia o religion; kaibahan sa derechong ini an katalinkasan na magsalida nin saiyang religion o pagtubod, asin katalinkasan, solo-solo man o may pag-iriba asin sa publico o privado, na magpahayag kan saiyang religion o pagtubod sa paagi nin pagktukdo, kagawean, pagsamba asin pagsunod.</para>
   </article>
   <article number="19">
      <title>Articulo 19</title>
      <para>An lambang saro igwa nin derecho nin katalinkasan sa pagpahayag nin opinion o exprecion; kaibahan sa derechong ini an katalinkasan sa sadiring opinion na mayo ning pagpakiaram asin an katalinkasan na maghanap, mag-ako asin magbalangibog nin mga informacion asin opinion huli sa ano man na medios magsaen pa man.</para>
   </article>
   <article number="20">
      <title>Articulo 20</title>
      <orderedlist>
         <listitem>
            <para>An lambang saro igwa nin derecho nin katalinkasan sa matoninong na pagtiripon asin pakipag-iriba.</para>
         </listitem>
         <listitem>
            <para>Maypo nin siisay man an puedeng piriton sa sarong pag-iribanan.</para>
         </listitem>
      </orderedlist>
   </article>
   <article number="21">
      <title>Articulo 21</title>
      <orderedlist>
         <listitem>
            <para>An lambang saro igwa nin derecho na makabale sa gobierno kan saiyang nacion, directamente o huli kan representantes na nagkapirili sa makatalinkasang paagi.</para>
         </listitem>
         <listitem>
            <para>An lambang saro igwa nin derecho sa parantay na acceso sa mga servicios publicos sa saiyang nacion.</para>
         </listitem>
         <listitem>
            <para>An kabotan kan banwaan iyo an dapat na pinaghahalean kan autoridad kan gobierno; an kabotan na ini dapat na maipahayag sa regular asin tunay na eleccion, na dapat sa paagi nin pangabos asin parantay na pagvoto, asin dapat man na secreto o sa nagkaparehong paagi na may katalinkasan nin pagvoto.</para>
         </listitem>
      </orderedlist>
   </article>
   <article number="22">
      <title>Articulo 22</title>
      <para>An lambang saro, bilang miembro nin banwaan, igwa nin derecho sa seguridad social asin sa pagkamit, sa paagi nin nacional na paghingoa o internacional na pagtarabangan sosog sa organizacion asin kakayahan kan lambang Estado, kan saiyang mga derechos economicos, social asin cultural, na indispensable para sa saiyang dignidad asin sa makatalinkasang pagtalubo kan saiyang pagkatawo.</para>
   </article>
   <article number="23">
      <title>Articulo 23</title>
      <orderedlist>
         <listitem>
            <para>An lambang saro igwa nin derecho sa pagtrabaho asin sa pagpili nin empleo, asin sa may justicia asin marhay na condiciones sa saiyang trabajo asin proteccion contra sa pagkamayo nin trabajo.</para>
         </listitem>
         <listitem>
            <para>An lambang saro igwa nin derecho sa parantay na sweldo sa nagkaparehong pagtrabaho na mayo nin discriminacion.</para>
         </listitem>
         <listitem>
            <para>An lambang saro na minatrabaho igwa nin derecho sa tama asin nakakarahay na sweldo na minapaseguro saiya asin sa saiyang familia na magkaigwa nin buhay na maninigo sa saiyang dignidad, asin man nadadagdagan, kun kinakaipuhan, nin ibang medios nin proteccion social.</para>
         </listitem>
         <listitem>
            <para>An lambang saro igwa nin derecho na makapagforma asin makiiba sa mga union para sa proteccion kan saiyang intereses.</para>
         </listitem>
      </orderedlist>
   </article>
   <article number="24">
      <title>Articulo 24</title>
      <para>An lambang saro igwa nin derecho sa pagpahingalo asin paglibang, kaibahan an tamang limitacion sa oras nin pagtrabaho asin sa regular na vacacion na may bayad.</para>
   </article>
   <article number="25">
      <title>Articulo 25</title>
      <orderedlist>
         <listitem>
            <para>An lambang saro igwa nin derecho sa sarong pagkabuhay na kaipuhan kan saiyang salud asin karahayan, asin kan saiyang familia, kaibahan an pagkakanm, pagbado, harong asin medical na pagtabangm, asin sa kinakaipuhang servicios sociales, asin derecho nin seguridad sa caso nin pagkamayongtrabaho, paghelang, disabilidad, pagkabalo, pagkagurang o iba pang kakulangan sa pagbuhay-buhay huli kan mga circunstancias na mayo sa saiyang poder.</para>
         </listitem>
         <listitem>
            <para>An pagkani-ina asin pagkani-aki dapat na tawan nin especial na pag-ataman asi pagtabang. Gabos na aki, sa laog o luwas nin kasal, igwa nin derecho sa parehong proteccion social.</para>
         </listitem>
      </orderedlist>
   </article>
   <article number="26">
      <title>Articulo 26</title>
      <orderedlist>
         <listitem>
            <para>An lambang saro igwa nin derecho sa educacion. An educacion dapat na libre, kun mapupuede sa elementaria asin sa fundamental na mga grado nin pagtalubo. An educacion sa elementaria dapat na sarong obligacion. An educacion tecnica o profesional dapat na bukas sa gabos, asin an mas halangkaw na pag-adal dapat na bukas man sa gabos basado sa merito kan lambang saro.</para>
         </listitem>
         <listitem>
            <para>An katuyohan nin educacion dapat iyo an completong pagtalubo kan pagkatawo nin lambang saro asin an pagpakusog nin derechos humanos asin mga fundamental na katalinkasan. Iyan man dapat na magbalangibog kan pagkakairintindihan, paggalang sa iba asin kaboronyogan kan mga naciones, etnico o religiosong mga grupo, asin dapat na makatabang sa mga paghingoa kan Naciones Unidas para sa pagmantener nin katoninongan.</para>
         </listitem>
         <listitem>
            <para>An mga magurang igwa nin na-eenot na derecho sa klase nin educacion na saindang boot ikatao sa saindang mga aki.</para>
         </listitem>
      </orderedlist>
   </article>
   <article number="27">
      <title>Articulo 27</title>
      <orderedlist>
         <listitem>
            <para>An lambang saro igwa nin derecho sa makatalinkasang pakibale sa buhay cultural kan saiyang banwaan, sa pag-ogma kan artes asin sa pagpakinabang kan mga progreso cientifico asin kan mga beneficios kan nasabing mga progreso.</para>
         </listitem>
         <listitem>
            <para>An lambang saro igwa nin derecho sa proteccion kan ano man na moral asin material na intereses na gikan sa ano man na cientifica o literaria o artisticang gibo na siya an kaggibo.</para>
         </listitem>
      </orderedlist>
   </article>
   <article number="28">
      <title>Articulo 28</title>
      <para>An lambang saro igwa nin derecho sa social asin internacional na sistema kun saen an mga derechos asin mga katalinkasan na ipinahayag kaining Declaracion bilog na makamtan.</para>
   </article>
   <article number="29">
      <title>Articulo 29</title>
      <orderedlist>
         <listitem>
            <para>An lambang saro igwa nin mga katungdan sa banwaan na kun saen man sana posible an makatalinkasan asin bilog na pagtalubo kan saiyang pagkatawo.</para>
         </listitem>
         <listitem>
            <para>Sa mga gawe huli kan saiyang derechos asin mga katalinkasan, lambang saro ikakasairarom sa mga limitaciones nin ley para sa pagkamit sana kan pagmidbid asin pagrespeto sa mga derechos asin katalinkasan nin iba asin uyon sana sa tunay na mga pangangaipo nin moralidad, orden publico asin karahayan kan gabos sa laog nin sarong democratricong banwaan.</para>
         </listitem>
         <listitem>
            <para>Dai nanggad itinutugot na ining mga derechos asin mga katalinkasan gamiton sa mga gibong laban sa mga katuyohan asin principios kan Naciones Unidas.</para>
         </listitem>
      </orderedlist>
   </article>
   <article number="30">
      <title>Articulo 30</title>
      <para>Mayo nin ano man sa Declaracion na ini an puedeng saboton na minatao sa ano man na Estado, grupo o siisay man, nin derecho sa mga gawe-gawe o kagibuhan para sa supresion kan ano man na derechos asin mga katalinkasan na ipinahayag kaining Declaracion.</para>
   </article>
</udhr>