<?xml version="1.0" encoding="UTF-8"?>

<!--© The Office of the High Commisioner for Human Rights-->

<udhr iso639-3='som' xml:lang='so' key='som' n='Somali' dir='ltr' iso15924='Latn' xmlns="http://www.unhchr.ch/udhr">
  <title>BAAQA CAALAMIGA EE XUQ WQDA AADANAHA</title>
  <preamble>
    <title>Hordhac</title>
    <para>Iyadoo aqoonsiga sharafta uu ku dhashay iyo xuquuqda maguurtada ah ee ay u siman-yihiin dadweynaha adduunku uu yahay saldhigga xorriyada, caddaaladda iyo nabadda dunida.</para>
    <para>Iyadoo aqoonsi la'aanta iyo ku tumashada xuquuqda aadanuhu ay ka dhasheen falal waxashtinimo ah oo shucuurta aadanuhu ka danqato iyo iyadoo gaaritaanka duni aadanaha ku nooli haystaan xornimo ay ku cabbiraan fikradahooda iyo waxay aaminsan yihiin iyo iyagoon qabin cabsi iyo baahi, laguna dhawaaqay inay tahay ujeedada ugu weyn ee uu dadku leeyahay.</para>
    <para>Iyadoo ay tahay lagama maarmaan in xuquuqda aadanuhu ay noqdaan kuwo sharcigu dhowro, si uusan qofku, ugu dambeynta, ugu baahan inuu xoog kaga soo horjeesto cadaadiska.</para>
    <para>Iyadoo ay tahay lagama maarmaan in sare loo qaado horumarinta xiriirka saaxiibtinimo ee ka dhexeeya Dowladaha.</para>
    <para>Iyadoo dadyowga dunidu ay ku caddeeyeen mar kale Dastuurka Qaramada Midoobay sida ay u aaminsan yihiin sharafta iyo qiimaha qofka aadamiga ah iyo sinnaata xuquuqda ragga iyo dumarka iyagoo goostay inay hore u mariyaan bulshada heerka, noloshoodane la wanaajiyo iyagoo ku nool xornimo ballaaran.</para>
    <para>Iyadoo Dawladaha xubnaha ka ah Qaramada Midoobay ay dhexdooda iska ballan qaadeen iyagoo la kaashanaya Hayadaha caalamiga ah sare u qaadidda dhowritaanka iyo xushmaynta xuquuda aadanaha iyo xorriyadda aasaasiga ah.</para>
    <para>Iyaadoo helitoanka aragti midaysan ee la xiriirta xuquuqdan iyo xorriyaadkan ay tahay arrin qiima weyn ku fadhisa si loo fuliyo ballan qaadkan.</para>
    <para>Golaha loo dhanyahay ee Qaramada Midoobay wuxuu soo saarayaa Baaqan oo saldhig u ah dadyowga dunida ku nool dhammaantood sidii qof waliba ama xubin kasta oo ka mid ah bulshada, isagoo maskaxda ku haya Baaqan, ugu dadaali lahaa sare u qaadidda dhowritanka xuquuqdan iyo xorriyaadkan, isagoo u mareya waxbarasho iyo barbaarin, talaabooyin xiriir ah qaadaya xagga dibadda iyo gudahaba sidii loo xaqiijin lahaa in si dhab ah loo aqoonsado ha ahaato dadweynaha ku dhex nool Dawladaha xubinta ka ah Qaramada Midoobay ama dadyowga ku nool dhulalka xukonkooda hoos yimaado.</para>
  </preamble>
  <article number="1">
    <title>Qod I</title>
    <para>Aadanaha dhammaantiis wuxuu dhashaa isagoo xor ah kana siman xagga sharafta iyo xuquuqada Waxaa Alle (Ilaah) siiyay aqoon iyo wacyi, waana in qof la arkaa qofka kale ula dhaqmaa si walaaltinimo ah.</para>
  </article>
  <article number="2">
    <title>Qod II</title>
    <para>Qof kastaa wuxuu leeyahay xuquuqda lagu tilmaamay Baaqan iyada oo aan loo kale soocin xag qabiil, midabka, dheddig ama lab, afka, diinta, siyaasadda ama fikrad kale, dhalasho ama meesha uu ka soo askumay, xoolaha, dhalasho ama xaalada kale. Waxaa kale oo aan lagu samayneyn kala soocid ku salaysan arrimaha siyaasadeed, xukun ama xaal caalami ee uu ku suganyahay, dhulka ama dalka uu qofka u dhashay, ha ahaado dalkaasi mid madax bannaan, mid weli dawlad kale maamusho (wisaaya) mid aan haysan xukun hoosaad ama aan haysan gobanima buuxda.</para>
  </article>
  <article number="3">
    <title>Qod III</title>
    <para>Qof kastaa wuxuu xaq u leeyahay nolol, xorriyo iyo nabad gelyo.</para>
  </article>
  <article number="4">
    <title>Qod IV</title>
    <para>Ma jiro qof loo hoysan karo addoon, addoonsiga iyo ka ganacsiga addoonta way reebanyihiin cayn kasta ay ku yimaadaan.</para>
  </article>
  <article number="5">
    <title>Qod V</title>
    <para>Ma jiro qof loo geysan karo silic dilyo ama ciqaab ka baxsan aadaninimada.</para>
  </article>
  <article number="6">
    <title>Qod VI</title>
    <para>Qof kastaa wuxuu xaq u laayahay in loo aqoonsado, meel kasta oo uu Joogo, qofnimadiisa.</para>
  </article>
  <article number="7">
    <title>Qod VII</title>
    <para>Dadka oo dhammi way u simanyihiin sharciga waxayna xaq u leeyihiin, iyaga oo aan la kala soocin, in sharcigu dhowro. Dadka oo dhammi waxay xaq u leeyihiin in si siman looga badbaadiyo wax alla wixii kala sooc-sooc ah oo ka soo horjeeda Baaqan ama dhiirigelni kara kala sooc-soocid.</para>
  </article>
  <article number="8">
    <title>Qod VIII</title>
    <para>Qof kasta wuxuu xaq u leeyahay inuu helo Maxkamadaha ku hawsha leh ee dalkiisa cawin celin dhab ah marka lagu xad-gudbo xuquuqda asaasiga ah oo uu dastuurka ama sharciga siiyay.</para>
  </article>
  <article number="9">
    <title>Qod IX</title>
    <para>Qofna looma xiri karo, looma hayn karo, ama looma masaafurin karo si sharci darro ah.</para>
  </article>
  <article number="10">
    <title>Qod X</title>
    <para>Qof Kastaa wuxuu xaq u leeyahay inuu helo sinnaan buuxda Maxkamad Caadil ah horteed marka la gaynayo xuquuqdiisa iyo waajibaadkiisa iyo marka ay dhacdo in loo haysto dacwo ciqaab ah.</para>
  </article>
  <article number="11">
    <title>Qod XI</title>
    <orderedlist>
      <listitem>
	<para>Qof kasta oo lagu soo oogay dacwo ciqaab ah wuxuu xaq u leeyahay in loo ictiqaado inuu yahay dembi laawe ilaa laga caddeeyo inuu yahay dembiile sida uu qabo sharcigu, ayna ku dhawaaqdo Maxkamad dadka u furun oo eedeysanayaasha loo oggolaaday dammaanadaha lagama maarmaanka u ah difaacooda.</para>
      </listitem>
      <listitem>
	<para>Qofna lama saari karo ciqaab ka dhalatay fal ama fal l'aan haddii falkaasi ama fal la'aantaasi xagga sharciga Dalka ama kan Caalamiga ah, aanay ahayn dembi waqtiga la galay. Sidoo kale dembilaha lama saari karo ciqaab ka adag tii u degsanayd falka dembigaas markii la galay.</para>
      </listitem>
    </orderedlist>
  </article>
  <article number="12">
    <title>Qod XII</title>
    <para>Qofna si sharci darro ah looma faragelin karo arrimihiisa u gaarka ah, qoyskiisa, gurigiisa ama warqadihiisa; sidoo kale lama dhaawici karo sharaftiisa ama sumcaddiisa. Qof kastaa wuxuu xaq u leeyahay inuu sharciga ka hoos galo fara gelintaas iyo dhaawicidaas.</para>
  </article>
  <article number="13">
    <title>Qod XIII</title>
    <orderedlist>
      <listitem>
	<para>Qof kastaa wuxuu xaq u leeyahay inuu si xornimaa ugu dhex socdo una dego gudaha dal kasta.</para>
      </listitem>
      <listitem>
	<para>Qof kastaa wuxuu xaq u leeyahay inuu ka dhoofo dal kasta oo uu ku jiro kiisa, kuna soo laabto.</para>
      </listitem>
    </orderedlist>
  </article>
  <article number="14">
    <title>Qod XIV</title>
    <orderedlist>
      <listitem>
	<para>Qof kastaa wuxuu xaq u leeyahay inuu dal kale u raadsado kana helo magan gelyo siyaasadeed isagoo ka baxsanayo cadaadis.</para>
      </listitem>
      <listitem>
	<para>Xaqa kor ku xusan laguma doodi karo haddii cadaadisku yahay mid dhab ahaan ka dhashay dembi aan siyaaso la xiriirin ama falal ka soo horjeeda ulajeedooyinka iyo mabaadiida Qaramada Midoobay.</para>
      </listitem>
    </orderedlist>
  </article>
  <article number="15">
    <title>Qod XV</title>
    <orderedlist>
      <listitem>
	<para>Qof kastaa wuxuu xaq u leeyahay Jinsiyad.</para>
      </listitem>
      <listitem>
	<para>Qofna si sharci darro ah loogama qaadi karo Jinsiyadiisa, loomana diidi karo xaqa ah inuu Jinsiyadiisa beddesho.</para>
      </listitem>
    </orderedlist>
  </article>
  <article number="16">
    <title>Qod XVI</title>
    <orderedlist>
      <listitem>
	<para>Ragga iyo dumarka qaan gaarka ah, iyaga oo aan loo kala soocin xagga dhalashada, qowmiyada ama diinta, waxay xaq u leeyihiin inay guursadaan oo qoys abuuraan. Way u siman yihiin xaqa ku saabsan guriga, muddada xiriirka guurka socdo iyo marka uu xiriirkaas dhammaanayo.</para>
      </listitem>
      <listitem>
	<para>Guur wuxuu dhici karaa oo keli ah marka la helo rabitaan buuxa oo xor ah ee labada doonaysa inay is-guursadaan.</para>
      </listitem>
      <listitem>
	<para>Qoysku waa unugga saldhigga u ah bulshada, wuxuuna xaq u leeyahay in Dawladda iyo mujtamacu bad baadiyaan.</para>
      </listitem>
    </orderedlist>
  </article>
  <article number="17">
    <title>Qod XVII</title>
    <orderedlist>
      <listitem>
	<para>Qof kastaa wuxuu xaq u leeyahay inuu keli ahaan xoolo yeesho ama cid kale xoolo kula shirkoobo.</para>
      </listitem>
      <listitem>
	<para>Qofka xoolahiisa si sharci darro ah loogama qaadi karo.</para>
      </listitem>
    </orderedlist>
  </article>
  <article number="18">
    <title>Qod XVIII</title>
    <para>Qof kastaa wuxuu xaq u leeyahay inuu helo xorriyadda xagga fikradda, wacyiga iyo diinta; wuxuu kale uu qofka xaq u leeyahay inuu beddelan karo diinta iyo wax alle wuxuu aaminsanyahay. Waxa kale uu qofku xaq u leeyahay inuu, keli ahaan ama isaga oo dad kale wehliyaan, soo bandhigo meel fagaara ah ama meel gaar ah, diintiisa ama waxa uu aaminsan yahay, kuna muujinayo xagga waxbarid, ku dhaqanka, caabudid iyo cibaadaysi.</para>
  </article>
  <article number="19">
    <title>Qod XIX</title>
    <para>Qof kastaa wuxuu xaq u leeyahay inuu helo xornimo xagga ra'yiga iyo hadalka; wuxuu kale xaq u leeyahay inaan lagu fara gelin ra'yigiisa iyo inuu raadsado, helo, dhiibo warar iyo fikrado isaga oo isticmaalaya qalab kasta oo war baahin ah iyaga oo aan loo fiirin ama xayirin wax soohdima ah.</para>
  </article>
  <article number="20">
    <title>Qod XX</title>
    <orderedlist>
      <listitem>
	<para>Qof kastaa wuxuu xaq u leeyahay inuu helo xornimo uu uga qayb galo isu-tag iyo urur leh ulajeeddo nabad-gelyo.</para>
      </listitem>
      <listitem>
	<para>Qofna laguma khasbi karo inuu ka mid noqdo urur.</para>
      </listitem>
    </orderedlist>
  </article>
  <article number="21">
    <title>Qod XXI</title>
    <orderedlist>
      <listitem>
	<para>Qof kastaa wuxuu xaq u leeyahay inuu ka qayb galo maamulka Dalkiisa si toos ah ama isagoo si xornimo ah u dooranaya cid wakiil ka ah.</para>
      </listitem>
      <listitem>
	<para>Dadka oo dhami way u simanyihiin inay ka qayb galaan maamulka sare ee dalka ka jira.</para>
      </listitem>
      <listitem>
	<para>Rabitaanka dadweynuhu waa saldhigga awoodda Dawladda; rabitaankaas waxaa lagu muujinyaa dooroshooyin run ah oo xilliyo joogta ah dhacaya, laga wada qayb-galaya, waxayna u dhacayaan si qarsoodi ah ama hab kale oo wax lagu doorto oo xor ah.</para>
      </listitem>
    </orderedlist>
  </article>
  <article number="22">
    <title>Qod XXII</title>
    <para>Qof kastaa, maadaama uu xubin ka yahay bulshada, uu xaq u leeyahay inuu helo daryeel caafimaad. Daryeelkaas oo qof waliba u fududaynaya xuquuq dhaqaale, mujtamac iyo mid aqooneed ee lagama maarmaanka u ah qofka sharaftiisa, xornimadiisa iyo koritaanka qofnimadiisa. Taasoo ku imaanaysa dadaalka gudaha iyo iskaashiga caalamiga, isagoo laga eegayo nidaamka iyo ilaha dhaqaale ee Dawlad kasta.</para>
  </article>
  <article number="23">
    <title>Qod XXIII</title>
    <orderedlist>
      <listitem>
	<para>Qof kastaa wuxuu xaq u leeyahay inuu shaqo helo, inuu u madax bannaanaado doorashada shaqada uu qabanayo, in sharuuduhu shaqada ahaadaan kuwo caddaalad ku fadhiya, isagana u danaynaya iyo inaysan shaqo la'aan ku dhicin.</para>
      </listitem>
      <listitem>
	<para>Qof kastaa, iyadoon dadka la kala soocin, wuxuu xaq u leeyahay inuu helo mushaar la mid ah kan uu qaato qof kale oo ay isku shaqa qabtaan.</para>
      </listitem>
      <listitem>
	<para>Qofka shaaqeeyaa wuxuu xaq u leeyahay inuu helo mushaar wax taro, kuna filan si uu ugu noolaado isaga iyo qoyskiisuba. Loona kabo haddii loo baahdo daryeellada kale.</para>
      </listitem>
      <listitem>
	<para>Qof kastaa wuxuu xaq u leeyahay inuu abuuro urur ama ku biiro kuwo jiray si uu u ilaaliyo danihiisa.</para>
      </listitem>
    </orderedlist>
  </article>
  <article number="24">
    <title>Qod XXIV</title>
    <para>Qof kasta wuxuu xaq u leeyahay nasasho oo ay ku jirto waqti kooban oo macquul ah oo laga jaro saacadaha shaqada iyo xilliyo fasax oo uu mushaar u socdo.</para>
  </article>
  <article number="25">
    <title>Qod XXV</title>
    <orderedlist>
      <listitem>
	<para>Qof kastaa wuxuu xaq u leeyahay inuu gaaro heer nololeed oo waxtar u ah caafimaadka iyo ladnaanta naftiisa iyo qoyskiisa; ha ugu horeeyaan cuntada, dharka, hoyga, daryeel caafimaad iyo wax alle wixii adeeg bulshadeed oo lagama maarmaan ah; wuxuu kale uu xaq u leeyahay inuu helo daryeel markii ay ku timaada shaqo la'aan, cudur, curyaanimo, geeri, gabow ama dhibaatooyinka kale uusan la shaqaysan kari ka baxsan awoodiisa.</para>
      </listitem>
      <listitem>
	<para>Hooyada umusha iyo dhalaanku waxay xaq u leeyihiin xannaano iyo gacan siin gaar ah. Caruurta oo idil, ha ku dhashaan ama yaanay ku dhalan meher, waxay xaq u leeyihiin xannaana isku mid ah.</para>
      </listitem>
    </orderedlist>
  </article>
  <article number="26">
    <title>Qod XXVI</title>
    <orderedlist>
      <listitem>
	<para>Qof kastaa wuxuu xaq u leeyahay inuu helo wax-barasho. Waxbarashadu waa lacag la'aan, ugu yaraan heerka dugsiyada hoose iyo heerka aasaasiga ah. Waxbarashada dugsiyada hoose waa khasab. Waxbarashada farsamo iyo midda xirfadeed waa inay noqdaan kuwo la helo; tacliinta sare sidoo kale waa inay u furnaataa dadka oo dhan, iyada oo la tix-gelinayo qof la arko mudnaantiisa.</para>
      </listitem>
      <listitem>
	<para>Waxbarashadu waa inay ahaato mid loola jeedo in lagu kobciyo shakhsiyadda qofka xoojinta dhowritaanka xuquuqda aadanaha iyo xorriyaadka asaasiga ah. Wax-barashadu waa inay ahaato mid wax ka tarta is-af-garadka isu-dulqaadka iyo saaxibtinimada ka dhexaysa qowmiyaadka ama dadka kala jinsiga iyo diinta ah, waana inay si adkayso hawlaha Qaramada Midoobay ee la xiriira sugidda nabad-gelyada.</para>
      </listitem>
      <listitem>
	<para>Waalidka ayaa iska leh xaqa koobaad oo ah inay doortaan nooca waxbarashada la siinayo caruurtooda.</para>
      </listitem>
    </orderedlist>
  </article>
  <article number="27">
    <title>Qod XXVII</title>
    <orderedlist>
      <listitem>
	<para>Qof kastaa wuxuu xaq u leeyahay inuu si madax bannaan uga qayb qaato hiddaha nololeed ee bulshada, inuu ka faa'idaysto farshaxanka, inuu ka qayb galo, horumarinta cilmiga iyo ka faa'idaysigiisa.</para>
      </listitem>
      <listitem>
	<para>Qof kastaa wuxuu xaq u leeyahay in la daafoco danihiisa maadiga iyo macnawiga ha ee ka dhasha waxa uu isagu curiyay xagga cilmi suugaanta iyo farshaxanka.</para>
      </listitem>
    </orderedlist>
  </article>
  <article number="28">
    <title>Qod XXVIII</title>
    <para>Qof kastaa wuxuu xaq u leeyaday inuu helo nidaam bulsho iyo hab caalami ah oo xuquuqda iyo xorriyaadka lagu tilmaamay Baaqan si buuxda loogu dhaqan gelin karo.</para>
  </article>
  <article number="29">
    <title>Qod XXIX</title>
    <orderedlist>
      <listitem>
	<para>Qof kasta waxaa ka saaran bulshadiisa waajibaad; bulshadu waa meesha qura oo ay suurtowdo in qofku shakhsiyadiisu si madax bannaan oo buuxda ay ugu kobocdo.</para>
      </listitem>
      <listitem>
	<para>Marka uu qofku gudanayo xuquuqdiisa iyo xorriyaadkiisa waxaa xiraya oo qura inta sharcigu ka reebay, iyadoo ula jeedadu tahay oo keliya aqoonsiga iyo dhowritaanka xuquuqda iyo xorriyaadka dadka kale in la dhowro iyo sidoo kale anshaxa, nabad-gelyada guud iyo wanaagga guud ee mujtamaca diimaqaraadiga ah.</para>
      </listitem>
      <listitem>
	<para>Xuquuqda iyo xorriyaadka kor ku xusan looma isticmaali karo si ka soo horjeeda ulajeedooyinka iyo mabaadiida Qaramada Midoobay.</para>
      </listitem>
    </orderedlist>
  </article>
  <article number="30">
    <title>Qod XXX</title>
    <para>Baaqan kuma jiraan wax loo fasiri karo in micnahoodu yahay in Dawlad, koox ama qof xaq u leeyahay inuu ku kaco fal ama falal loola jeedo in lagu burburiyo xuquuqda ama xorriyaadka lagu qoray Baaqan.</para>
  </article>
</udhr>
