<?xml version="1.0" encoding="UTF-8"?>

<!--© The Office of the High Commisioner for Human Rights-->

<udhr iso639-3='pis' xml:lang='pis' key='pis' n='Pijin' dir='ltr' iso15924='Latn' xmlns="http://www.unhchr.ch/udhr">
  <title>Universol Declarason lo Hiuman Raits</title>
  <preamble>
    <title>Preamble</title>
    <para>Taem umi kam fo luk savve lo digniti en ikwol raits blo evri memba blo hiuman famili. Dis wan hemi givim fandasen fo friidom, jastis en pis insaed lo dis fala wol.</para>
    <para>Taem pipol no luk savve lo dis fala hiuman raits, risalt blo hem nao pipol i no luk savve lo gud wei en rabis wei. Lo dis fala wol, olketa pipol sapos fo garem friidom fo tallem tingting blo olketa en wanem olketa believim. Olketa pipol sapos fo stap frii fo no fraet en fo stap gud. Olketa tingting ya hemi dea wea evri wan savve olsem hemi samting gud fo evri wan.</para>
    <para>Hemi impoten tumas dat nomata wanem hemi hapen, loa hemi mas mek sua dat hemi kipim strong disfala hiuman raits.</para>
    <para>Hemi impoten tumas fo buildim up gud fala relensensip mele wan oketa kantre.</para>
    <para>Olketa pipol blo United Nations i bin talem raits aot agen anda disfala Charter dat olketa garem strong tingting lo saed blo olketa baraba importen samting olsem digniti en olketa gud samting insaed lo evri wan, en fo man en mere tufala semsem lo saed lo evriting olketa duim. Olketa samting ya nao mekem United Nations tingting strong fo buildim up en mek sua dat evri wan stap gud en frii.</para>
    <para>Olketa Stet wea memba blo United Nations tu i promis fo respectim en help supportim hiuman raits en olketa importen samting wea bae hemi givim friidom.</para>
    <para>Fo mekem dis fala promis hemi waka, evri wan mas meanim en keepim olketa raits ya en friidoms.</para>
    <para>So distaem,</para>
    <para>Olketa General Assembly,</para>
    <para>Talem aot dis fala Universal Declarason ya evri nasen en pipol olketa mas trae fo achievim en keepim. Evriwan mas help fo teachim en lanem olketa pipol fo luk savve en uppim olketa raits en friidom blo wanwan. Evri groups wea pat blo gavman or nomoa mas waka fo findim beta wei fo mekem pipol evriwea lo wol ya kam fo luk savve lo olketa hiuman raits ya.</para>
  </preamble>
  <article number="1">
    <title>Article 1</title>
    <para>Evri man en mere olketa born frii en ikwol lo digniti en raits blo olketa. Olketa evriwan olketa garem maeni fo tingting en olketa sapos fo treatim isada wittim spirit blo bradahood.</para>
  </article>
  <article number="2">
    <title>Article 2</title>
    <para>Evri wan nomata olketa garem difren kala, langus, siosi, status, man or mere from difren kantre, evri wan stil garem rait en friidom wea hemi lo disfala Declarason, en nomata man hemi kam from kantre wea garem difren politiks or status lo nara kantre, or hemi indipenden or nomoa, hemi stil garem olketa raits en friidom ya.</para>
    <para/>
  </article>
  <article number="3">
    <title>Article 3</title>
    <para>Evriwan i garem rait lo laef, friidom en sekuriti blo olketa.</para>
  </article>
  <article number="4">
    <title>Article 4</title>
    <para>No eni wan sapos fo hemi slev blo nara man, dis wan hemi baraba tambu fo duim en babae no hapen lo eni kaen or eni wan.</para>
  </article>
  <article number="5">
    <title>Article 5</title>
    <para>No eni wan babae panisim or tritim nara man no gud or mekem eni wan fo gare kil.</para>
  </article>
  <article number="6">
    <title>Article 6</title>
    <para>Evri wan i garem rait lo eniwea fo loa luk savve lo olketa.</para>
  </article>
  <article number="7">
    <title>Article 7</title>
    <para>Evri wan luk semsem en garem taetol lo loa fo loa luk aftam olketa. Dis fala loa hemi mek sua dat fo luk daonim or tritim no gud nara man bikos lo rabis tingting hemi brekim disfala Declarason.</para>
  </article>
  <article number="8">
    <title>Article 8</title>
    <para>Olketa nasinol kaonsels olketa i stap fo helpim evriwan stretem kaen problems wea pipol luk daonim or tritim no gud nara fala. Olketa fo helpim evriwan fo stretem bak kaen problem wea man no luk savve lo raits wea loa i givim lo evri wan.</para>
  </article>
  <article number="9">
    <title>Article 9</title>
    <para>No eni wan bae hemi sapos fo kasem kaen wea olketa i arrestim or tekem fo no eni gud rison, forcim fo lusim ples blo hem, hemi kaen samting wea sapos fo no kasem eniwan.</para>
  </article>
  <article number="10">
    <title>Article 10</title>
    <para>Eni wan wea go lo kot lo eni kriminol samting, olketa sapos fo garem fea hiaring.</para>
  </article>
  <article number="11">
    <title>Article 11</title>
    <orderedlist>
      <listitem>
	<para>Lo loa, evri wan wea olketa chargim wittim eni kriminol samting, kot mas lukim olketa olsem olketa inocen kasem taem olketa provim dat olketa guilti.</para>
      </listitem>
      <listitem>
	<para>No eni wan sapos fo guilti lo eni niu loa sapos kriminol samting or toktok olketa duim i lo taem wea olketa loa ya olketa no wakem yeti.</para>
      </listitem>
    </orderedlist>
  </article>
  <article number="12">
    <title>Article 12</title>
    <para>Lo loa hemi tallem dat no eni wan sapos fo go disturbim olketa famili, haus or olketa privet samting blo nara man en no eni man sapos fo trae spoilem nara man.</para>
  </article>
  <article number="13">
    <title>Article 13</title>
    <orderedlist>
      <listitem>
	<para>Evriwan olketa frii fo muv raon en stap eniwea lo insaed kantre blo olketa.</para>
      </listitem>
      <listitem>
	<para>Evriwan bae savve go aot lo eni kantre, nomata lo blo olketa seleva, en olketa savve go baek lo kantre blo olketa.</para>
      </listitem>
    </orderedlist>
  </article>
  <article number="14">
    <title>Article 14</title>
    <orderedlist>
      <listitem>
	<para>Evriwan olketa garem rait fo go lo olketa nara kantre sapos olketa kasem trabol lo kantre blo olketa.</para>
      </listitem>
      <listitem>
	<para>Dis fala rait bae hemi hard fo waka sapos olketa kaen trabol wea hemi go againstim tingting blo United Nations or hemi kriminol samting.</para>
      </listitem>
    </orderedlist>
  </article>
  <article number="15">
    <title>Article 15</title>
    <orderedlist>
      <listitem>
	<para>Everiwan olketa garem rait fo memba lo eni kantre.</para>
      </listitem>
      <listitem>
	<para>No eni man savve stopem nara wan fo memba lo eni kantre, lo sem taem olketa hard fo stopem tu sapos olketa laek memba lo eni niu kantre.</para>
      </listitem>
    </orderedlist>
  </article>
  <article number="16">
    <title>Article 16</title>
    <orderedlist>
      <listitem>
	<para>Olketa man en mere wea kasem taem wea olketa savve maret, bae savve maretem eniwan blo difren ples, kantre or siosi en garem famili.</para>
      </listitem>
      <listitem>
	<para>Maret mas samting wea man en mere evriwan mas laek fo duim en no eniwan forcim.</para>
      </listitem>
      <listitem>
	<para>Olketa famili hemi impoten tumas en kantre mas luk aftam olketa.</para>
      </listitem>
    </orderedlist>
  </article>
  <article number="17">
    <title>Article 17</title>
    <orderedlist>
      <listitem>
	<para>Evriwan olketa garem rait fo ownim propati, seleva or wittim olketa nara pipol.</para>
      </listitem>
      <listitem>
	<para>No eni wan hemi garem rait fo aotim propati blo nara man.</para>
      </listitem>
    </orderedlist>
  </article>
  <article number="18">
    <title>Article 18</title>
    <para>Evriwan i garem rait en friidom lo tingting blo olketa seleva en lo siosi blo olketa. Dis wan hemi meanim dat if man laek changim siosi or belif blo hem, hemi frii fo duim dis wan. Evri wan mas savve teachim, practisim or preya lo siosi blo olketa en no frait fo som aot.</para>
  </article>
  <article number="19">
    <title>Article 19</title>
    <para>Evri wan i frii fo som en talem wanem tingting blo olketa. Dis fala rait hemi coverim sapos man laek lukaotim or tekem or givim enikaen infomesin lo eni wei en eni wea hemi laek fo duim.</para>
  </article>
  <article number="20">
    <title>Article 20</title>
    <orderedlist>
      <listitem>
	<para>Evriwan olketa garem rait wea olketa bae frii fo mekem eni asembli or asociasen.</para>
      </listitem>
      <listitem>
	<para>No eni wan bae hemi joinim eni asociasen bikos olketa forcim lo hem.</para>
      </listitem>
    </orderedlist>
  </article>
  <article number="21">
    <title>Article 21</title>
    <orderedlist>
      <listitem>
	<para>Evriwan olketa garem rait fo tek pat or fo siusim eniwan fo representim olketa lo gavman blo kantre blo olketa.</para>
      </listitem>
      <listitem>
	<para>Everiwan olketa garem semsem rait go lo olketa public service lo kantre blo olketa.</para>
      </listitem>
      <listitem>
	<para>Olketa biki man blo gafman bae hemi stand up lo will blo olketa pipol. Olketa elekson wea ikwol en fea nao i showem dis fala will.</para>
      </listitem>
    </orderedlist>
  </article>
  <article number="22">
    <title>Article 22</title>
    <para>Evri memba blo komuniti olketa garem rait fo garem sosol sekuriti en evri kantri mas waka wittim olketa organisation en olketa risoces blo olketa, en wittim olketa nara kantre mekem olketa pipol blo olketa luk savve wanem nao olketa ekonomik, sosol en kaltrol raits blo olketa.</para>
  </article>
  <article number="23">
    <title>Article 23</title>
    <orderedlist>
      <listitem>
	<para>Evriwan i garem rait fo waka, fo siusim wanem kaen waka nao olketa i laek fo duim en wanem kaen samting nao lo waka ples blo olketa en fo mekem olketa garem protecsen againstim kaen no garem waka.</para>
      </listitem>
      <listitem>
	<para>Evriwan i garem rait fo tekem pei wea fittim waka olketa i duim.</para>
      </listitem>
      <listitem>
	<para>Evriwan wea waka olketa garem rait fo garem gud fala pei or eni sosol protecsen wea bae helpim olketa en famili blo olketa.</para>
      </listitem>
      <listitem>
	<para>Everiwan olketa garem rait fo formim en fo joinim tred unions fo luk aftam olketa intres blo olketa.</para>
      </listitem>
    </orderedlist>
  </article>
  <article number="24">
    <title>Article 24</title>
    <para>Evriwan garem rait fo relax en rest en fo garem samfala holide wea olketa stil tek pei, en olketa taem blo waka hemi sapos fo hemi ovam tumas.</para>
  </article>
  <article number="25">
    <title>Article 25</title>
    <orderedlist>
      <listitem>
	<para>Evriwan garem rait fo stap gud wea olketa garem kakai, kaliko, haus en babae hemi isi fo olketa nara help wea olketa bae needim. Evriwan garem rait fo garem sekuriti sapos olketa no garem waka, olketa siki, polio, olo tumas or fo olketa mere hasban blo olketa die finis en eni wan moa wea garem kaen problem wea bae mekem olketa hard fo luk aftam olketa seleva.</para>
      </listitem>
      <listitem>
	<para>Olketa mami en olketa pikinini olketa sapos fo garem rait fo garem care en help en nomata eni pikinini i born garem dadi or nomoa, olketa savve garem sem sosol protecsen.</para>
      </listitem>
    </orderedlist>
  </article>
  <article number="26">
    <title>Article 26</title>
    <orderedlist>
      <listitem>
	<para>Evriwan olketa garem rait lo skul. Skul hemi sapos fo frii, fo everiwan lo olketa pramari en impoten levol. Hemi impoten dat evri pikinini mas go lo pramari skul. Kaen skul fo man savve garem waka hemi sapos fo isi fo eniwan savve tekem. Fo skool hae go moa, bae olketa pipol wea skul gud finis en garem gud risolt nao bae savve tekem.</para>
      </listitem>
      <listitem>
	<para>Skul hemi sapos fo help buildim up wei blo olketa pipol en fo mekem strong respect blo olketa fo human raits en hem sapos fo help fo buildim up frensip, fo buildim up frensip mele wan difren kantre, pipol en olketa difren preya group mekem olketa understandim isada en savve stap gud wittim isada. Evriting ya bae helpim United Nations fo keepim gud pis.</para>
      </listitem>
      <listitem>
	<para>Olketa mami en dadi i garem rait fo choosim wanem kaen edukason nao bae pikinini blo olketa i garem.</para>
      </listitem>
    </orderedlist>
  </article>
  <article number="27">
    <title>Article 27</title>
    <orderedlist>
      <listitem>
	<para>Evriwan olketa frii fo tek pat lo kastom laef lo komuniti blo olketa en fo olketa sharim eni gud samting wea i kam aot lo olketa niu teknologi olsem lo saed lo olketa niu medsin, computa en olketa kaen samting olsem.</para>
      </listitem>
      <listitem>
	<para>Evriwan garem rait fo protectim eniting blo olketa, or eniting olketa wakem.</para>
      </listitem>
    </orderedlist>
  </article>
  <article number="28">
    <title>Article 28</title>
    <para>Evriwan olketa garem rait fo garem eni sistem or oganaesesin wea bae hemi helpim olketa fo understandim en practisim olketa raits en friidoms lo disfala Declarason.</para>
  </article>
  <article number="29">
    <title>Article 29</title>
    <orderedlist>
      <listitem>
	<para>Evriwan i garem waka go long olketa komuniti blo olketa biko bae hemi helpim olketa seleva fo buildim up olketa gud wei.</para>
      </listitem>
      <listitem>
	<para>Loa nao bae hemi luk savve hao mas raits en friidoms wea bae garem. Dis wan hemi fo mek sua dat pipol bae luk savve en respectim raits en friidom blo nara man. No onle dat wan bata insaed lo eni demokratic kantri loa hemi stap fo mek sua dat pablic oda i stap, pipol luk savve wanem nao gud en no gud en fo luk aftam intres blo kantre ya en olketa pipol lo hem, follom aedia blo demokraci.</para>
      </listitem>
      <listitem>
	<para>Olketa raits en friidoms ya pipol mas onle practisim follom olketa tingting lo wei en hao olketa United Nations i puttim.</para>
      </listitem>
    </orderedlist>
  </article>
  <article number="30">
    <title>Article 30</title>
    <para>No eni kantri, group or man savve usim eni toktok insaed disfala deklaration fo duim eniting wea bae hemi spoilem eni wan lo olketa raits en friidoms wea i lo dis fala Declarason.</para>
  </article>
</udhr>
