<?xml version="1.0" encoding="UTF-8"?>

<!--© The Office of the High Commisioner for Human Rights-->

<udhr iso639-3='kbp' xml:lang='kbp' key='kbp' n='Kabiyé' dir='ltr' iso15924='Latn' xmlns="http://www.unhchr.ch/udhr">
  <title>KEDEŊGA KPEEKPE YƆƆ ƐYƱ WALA TƆM</title>
  <preamble>
    <title>KUBUUZUTU</title>
    <para>Yee ɖitisaa se pʊmʊna ɛyaa se pɛwɛɛ kɩmaŋ wala ɛsɩndaa nɛ pɩkɛna wazaɣ pʊyʊ kɔyɔ, ɖitisaa ɖɔɖɔ se peeɖe ɛjaɖɛ yɔɔ tɩ-yɔɔ wɛʊ, toovonum nɛ lahɛzɩyɛ palɩɣna;</para>
    <para>Ɖɩnaa se ɛyʊ wala tɔm kɩɩsɩŋ nɛ tɩ-yɔɔ kɩɩɖɔŋ palabɩna nɛ kɩwɛɛkɩm tɔyɩ nɛ pɩcɛyɩɣ ɛyaa. Mbʊ pacaɣ se ɛjaɖɛ ɛlɛɣzɩ wɛtʊ, ɛyaa wɛɛ pa-tɩ yɔɔ, pɔyɔɔdʊʊ yem faaa nɛ pɩwɩlɩ se palɩ kʊñɔŋ taa, sɔɔndʊ ɛɛtasɩɣ-wɛ kpaʊ;</para>
    <para>Yee waɖɛ kewiyaɣ ɛkandayɩɣ ɛyʊ wala yɔɔ camɩyɛ kɔyɔ, wiɖiyi pɩɩkaɣ ɛyʊ ɛnʊ kɛnaʊ kɩjɛyʊʊ se ɛkʊyɩ kewiyaɣ ŋga kɔ-yɔɔ se kalakɩ-ɩ ñaŋ;</para>
    <para>Pʊwɛ camɩyɛ se pasɩna ajɛya, akpeeti nɛ ala taabalɩyɛ ɖʊʊ tʊmɩyɛ ɖeu nɛ puhuuna-yɛ;</para>
    <para>Ɖinaa se ajɛya kɩgbɛndʊʊ ŋgbɛyɛ paɣtʊ takayaɣ taa kɛ ɛyaa kpeekpe tasɩ tisuu ɛyʊ wala nɛ ɛ-wazaɣ pɔ-tɔm, nɛ pɔtɔ se abalaa nɛ halaa pɛwɛ kɩmaŋ wala ana a-ɛsɩndaa; mbʊ labɩna nɛ paka ñʊʊ se pekpeetiɣ samaɣ sɩnaʊ tʊmɩyɛ yɔɔ nɛ pɩsa pɛwɛɛ pa-tɩ yɔɔ camɩyɛ;</para>
    <para>Ajɛya kɩgbɛdʊʊ ŋgbɛyɛ taa ajɛya tisaa se alakɩ nɛ ɛyaa kpeekpe ña ɛyʊ wala, ɛlɛ pʊwɛɛ se ŋgbɛyɛ ɛɖʊ-yɛ nisi;</para>
    <para>Yee ɛyaa tɩŋgɛ ɩwɛna lɩmaɣzɩyɛ kʊɖʊmɖɩyɛ ɛyʊ wala nɛ ɛ-tɩ yɔɔ wɛʊ tɔm yɔɔ kɔyɔ, pɩsaŋ nɛ pala tʊmɩyɛ nɖɩ.</para>
    <para>MBƱ AJƐYA KIGBƐNDƱƱ ŊGBƐYƐ KEDIƔZAƔ SƆSƆƆ TƆM SE:</para>
    <para>KEDEŊGA KPEEKPE YƆƆ ƐYƱ WALA TƆM tʊnɛ tɩkɛ ajɛya wena kedeŋga kpeekpe yɔɔ ɛyʊ wala tɔm wɛ a-ñʊŋ taa yɔ a-lɩmaɣzɩyɛ; nɛ pɩsa acɛyɩ a-tɩ, akuli ŋgbɛyɛ ɖɩnɛ ɖa-ajɛya ɛyaa nɛ ajɛya lɛɛna ɛyaa ɛsɛ nɛ paña ɛyʊ wala nɛ ɛ-tɩ yɔɔ wɛʊ tɔm.</para>
  </preamble>
  <article number="1">
    <title>Hɔɔlaɣ 1</title>
    <para>Palʊlʊʊ ɛyaaa nɛ pa-tɩ yɔɔ wɛʊ kpaagbaa nɛ pɛwɛɛ kɩmaŋ wala ɛsɩndaa. Palʊlʊʊ-wɛ nɛ pɔ-lɔŋ nɛ pa-maɣzɩm; mbʊ yekina nɛ pɔsɔɔlɩ ɖama se pɛkɛ ɛyaa pa-tɩŋgɛ.</para>
  </article>
  <article number="2">
    <title>Hɔɔlaɣ 2</title>
    <para>Paa ɛyʊ weyi, ɛkɛ kɩsɛm, kɩkpɛdʊ, kʊhʊlʊm, ñɩmdʊ, kɛdɛyaɣ, paa ɛkɛ cɔɔcɩ ŋgʊ kɩ-taa tʊ, ɛlaɣ sɩɩnaa, ɛpɩzɩɣ ɛtɔ se kedeŋga kpeekpe yɔɔ ɛyʊ wala wena pɔyɔɔdɩ a-tɔm cɩellnɛ yɔ, akɛ ɖɔɖɔ ɛ-ñɩna.</para>
    <para>Mbʊ ɖɔɖɔ paa ɛyʊ ɛlɩna le, ɛkɛ ɛjaɖɛ nɖɩ ɖɩwɛ ɖɩ-tɩ yɔɔ yɔ, ɖɩfɛyɩ ɖɩ-tɩ yɔɔ yɔ ɖɩ-taa tʊ, yaa ɖɩ-poliitikii kɛ ŋgʊ, paapɩzɩɣ pɔtɔ se ɛyʊ wala tɔm tʊnɛ tɩdataɣna-ɩ.</para>
  </article>
  <article number="3">
    <title>Hɔɔlaɣ 3</title>
    <para>Paa anɩ, ɛwɛna waɖɛ se ɛwɛɛna wezuu, ɛwɛɛ ɛ-tɩ yɔɔ nɛ ɛkandayɩ ɛ-tɩ yɔɔ.</para>
  </article>
  <article number="4">
    <title>Hɔɔlaɣ 4</title>
    <para>Pɩfɛyɩ se nɔɔyʊ ɛwɛɛ yomiye taa; ɛlɛ padaaɖʊ-ɩ ɖɔɖɔ kʊñɔŋ. Pekizi yomiye tɔm.</para>
  </article>
  <article number="5">
    <title>Hɔɔlaɣ 5</title>
    <para>Pɩfɛyɩ se paɖʊ nɔɔyʊ kʊñɔŋ, pɛkpɛŋgɛsɩ-ɩ, yaa palabɩ-ɩ mbʊ pɩdamʊna se pala ɛyʊ yɔ.</para>
  </article>
  <article number="6">
    <title>Hɔɔlaɣ 6</title>
    <para>Paa anɩ, ɛwɛna waɖɛ se paa le, paya-ɩ se caa akele.</para>
  </article>
  <article number="7">
    <title>Hɔɔlaɣ 7</title>
    <para>Ɛyaa kpeekpe wɛ kɩmaŋ paɣtʊ ɛsɩndaa nɛ pɛwɛɛna waɖɛ ɖɔɖɔ se paɣtʊ ɛkandayɩ pɔ-yɔɔ kɩmaŋ. Yee palakɩ-wɛ nabʊyʊ nɛ pɩfɛyɩ ɖeu, yaa pɩɩɖɔŋ paɣtʊ nʊmaʊ ta, pɩwɛɛ ɖɔɖɔ se pakandayɩ pɔ-yɔɔ kɩmaŋ.</para>
  </article>
  <article number="8">
    <title>Hɔɔlaɣ 8</title>
    <para>Paa anɩ, ɛwɛna waɖɛ se pacaɣ-ɩ tɔm yaa pomuluu-i faŋŋŋ wala wena paɣtʊ ha-ɩ yɔ a-nʊmaʊ taa, ewolo eheyi ɛjaɖɛ taa tɔm hʊyaa.</para>
  </article>
  <article number="9">
    <title>Hɔɔlaɣ 9</title>
    <para>Paapɩzɩɣ pakpa nɔɔyʊ faŋŋ paɖɩɣ yaa pɛkɛzɩ-ɩ tɛtʊ.</para>
  </article>
  <article number="10">
    <title>Hɔɔlaɣ 10</title>
    <para>Yee pakpa ɛyʊ nɔɔyʊ se ɛlabɩ nabʊyʊ, ɛwɛna waɖɛ se pahʊʊ ɛ-tɔm fayɩɩ nɛ pana; tiɖeɣ yaa tɩsɩkɩ.</para>
  </article>
  <article number="11">
    <title>Hɔɔlaɣ 11</title>
    <orderedlist>
      <listitem>
	<para>Ɛyʊ weyi pakpa-ɩ nɛ padahʊda ɛ-tɔm yɔ, pɔcɔŋna-ɩ se ɛdɛwɛɛkɩ pʊyʊ; a-aseɣɖe tɩnaa nɛ ɛ-yɔɔ kandɩyaa pasɩŋgɩɣ ɛ-wayɩ, pahʊʊ ɛ-tɔm fayɩɩ ɛzɩ paɣtʊ pɔzʊʊ yɔ, nɛ pana toovonum.</para>
      </listitem>
      <listitem>
	<para>Paakpaɣ ɛyʊ sɔnɔ ɖooo mbʊ ɛɛlaba nɛ pɩdaafɛyɩ paɣtʊ taa yɔ, pʊ-yɔɔ; yee pʊ-wayɩ pʊkɔma pɩlɩɩ se ɛɛlabɩ mbʊ yɔ pɩkɛ kɩwɛɛkɩm, nɛ pʊpɔzʊʊ se pɔhɔ ɛ-naŋgbaŋgʊʊ kɔyɔ, paɣtʊ kɩbɩndʊ yɔɔ patɩŋgɩɣ.</para>
      </listitem>
    </orderedlist>
  </article>
  <article number="12">
    <title>Hɔɔlaɣ 12</title>
    <para>Pɩfɛyɩ ɖeu se ɛyʊ nɔɔyʊ ɛɖʊ ɛ-nɔɔ lɛlʊ tɔm taa yem yem.</para>
  </article>
  <article number="13">
    <title>Hɔɔlaɣ 13</title>
    <orderedlist>
      <listitem>
	<para>Paa anɩ, ɛwɛna waɖɛ se ewolo paa le, ɛcaɣ ɖenɖe e-liu wɛɛ yɔ paa ɛjaɖe nɖɩ lɛ ɖɩ-taa.</para>
      </listitem>
      <listitem>
	<para>Paa ɛyʊ weyi, ɛwɛna waɖɛ se ɛkʊyɩ ɛjaɖɛ nɖɩ ɛwɛ ɖɩ-taa yɔ, paa pɩkɛ ɛ-ñɩnɖɛ, nɛ pɩmaɣ-ɩ ɖooye lɛ, ɛpɩsɩ.</para>
      </listitem>
    </orderedlist>
  </article>
  <article number="14">
    <title>Hɔɔlaɣ 14</title>
    <orderedlist>
      <listitem>
	<para>Yee palɩ ɛyʊ nɔɔyʊ wayɩ ɖoli faŋŋŋ, ɛwɛna waɖɛ sɛ eñɩnɩ kʊyʊʊ ɖʊɖʊyɛ. Ɛtalɩ le, padaalɔ-ɩ.</para>
      </listitem>
      <listitem>
	<para>Ɛlɛ, yee toovonum, ɛwɛɛkɩ nabʊyʊ nɛ pañɩnɩɣ-ɩ se pakpa-ɩ, ɛfɛyɩna waɖɛ se ɛɖʊ kʊyʊʊ ɖoli.</para>
      </listitem>
    </orderedlist>
  </article>
  <article number="15">
    <title>Hɔɔlaɣ 15</title>
    <orderedlist>
      <listitem>
	<para>Paa ɛyʊ weyi, ɛwɛna waɖɛ se ɛyaa ɛjaɖɛ naɖɩyɛ se ɛ-tɛ.</para>
      </listitem>
      <listitem>
	<para>Pɩfɛyɩ se pekizina nɔɔyɔ se ɛdaayaa ɛ-ɛjaɖɛ se ɛ-tɛ yaa ɛdaa lɛɣzɩ tɛ.</para>
      </listitem>
    </orderedlist>
  </article>
  <article number="16">
    <title>Hɔɔlaɣ 16</title>
    <orderedlist>
      <listitem>
	<para>Halɩbiya nɛ abalɩbɩya, paa pɛ-tɛ le, palakɩ cɔɔcɩ ŋgʊ, patalɩɣ pe-ɖeɖe lɛ, pɛwɛna waɖɛ se pawalɩ, pakpaɣ halaa nɛ papɩsɩ ɖɩsɩ nɛ sɩ-tɩnaa. Pa-wala wɛ kɩmaŋ halɩkpaɣyɛ ɖeɖe; abalʊ wɛna waɖɛ se ekizi ɛ-halʊ nɛ ɛɖɔɔnɩ-ɩ; halʊ ñɛwɛna waɖɛ ɖɔɖɔ se ekizi ɛ-walʊ nɛ ɛkʊɩ ɛ-yɔɔ.</para>
      </listitem>
      <listitem>
	<para>Pɛlɔ nɛ evebu, petisiɣ se pɔsɔɔlɩ ɖama nɛ pʊcɔ palabɩ-wɛ halɩkpaɣyɛ sɔnzɩ. Pɩfɛyɩ pakpa pa-taa nɔɔyɔ nɛ ɖoŋ.</para>
      </listitem>
      <listitem>
	<para>Mɩzaɣ kɛna samaɣ hoye; kɛwɛna waɖɛ se samaɣ nɛ kewiyaɣ pakandayɩ kɔ-yɔɔ.</para>
      </listitem>
    </orderedlist>
  </article>
  <article number="17">
    <title>Hɔɔlaɣ 17</title>
    <orderedlist>
      <listitem>
	<para>Ɛyʊ paa weyi, paa ɛwɛ e-ɖeke, paa ɛwɛ lalaa hɛkʊdaa, ɛwɛna waɖɛ se ɛwɛɛna ñɩm.</para>
      </listitem>
      <listitem>
	<para>Pɩfɛyɩ ɖeu se pɛlɛɣ nɔɔyʊ ɛ-ñɩm faŋŋŋ.</para>
      </listitem>
    </orderedlist>
  </article>
  <article number="18">
    <title>Hɔɔlaɣ 18</title>
    <para>Paa anɩ, ɛwɛna waɖɛ se elɩzɩ ɛ-lɩmaɣza faaa, ɛtɩŋ ɛsɔ tɔm nʊmaʊ ŋgʊ ɛsɔɔlaa yɔ. Pʊ-tɔbʊʊ se waɖɛ ɖɩnɛ ɖiyekina nɛ ɛyʊ pɩzɩ eyele ɛsɔ tɔm nʊmaʊ nakʊyʊ nɛ ɛtɩŋ lɛɛkʊ, ɛpɩzɩ ɛwɩlɩ ɛsɔ tɔm nʊmaʊ ŋgʊ ɛtɩŋgɩɣ-kʊ yo kʊ-tɔm lalaa faaa; paa ɛwɛ e-ɖeke yaa ɛ nɛ lalaa, ɛpɩzɩɣ ɛla pʊ-tʊmɩyɛ.</para>
  </article>
  <article number="19">
    <title>Hɔɔlaɣ 19</title>
    <para>Paa ɛyʊ weyi, ɛwɛna waɖɛ se ɛyɔɔdɩ faaa ndʊ ɛmaɣzɩɣ yɔ; pʊ-tɔbʊʊ se sɔɔndʊ ɛdaakpa ɛyʊ nɔɔyʊ se ɛɛyɔɔdɩ natʊyʊ nɛ palabɩ-ɩ nabʊyʊ. Pʊ-tɔbʊʊ ɖɔɖɔ se ɛyʊ wɛna waɖɛ se ɛkɛdɩ lalaa ndʊ ɛsɩma, ɛnaa yaa ɛnɩwa yɔ.</para>
  </article>
  <article number="20">
    <title>Hɔɔlaɣ 20</title>
    <orderedlist>
      <listitem>
	<para>Paa anɩ, ɛwɛna waɖɛ se ewolo kediɣzaɣ nɛ ɛwɛɛna ŋgbɛyɛ.</para>
      </listitem>
      <listitem>
	<para>Pɩfɛyɩ se pakpa nɔɔyʊ nɛ ɖoŋ se ɛsʊʊ ŋgbɛyɛ naɖɩyɛ taa.</para>
      </listitem>
    </orderedlist>
  </article>
  <article number="21">
    <title>Hɔɔlaɣ 21</title>
    <orderedlist>
      <listitem>
	<para>Paa ɛyʊ weyi, ɛwɛna waɖɛ se ɛɖʊ ɛ-nɔɔ ɛ-ɛjaɖɛ ɖɔkʊʊ tʊmɩyɛ tɔm taa. Ɛmaɣmaɣ ɛpɩzɩɣ ɛla lɩmaɣza yaa ɛtɩŋna samaɣ lɩzɩ ɛyaa mba se pɔɖɔkɩ ɛjaɖɛ yɔ pɔ-yɔɔ.</para>
      </listitem>
      <listitem>
	<para>Paa anɩ, ɛwɛna waɖɛ se ɛla kewiyaɣ tʊmɩyɛ naɖɩyɛ.</para>
      </listitem>
      <listitem>
	<para>Samaɣ sɔɔlɩm kɛna kewiyaɣ ɖoŋ tigiɖe. Takayɩsɩ ɖʊzʊʊ panaɣna samaɣ sɔɔlɩm mbʊ.</para>
      </listitem>
    </orderedlist>
  </article>
  <article number="22">
    <title>Hɔɔlaɣ 22</title>
    <para>Paa ɛyʊ weyi, ɛwɛna waɖɛ se samaɣ ɛkandayɩ ɛ-yɔɔ. Kandayʊʊ mbʊ piyekina nɛ ɛyʊ wɛɛ ɛ-tɩ yɔɔ, ɛhɛzɩ ñɩm nɛ ɛsɛkuliye pa-ñɩnʊʊ nʊmaʊ taa.</para>
  </article>
  <article number="23">
    <title>Hɔɔlaɣ 23</title>
    <orderedlist>
      <listitem>
	<para>Paa anɩ, ɛwɛna waɖɛ se ehiɣ tʊmɩyɛ, tʊmɩyɛ nɖɩ ɛsɔɔlaa yɔ, ɛlabɩ-ɖɩ nɛ mulum ɛdaawɛɛ.</para>
      </listitem>
      <listitem>
	<para>Ɛyaa kpeekpe wɛna waɖɛ se, palakɩ tʊmɩyɛ kʊɖʊmɖɩyɛ kɔyɔ, pɛhɛyɩ-wɛ kɩmaŋ, mulum ɛdaawɛɛ.</para>
      </listitem>
      <listitem>
	<para>Ɛyʊ weui ɛlakɩ tʊmɩyɛ yɔ, pʊmʊnaa se pɛhɛyɩ-ɩ camɩyɛ, pɩtalɩ ɛ nɛ ɛ-mɩzaɣ nɛ padaala kʊñɔŋ samaɣ taa.</para>
      </listitem>
      <listitem>
	<para>Paa anɩ, ɛwɛna waɖɛ se ɛ nɛ lalaa paɖʊ ŋgbɛyɛ; ɛ-ŋgbɛyɛ ɛkpɛndɩ aŋgba lɛɛna yɔɔ, aŋgba ana awɛɛ ɖoŋ nɛ akandayɩ ɛ-yɔɔ.</para>
      </listitem>
    </orderedlist>
  </article>
  <article number="24">
    <title>Hɔɔlaɣ 24</title>
    <para>Paa anɩ, ɛwɛna waɖɛ se ɛhɛzɩ nɛ ɛcalasɩ ɛ-ɛsɛ, padaakɩlɩ-ɩ nazʊʊ tʊmɩyɛ taa; ɛwɛna waɖɛ ɖɔɖɔ se paa pɩnaɣ ŋga, paha-ɩ fenaɣ kʊɖʊmaɣ, ɛhɛzɩ nɛ pɛtɛ pɛhɛyɩ-ɩ ke-liidiya.</para>
  </article>
  <article number="25">
    <title>Hɔɔlaɣ 25</title>
    <orderedlist>
      <listitem>
	<para>Paa anɩ, ɛwɛna waɖɛ se ɛwɛɛna ñɩm nɛ pɩwazɩ ɛ nɛ ɛ-ñɩmba pe-wezuu caɣʊ taa; ɛzɩ tɔɔnaɣ, tɔɔla, ɖʊzʊyɛ nɛ kɔ yɔ. Ɛwɛna waɖɛ se ɛlakɩ kʊñɔŋ, pɩwɩɣ-ɩ, ɛlabi ɛjam, ɛpɩsɩ ɛɖanɛ yaa leluu, ɛkpadayaa, pala nabʊyʊ nɛ pasɩna-ɩ.</para>
      </listitem>
      <listitem>
	<para>Asɔŋ nɛ piya pʊmʊnaa se pasɩna pɩŋŋŋ.</para>
      </listitem>
    </orderedlist>
  </article>
  <article number="26">
    <title>Hɔɔlaɣ 26</title>
    <orderedlist>
      <listitem>
	<para>Paa ɛyʊ weyi, ɛwɛna waɖɛ se pokuli ɛ-ɛsɛ. Pɩdamʊna se pɛhɛyɩ kɔɔnɔɔ sukuli yɔɔ. Pɩkɛna paa anɩ kɩjɛyʊʊ se ewolo-kʊ. Pʊwɛɛ se lɛɣtʊ nɛ tʊma kpasʊʊ sukuli pɔtɔyɩ. Pʊpɔzʊʊ ɖɔɖɔ se patʊlɩ sukuli kɩtɛzʊʊ nɔnɔsɩ paa anɩ.</para>
      </listitem>
      <listitem>
	<para>Ɛyʊ woki sukuli se ɛ-ɛsɛ ikuli, pɩwazɩ-ɩ e-wezuu caɣʊ taa, pɩsɩna-ɩ nɛ ɛña ɛyʊ wala. Kɩsɩɣna ɛyaa nɛ panɩɣna ɖama, pekpeɣu ɖama pa-kɩwɛɛkɩm, paɖʊʊ ŋgbɛyɛ. Kɩsɩɣna ɖɔɖɔ ajɛya kɩgbɛndʊʊ ŋgbɛyɛ tʊma wena añɩnɩɣ laŋhɛzɩyɛ yɔ.</para>
      </listitem>
      <listitem>
	<para>Piya ñɩmba wɛna waɖɛ se palɩzɩ sukuli ŋgʊ pɔsɔɔla se pepiya iwobi-kʊ yɔ.</para>
      </listitem>
    </orderedlist>
  </article>
  <article number="27">
    <title>Hɔɔlaɣ 27</title>
    <orderedlist>
      <listitem>
	<para>Paa anɩ, ɛwɛna waɖɛ se ɛɖʊ nɔɔ faaa ɛ-ɛjaɖɛ sɔnzɩ tɔm taa nɛ mbʊ pɩlɩɣ pɩ-taa yɔ, pɩwazɩ-ɩ.</para>
      </listitem>
      <listitem>
	<para>Paa anɩ ɛwɛna waɖɛ se ɛkandayɩ mbʊ ɛlaba nɛ ɛ-hɩɖɛ sɛɛ yɔ pʊ-yɔɔ.</para>
      </listitem>
    </orderedlist>
  </article>
  <article number="28">
    <title>Hɔɔlaɣ 28</title>
    <para>Paa anɩ, ɛwɛna waɖɛ se ɛñaɣ pana nɛ yɛɖɛyɛɖɛtʊ ɛdaawɛ ɛjaɖɛ yɔɔ, ɛzɩ pɔyɔɔdʊʊ kedeŋga kpeekpe yɔɔ ɛyʊ wala tɔm takayaɣ taa yɔ.</para>
  </article>
  <article number="29">
    <title>Hɔɔlaɣ 29</title>
    <orderedlist>
      <listitem>
	<para>Paa anɩ, ɛtɩlɩ ɛsɩɩ se ɛwɛ samaɣ ŋga ka-taa fɛɛɛ nɛ pɩkɛdɩɣna-ɩ yɔ, ɛtɔɔ-kɛ kɩmɩyɛ.</para>
      </listitem>
      <listitem>
	<para>Paa ɛyʊ weyi, eɖiɣzina se ɛ-wala ñɩnʊʊ nʊmaʊ nɛ ɛ-tɩ yɔɔ wɛʊ leleŋ nɩʊ pa-taa lɛ, kamaɣ wɛɛ; pɩfɛyɩ se ɛcɛzɩ-kɛ; paɣtʊ ɖʊna-kɛ. Mbʊ yekina nɛ ɛyaa ñaŋ ɖama wala; mbʊ haɣna mʊmaʊ ɖɔɖɔ se demookrasii samaɣ taa ɛyaa ɩnɩɩna ɖama.</para>
      </listitem>
      <listitem>
	<para>Ɛyʊ nɔɔyʊ ɛɛpɩzɩɣ ɛtɔ se ɛñaŋ wala ana nɛ pʊdɔɖɔ ɛzɩ ajɛya kɩgbɛndʊʊ ŋgbɛyɛ sɔɔlʊʊ yɔ.</para>
      </listitem>
    </orderedlist>
  </article>
  <article number="30">
    <title>Hɔɔlaɣ 30</title>
    <para>Kedeŋga kpeekpe yɔɔ ɛyʊ wala tɔm tʊnɛ, tɩ-taa tʊ kpayɩ kpayɩ. Ɛyʊ nɔɔyʊ fɛyɩ ɛtɔŋ se hɔɔlʊʊ kʊnɛ, yaa ŋgʊ yɔ, kʊtɔŋna se padaaña wala naayɛ ɛjaɖɛ ɖɩnɛ,yaa nɖɩ yɔ ɖɩ-taa.</para>
  </article>
</udhr>
