<?xml version="1.0" encoding="UTF-8"?>

<!--© The Office of the High Commisioner for Human Rights-->

<udhr iso639-3='nld' xml:lang='nl' key='nld' n='Dutch' dir='ltr' iso15924='Latn' xmlns="http://www.unhchr.ch/udhr">
   <title>UNIVERSELE VERKLARING VAN DE RECHTEN VAN DE MENS</title>
   <preamble>
      <title>Preambule</title>
      <para>Overwegende, dat erkenning van de inherente waardigheid en van de gelijke en onvervreemdbare rechten van alle leden van de mensengemeenschap grondslag is voor de vrijheid, gerechtigheid en vrede in de wereld;</para>
      <para>Overwegende, dat terzijdestelling van en minachting voor de rechten van de mens geleid hebben tot barbaarse handelingen, die het geweten van de mensheid geweld hebben aangedaan en dat de komst van een wereld, waarin de mensen vrijheid van meningsuiting en geloof zullen genieten, en vrij zullen zijn van vrees en gebrek, is verkondigd als het hoogste ideaal van iedere mens;</para>
      <para>Overwegende, dat het van het grootste belang is, dat de rechten van de mens beschermd worden door de suprematie van het recht, opdat de mens niet gedwongen worde om in laatste instantie zijn toevlucht te nemen tot opstand tegen tyrannie en onderdrukking;</para>
      <para>Overwegende, dat het van het grootste belang is om de ontwikkeling van vriendschappelijke betrekkingen tussen de naties te bevorderen;</para>
      <para>Overwegende, dat de volkeren van de Verenigde Naties in het Handvest hun vertrouwen in de fundamentele rechten van de mens, in de waardigheid en de waarde van de mens en in de gelijke rechten van mannen en vrouwen opnieuw hebben bevestigd, en besloten hebben om sociale vooruitgang en een hogere levensstandaard in groter vrijheid te bevorderen;</para>
      <para>Overwegende, dat de Staten, welke Lid zijn van de Verenigde Naties, zich plechtig verbonden hebben om, in samenwerking met de Organisatie van de Verenigde Naties, overal de eerbied voor en inachtneming van de rechten van de mens en de fundamentele vrijheden te bevorderen;</para>
      <para>Overwegende, dat het van het grootste belang is voor de volledige nakoming van deze verbintenis, dat een ieder begrip hebbe voor deze rechten en vrijheden;</para>
      <para>Op grond daarvan proclameert de Algemene Vergadering deze Universele Verklaring van de Rechten van de Mens als het gemeenschappelijk door alle volkeren en alle naties te bereiken ideaal, opdat ieder individu en elk orgaan van de gemeenschap, met deze verklaring voortdurend voor ogen, er naar zal streven door onderwijs en opvoeding de eerbied voor deze rechten en vrijheden te bevorderen, en door vooruitstrevende maatregelen, op nationaal en internationaal terrein, deze rechten algemeen en daadwerkelijk te doen erkennen en toepassen, zowel onder de volkeren van Staten die Lid van de Verenigde Naties zijn, zelf, als onder de volkeren van gebieden, die onder hun jurisdictie staan:</para>
   </preamble>
   <article number="1">
      <title>Artikel 1</title>
      <para>Alle mensen worden vrij en gelijk in waardigheid en rechten geboren. Zij zijn begiftigd met verstand en geweten, en behoren zich jegens elkander in een geest van broederschap te gedragen.</para>
   </article>
   <article number="2">
      <title>Artikel 2</title>
      <para>Een ieder heeft aanspraak op alle rechten en vrijheden, in deze Verklaring opgesomd, zonder enig onderscheid van welke aard ook, zoals ras, kleur, geslacht, taal, godsdienst, politieke of andere overtuiging, nationale of maatschappelijke afkomst, eigendom, geboorte of andere status.</para>
      <para>Verder zal geen onderscheid worden gemaakt naar de politieke, juridische of internationale status van het land of gebied, waartoe iemand behoort, onverschillig of het een onafhankelijk, trust-, of niet-zelfbesturend gebied betreft, dan wel of er een andere beperking van de soevereiniteit bestaat.</para>
   </article>
   <article number="3">
      <title>Artikel 3</title>
      <para>Een ieder heeft het recht op leven, vrijheid en onschendbaarheid van zijn persoon.</para>
   </article>
   <article number="4">
      <title>Artikel 4</title>
      <para>Niemand zal in slavernij of horigheid gehouden worden. Slavernij en slavenhandel in iedere vorm zijn verboden.</para>
   </article>
   <article number="5">
      <title>Artikel 5</title>
      <para>Niemand zal onderworpen worden aan folteringen, noch aan een wrede, onmenselijke of onterende behandeling of bestraffing.</para>
   </article>
   <article number="6">
      <title>Artikel 6</title>
      <para>Een ieder heeft, waar hij zich ook bevindt, het recht als persoon erkend te worden voor de wet.</para>
   </article>
   <article number="7">
      <title>Artikel 7</title>
      <para>Allen zijn gelijk voor de wet en hebben zonder onderscheid aanspraak op gelijke bescherming door de wet. Allen hebben aanspraak op gelijke bescherming tegen iedere achterstelling in strijd met deze Verklaring en tegen iedere ophitsing tot een dergelijke achterstelling.</para>
   </article>
   <article number="8">
      <title>Artikel 8</title>
      <para>Een ieder heeft recht op daadwerkelijke rechtshulp van bevoegde nationale rechterlijke instanties tegen handelingen, welke in strijd zijn met de grondrechten hem toegekend bij Grondwet of wet.</para>
   </article>
   <article number="9">
      <title>Artikel 9</title>
      <para>Niemand zal onderworpen worden aan willekeurige arrestatie, detentie of verbanning.</para>
   </article>
   <article number="10">
      <title>Artikel 10</title>
      <para>Een ieder heeft, in volle gelijkheid, recht op een eerlijke en openbare behandeling van zijn zaak door een onafhankelijke en onpartijdige rechterlijke instantie bij het vaststellen van zijn rechten en verplichtingen en bij het bepalen van de gegrondheid van een tegen hem ingestelde strafvervolging.</para>
   </article>
   <article number="11">
      <title>Artikel 11</title>
      <orderedlist>
         <listitem>
            <para>Een ieder, die wegens een strafbaar feit wordt vervolgd, heeft er recht op voor onschuldig gehouden te worden, totdat zijn schuld krachtens de wet bewezen wordt in een openbare rechtszitting, waarbij hem alle waarborgen, nodig voor zijn verdediging, zijn toegekend.</para>
         </listitem>
         <listitem>
            <para>Niemand zal voor schuldig gehouden worden aan enig strafrechtelijk vergrijp op grond van enige handeling of enig verzuim, welke naar nationaal of internationaal recht geen strafrechtelijk vergrijp betekenden op het tijdstip, waarop de handeling of het verzuim begaan werd. Evenmin zal een zwaardere straf worden opgelegd dan die, welke ten tijde van het begaan van het strafbare feit van toepassing was.</para>
         </listitem>
      </orderedlist>
   </article>
   <article number="12">
      <title>Artikel 12</title>
      <para>Niemand zal onderworpen worden aan willekeurige inmenging in zijn persoonlijke aangelegenheden, in zijn gezin, zijn tehuis of zijn briefwisseling, noch aan enige aantasting van zijn eer of goede naam. Tegen een dergelijke inmenging of aantasting heeft een ieder recht op bescherming door de wet.</para>
   </article>
   <article number="13">
      <title>Artikel 13</title>
      <orderedlist>
         <listitem>
            <para>Een ieder heeft het recht zich vrijelijk te verplaatsen en te vertoeven binnen de grenzen van elke Staat.</para>
         </listitem>
         <listitem>
            <para>Een ieder heeft het recht welk land ook, met inbegrip van het zijne, te verlaten en naar zijn land terug te keren.</para>
         </listitem>
      </orderedlist>
   </article>
   <article number="14">
      <title>Artikel 14</title>
      <orderedlist>
         <listitem>
            <para>Een ieder heeft het recht om in andere landen asiel te zoeken en te genieten tegen vervolging.</para>
         </listitem>
         <listitem>
            <para>Op dit recht kan geen beroep worden gedaan ingeval van strafvervolgingen wegens misdrijven van niet-politieke aard of handelingen in strijd met de doeleinden en beginselen van de Verenigde Naties.</para>
         </listitem>
      </orderedlist>
   </article>
   <article number="15">
      <title>Artikel 15</title>
      <orderedlist>
         <listitem>
            <para>Een ieder heeft het recht op een nationaliteit.</para>
         </listitem>
         <listitem>
            <para>Aan niemand mag willekeurig zijn nationaliteit worden ontnomen, noch het recht worden ontzegd om van nationaliteit te veranderen.</para>
         </listitem>
      </orderedlist>
   </article>
   <article number="16">
      <title>Artikel 16</title>
      <orderedlist>
         <listitem>
            <para>Zonder enige beperking op grond van ras, nationaliteit of godsdienst, hebben mannen en vrouwen van huwbare leeftijd het recht om te huwen en een gezin te stichten. Zij hebben gelijke rechten wat het huwelijk betreft, tijdens het huwelijk en bij de ontbinding ervan.</para>
         </listitem>
         <listitem>
            <para>Een huwelijk kan slechts worden gesloten met de vrije en volledige toestemming van de aanstaande echtgenoten.</para>
         </listitem>
         <listitem>
            <para>Het gezin is de natuurlijke en fundamentele groepseenheid van de maatschappij en heeft recht op bescherming door de maatschappij en de Staat.</para>
         </listitem>
      </orderedlist>
   </article>
   <article number="17">
      <title>Artikel 17</title>
      <orderedlist>
         <listitem>
            <para>Een ieder heeft recht op eigendom, hetzij alleen, hetzij tezamen met anderen.</para>
         </listitem>
         <listitem>
            <para>Niemand mag willekeurig van zijn eigendom worden beroofd.</para>
         </listitem>
      </orderedlist>
   </article>
   <article number="18">
      <title>Artikel 18</title>
      <para>Een ieder heeft recht op vrijheid van gedachte, geweten en godsdienst;dit recht omvat tevens de vrijheid om van godsdienst of overtuiging te veranderen, alsmede de vrijheid hetzij alleen, hetzij met anderen zowel in het openbaar als in zijn particuliere leven zijn godsdienst of overtuiging te belijden door het onderwijzen ervan, door de praktische toepassing, door eredienst en de inachtneming van de geboden en voorschriften.</para>
   </article>
   <article number="19">
      <title>Artikel 19</title>
      <para>Een ieder heeft recht op vrijheid van mening en meningsuiting. Dit recht omvat de vrijheid om zonder inmenging een mening te koesteren en om door alle middelen en ongeacht grenzen inlichtingen en denkbeelden op te sporen, te ontvangen en door te geven.</para>
   </article>
   <article number="20">
      <title>Artikel 20</title>
      <orderedlist>
         <listitem>
            <para>Een ieder heeft recht op vrijheid van vreedzame vereniging en vergadering.</para>
         </listitem>
         <listitem>
            <para>Niemand mag worden gedwongen om tot een vereniging te behoren.</para>
         </listitem>
      </orderedlist>
   </article>
   <article number="21">
      <title>Artikel 21</title>
      <orderedlist>
         <listitem>
            <para>Een ieder heeft het recht om deel te nemen aan het bestuur van zijn land, rechtstreeks of door middel van vrij gekozen vertegenwoordigers.</para>
         </listitem>
         <listitem>
            <para>Een ieder heeft het recht om op voet van gelijkheid te worden toegelaten tot de overheidsdiensten van zijn land.</para>
         </listitem>
         <listitem>
            <para>De wil van het volk zal de grondslag zijn van het gezag van de Regering; deze wil zal tot uiting komen in periodieke en eerlijke verkiezingen, die gehouden zullen worden krachtens algemeen en gelijkwaardig kiesrecht en bij geheime stemmingen of volgens een procedure, die evenzeer de vrijheid van de stemmen verzekert.</para>
         </listitem>
      </orderedlist>
   </article>
   <article number="22">
      <title>Artikel 22</title>
      <para>Een ieder heeft als lid van de gemeenschap recht op maatschappelijke zekerheid en heeft er aanspraak op, dat door middel van nationale inspanning en internationale samenwerking, en overeenkomstig de organisatie en de hulpbronnen van de betreffende Staat, de economische, sociale en culturele rechten, die onmisbaar zijn voor zijn waardigheid en voor de vrije ontplooiing van zijn persoonlijkheid, verwezenlijkt worden.</para>
   </article>
   <article number="23">
      <title>Artikel 23</title>
      <orderedlist>
         <listitem>
            <para>Een ieder heeft recht op arbeid, op vrije keuze van beroep, op rechtmatige en gunstige arbeidsvoorwaarden en op bescherming tegen werkloosheid.</para>
         </listitem>
         <listitem>
            <para>Een ieder, zonder enige achterstelling, heeft recht op gelijk loon voor gelijke arbeid.</para>
         </listitem>
         <listitem>
            <para>Een ieder, die arbeid verricht, heeft recht op een rechtvaardige en gunstige beloning, welke hem en zijn gezin een menswaardig bestaan verzekert, welke beloning zo nodig met andere middelen van sociale bescherming zal worden aangevuld.</para>
         </listitem>
         <listitem>
            <para>Een ieder heeft het recht om vakverenigingen op te richten en zich daarbij aan te sluiten ter bescherming van zijn belangen.</para>
         </listitem>
      </orderedlist>
   </article>
   <article number="24">
      <title>Artikel 24</title>
      <para>Een ieder heeft recht op rust en op eigen vrije tijd, met inbegrip van een redelijke beperking van de arbeidstijd, en op periodieke vakanties met behoud van loon.</para>
   </article>
   <article number="25">
      <title>Artikel 25</title>
      <orderedlist>
         <listitem>
            <para>Een ieder heeft recht op een levensstandaard, die hoog genoeg is voor de gezondheid en het welzijn van zichzelf en zijn gezin, waaronder inbegrepen voeding, kleding, huisvesting en geneeskundige verzorging en de noodzakelijke sociale diensten, alsmede het recht op voorziening in geval van werkloosheid, ziekte, invaliditeit, overlijden van de echtgenoot, ouderdom of een ander gemis aan bestaansmiddelen, ontstaan ten gevolge van omstandigheden onafhankelijk van zijn wil.</para>
         </listitem>
         <listitem>
            <para>Moeder en kind hebben recht op bijzondere zorg en bijstand. Alle kinderen, al dan niet wettig, zullen dezelfde sociale bescherming genieten.</para>
         </listitem>
      </orderedlist>
   </article>
   <article number="26">
      <title>Artikel 26</title>
      <orderedlist>
         <listitem>
            <para>Een ieder heeft recht op onderwijs; het onderwijs zal kosteloos zijn, althans wat het lager en basisonderwijs betreft. Het lager onderwijs zal verplicht zijn. Ambachtsonderwijs en beroepsopleiding zullen algemeen beschikbaar worden gesteld. Hoger onderwijs zal openstaan voor een ieder, die daartoe de begaafdheid bezit.</para>
         </listitem>
         <listitem>
            <para>Het onderwijs zal gericht zijn op de volle ontwikkeling van de menselijke persoonlijkheid en op de versterking van de eerbied voor de rechten van de mens en de fundamentele vrijheden. Het zal het begrip, de verdraagzaamheid en de vriendschap onder alle naties, rassen of godsdienstige groepen bevorderen en het zal de werkzaamheden van de Verenigde Naties voor de handhaving van de vrede steunen.</para>
         </listitem>
         <listitem>
            <para>Aan de ouders komt in de eerste plaats het recht toe om de soort van opvoeding en onderwijs te kiezen, welke aan hun kinderen zal worden gegeven.</para>
         </listitem>
      </orderedlist>
   </article>
   <article number="27">
      <title>Artikel 27</title>
      <orderedlist>
         <listitem>
            <para>Een ieder heeft het recht om vrijelijk deel te nemen aan het culturele leven van de gemeenschap, om te genieten van kunst en om deel te hebben aan wetenschappelijke vooruitgang en de vruchten daarvan.</para>
         </listitem>
         <listitem>
            <para>Een ieder heeft het recht op de bescherming van de geestelijke en materiële belangen, voortspruitende uit een wetenschappelijk, letterkundig of artistiek werk, dat hij heeft voortgebracht.</para>
         </listitem>
      </orderedlist>
   </article>
   <article number="28">
      <title>Artikel 28</title>
      <para>Een ieder heeft recht op het bestaan van een zodanige maatschappelijke en internationale orde, dat de rechten en vrijheden, in deze Verklaring genoemd, daarin ten volle kunnen worden verwezenlijkt.</para>
   </article>
   <article number="29">
      <title>Artikel 29</title>
      <orderedlist>
         <listitem>
            <para>Een ieder heeft plichten jegens de gemeenschap, zonder welke de vrije en volledige ontplooiing van zijn persoonlijkheid niet mogelijk is.</para>
         </listitem>
         <listitem>
            <para>In de uitoefening van zijn rechten en vrijheden zal een ieder slechts onderworpen zijn aan die beperkingen, welke bij de wet zijn vastgesteld en wel uitsluitend ter verzekering van de onmisbare erkenning en eerbiediging van de rechten en vrijheden van anderen en om te voldoen aan de gerechtvaardigde eisen van de moraliteit, de openbare orde en het algemeen welzijn in een democratische gemeenschap.</para>
         </listitem>
         <listitem>
            <para>Deze rechten en vrijheden mogen in geen geval worden uitgeoefend in strijd met de doeleinden en beginselen van de Verenigde Naties.</para>
         </listitem>
      </orderedlist>
   </article>
   <article number="30">
      <title>Artikel 30</title>
      <para>Geen bepaling in deze Verklaring zal zodanig mogen worden uitgelegd, dat welke Staat, groep of persoon dan ook, daaraan enig recht kan ontlenen om iets te ondernemen of handelingen van welke aard ook te verrichten, die vernietiging van een van de rechten en vrijheden, in deze Verkaring genoemd, ten doel hebben.</para>
   </article>
</udhr>