<?xml version="1.0" encoding="UTF-8"?>

<!--© The Office of the High Commisioner for Human Rights-->

<udhr iso639-3="und" xml:lang="und" key="017" n="(Minjiang, written)" dir='ltr' iso15924='Latn' xmlns="http://www.unhchr.ch/udhr">
   <title>Sigai Renquan Xuanyan</title>
   <preamble>
      <title>Qianyan</title>
      <para>Jianyu dui renlui soyou cenyuan li guyou zunlian jie qi pinden li ho bwyi li quanli li cenren, laisi sigai ziyou, zenli yu hopin li jicu,</para>
      <para>Jianyu dui renquan li vusi ho vumie yi fazan wei yiman baoxin, zixi baoxin dianvu la renlui li liangxin, er yego renren xiangyou yanlun ho xinyang ziyou bin mianyu kongju ho kuifa li sigai li lailin, yi bei xuanbu wei putong renmin li zuigao yuanwang,</para>
      <para>Jianyu wei si renlui bwzi pae bw dae yi tin er zou xian dui baozen ho yapae jinxin fanpan, you bieyao si renquan sou fazi li baofu,</para>
      <para>Jianyu you bieyao cwjin go guae jian youhao guanxi li fazan,</para>
      <para>Jianyu go Lianho Guae guaejia li renmin yi zai Lianho Guae Xianzang zong congsen tamen dui jiben renquan, rengae zunlian ho jiaze yijie lanlü pinden quanli li xinlian, bin juexin cwcen jiaoda ziyou zong li sehui jinbu ho senho suipin li gaisan,</para>
      <para>Jianyu go cenyuan guae yeyi siyuan tong Lianho Guae hozo yi cwjin dui renquan ho jiben ziyou li pubian zunzong ho zunxin,</para>
      <para>Jianyu dui zixi quanli ho ziyou li pubian liaogai zuiyu zigo siyuan li congfen sexian juyou henda li zongyao xin,</para>
      <para>Yinci xianzai,</para>
      <para>Dahui,</para>
      <para>Fabu zi ye Sigai Renquan Xuanyan, zowei soyou renmin ho soyou guaejia nulie sexian li gongtong biaozun, yi qi mei ye go ren ho sehui jigou jincang minlian ben xuanyan, nulie tonggo jiaohui ho jiaoyue cwjin dui quanli ho ziyou li zunzong, bin tonggo guaejia li ho guaeji li jianjin cosi, si zixi quanli ho ziyou zai go huiyuan guae bensen renmin jie zai qi guanxia xia lintu li renmin zong daedao pubian ho youxiao li cenren ho zunxin;</para>
   </preamble>
   <article number="1">
      <title>Di ye tiao</title>
      <para>Renren sen er ziyou, zai zunlian ho quanli sang yelue pinden. Tamen fuyou lixin ho liangxin, bin yin yi xiongdi guanxi li jinsen xiang duidai.</para>
   </article>
   <article number="2">
      <title>Di er tiao</title>
      <para>Renren you zigae xiangyou ben xuanyan so zai li yeqie quanli ho ziyou, bwfen zongzw, fusae, xinbie, yuyan, zongjiao, zenzi huae qita jiangai, guaejie huae sehui cwsen, caican, cwsen huae qita senfen den renho qubie.</para>
      <para>Binqi bwdae yi ye ren so sw li guaejia huae lintu li zenzi li, xinzen li huaezai guaeji li diwei zi bwtong er you so qubie, vulun gai lintu si dwlie lintu, toguan lintu, fei zizi lintu huaezai cuyu qita renho zuquan sou xianzi li qinkuang zixia.</para>
  </article>
   <article number="3">
      <title>Di san tiao</title>
      <para>Renren you quan xiangyou senmin, ziyou ho rensen nganquan.</para>
   </article>
   <article number="4">
      <title>Di si tiao</title>
      <para>Renho ren bwdae si wei ludi huae luyi; yeqie xinsi li ludi zidu ho ludi maimai, jun yin yuyi jinzi.</para>
   </article>
   <article number="5">
      <title>Di vu tiao</title>
      <para>Renho ren bwdae jiayi kuxin, huae siyi canren li, bw rendao li huae vuruxin li daiyu huae xinfa.</para>
   </article>
   <article number="6">
      <title>Di lw tiao</title>
      <para>Renren zai renho difang youquan bei cenren zai falue qian li rengae.</para>
   </article>
   <article number="7">
      <title>Di qie tiao</title>
      <para>Falue ziqian renren pinden, bin youquan xiangsou falue li pinden baofu, bw sou renho qisi. Renren you quan xiangsou pinden baofu, yi mian sou weifan ben xuanyan li renho qisi xinwei yijie sandong zizong qisi li renho xinwei zi hai.</para>
   </article>
   <article number="8">
      <title>Di ba tiao</title>
      <para>Renho ren dang xianfa huae falue so fuyu ta li jiben quanli zaosou qinhai si, youquan you hogae li guaejia fatin dui zizong qinhai xinwei zo youxiao li bujiu.</para>
   </article>
   <article number="9">
      <title>Di jiu tiao</title>
      <para>Renho ren bwdae jiayi renyi daibu, jujin huae fazw.</para>
   </article>
   <article number="10">
      <title>Di se tiao</title>
      <para>Renren wanquan pinden li youquan you yege dwlie er wu pianyi li fatin jinxin gongzen li ho gongkai li senxun, yi qiodin ta li quanli ho yiwu bin pandin dui ta ticw li renho xinsi zikong.</para>
   </article>
   <article number="11">
      <title>Di se ye tiao</title>
      <orderedlist>
         <listitem tag="(Ye)">
            <para>Fan sou xinsi konggao zai, zai wei jin hodae bianfu sang soxu li yeqie baozen li gongkai senpan er yi fa zense qi you zui yiqian, youquan bei siwei vu zui.</para>
         </listitem>
         <listitem tag="(Er)">
            <para>Renho ren li xinwei huae bw xinwei, zai qi fasen si yi guaejia fa huae guaeji fa jun bw goucen xinsi zui zai, bwdae bei panwei fanyou xinsi zui. Xinfa bwdae zongyu fanzui si seyong li falue guidin.</para>
         </listitem>
      </orderedlist>
   </article>
   <article number="12">
      <title>Di se er tiao</title>
      <para>Renho ren li si senho, jiatin, zuzae ho tongxin bwdae renyi gansae, ta li yongyu ho minyu bwdae jiayi gongjie. Renren youquan xiangsou falue baofu, yi mian sou zizong gansae huae gongjie.</para>
   </article>
   <article number="13">
      <title>Di se san tiao</title>
      <orderedlist>
         <listitem tag="(Ye)">
            <para>Renren zai go guae jinlui you quan ziyou qianxie ho juzu.</para>
         </listitem>
         <listitem tag="(Er)">
            <para>Renren you quan likai renho guaejia, baoko qi ben guae zai lui, bin youquan fanhui ta li guaejia.</para>
         </listitem>
      </orderedlist>
   </article>
   <article number="14">
      <title>Di se si tiao</title>
      <orderedlist>
         <listitem tag="(Ye)">
            <para>Renren youquan zai qita guaejia xunqiu ho xiangsou bifu yi bimian paehai.</para>
         </listitem>
         <listitem tag="(Er)">
            <para>Zai zenzen youyu fei zenzixin li zuixin huae weibei Lianho Guae li zongzi ho yuanzae li xinwei er bei qisu li qinkuang xia, bwdae yuanyong cizong quanli.</para>
         </listitem>
      </orderedlist>
   </article>
   <article number="15">
      <title>Di se vu tiao</title>
      <orderedlist>
         <listitem tag="(Ye)">
            <para>Renren youquan xiangyou guaejie.</para>
         </listitem>
         <listitem tag="(Er)">
            <para>Renho ren li guaejie bwdae renyi bodo, yi bwdae fouren qi gaibian guaejie li quanli.</para>
         </listitem>
      </orderedlist>
   </article>
   <article number="16">
      <title>Di se lw tiao</title>
      <orderedlist>
         <listitem tag="(Ye)">
            <para>Cenlian lanlü, bw sou zongzw, guaejie huae zongjiao li renho xianzi you quan hun jia ho cenlie jiatin. Tamen zai hunyin fangmian, zai jiehun qijian ho zai gaicu hunyo si, yin you pinden li quanli.</para>
         </listitem>
         <listitem tag="(Er)">
            <para>Ziyou jin lanlü suangfang li ziyou ho wanquan li tongyi, cailen di hun.</para>
         </listitem>
         <listitem tag="(San)">
            <para>Jiatin si tianran li ho jiben li sehui danyuan, bin yin sou sehui ho jiatin li baofu.</para>
         </listitem>
      </orderedlist>
   </article>
   <article number="17">
      <title>Di se qie tiao</title>
      <orderedlist>
         <listitem tag="(Ye)">
            <para>Renren dae you dandw li caican soyou quan yijie tong taren hoyou li soyou quan.</para>
         </listitem>
         <listitem tag="(Er)">
            <para>Renho ren li caican bwdae renyi bodo.</para>
         </listitem>
      </orderedlist>
   </article>
   <article number="18">
      <title>Di se ba tiao</title>
      <para>Renren you sixiang, liangxin ho zongjiao ziyou li quanli; cixiang quanli baoko gaibian ta li zongjiao huae xinyang li ziyou, yijie dandw huae jieti, gongkai huae miemie li yi jiaoyi, sejian, libai ho gailue biaosi ta li zongjiao huae xinyang li ziyou.</para>
   </article>
   <article number="19">
      <title>Di se jiu tiao</title>
      <para>Renren you quan xiangyou zuzang ho fabiao yijian li ziyou; cixiang quanli baoko ciyou zuzang er bw sou gansae li ziyou, ho tonggo renho meigai ho bwlun guaegai xunqiu, jiesou ho cuandi xiaoxie ho sixiang li ziyou.</para>
   </article>
   <article number="20">
      <title>Di er se tiao</title>
      <orderedlist>
          <listitem tag="(Ye)">
            <para>Renren you quan xiangyou hopin jiehui ho jie se li ziyou.</para>
         </listitem>
         <listitem tag="(Er)">
            <para>Renho ren bwdae paesi disw yu mou ye tuanti.</para>
         </listitem>
     </orderedlist>
   </article>
   <article number="21">
      <title>Di er se ye tiao</title>
      <orderedlist>
         <listitem tag="(Ye)">
            <para>Renren you zejie huae tonggo ziyou xuanzae li daibiao canyu zili ben guae li quanli.</para>
         </listitem>
         <listitem tag="(Er)">
            <para>Renren you pinden jihui canjia ben guae gongvu li quanli.</para>
         </listitem>
         <listitem tag="(San)">
            <para>Renmin li yizi si zenfu quanlie li jicu; zi ye yizi yin yi dinqi li ho zenzen li xuanju yu yi biaoxian, er xuanju yin yiju pubian ho pinden li toupiao quan, bin yi bw jimin toupiao huae xiangdang li ziyou toupiao cenxu jinxin.</para>
         </listitem>
      </orderedlist>
   </article>
   <article number="22">
      <title>Di er se er tiao</title>
      <para>Mei go ren, zowei sehui li ye yuan, youquan xiangsou sehui baozang, bin youquan xiangsou ta li goren zunlian ho rengae li ziyou fazan so biexu li jinji, sehui ho wenhua fangmian gozong quanli li sexian, zizong sexian si tonggo guaejia lulie ho guaeji hozo bin yizao go guae li zuze ho ziyuan qinkuang.</para>
   </article>
   <article number="23">
      <title>Di er se san tiao</title>
      <orderedlist>
         <listitem tag="(Ye)">
            <para>Renren you quan gongzo, ziyou xuanzae zelie, xiangsou gongzen ho hose li gongzo tiaojian bin xiangsou mianyu selie li baozang.</para>
         </listitem>
         <listitem tag="(Er)">
            <para>Renren you tong gong tong cou li quanli, bw sou renho qisi.</para>
         </listitem>
         <listitem tag="(San)">
            <para>Mei yego gongzo li ren, you quan xiangsou gongzen ho hose li baocou, baozen si ta benren ho jiasw you ye go fwho ren li zunlian li senho tiaojian, bieyao si bin fuyi qita fangsi li sehui baozang.</para>
         </listitem>
         <listitem tag="(Si)">
            <para>Renren you wei weifu qi liye er zuze ho canjia gonghui li quanli.</para>
         </listitem>
      </orderedlist>
   </article>
   <article number="24">
      <title>Di er se si tiao</title>
      <para>Renren you xiangyou xiuxie ho xianxia li quanli, baoko gongzo sijian you holi xianzi ho dinqi gei xin xiujia li quanli.</para>
   </article>
   <article number="25">
      <title>Di er se vu tiao</title>
      <orderedlist>
         <listitem tag="(Ye)">
            <para>Renren you quan xiangsou weici ta benren ho jiasw li jiankang ho fwli so xu li senho suizun, baoko sevw, yizo, zufang, yiliao ho bieyao li sehui fwvu; zai zaodao selie, jiebin, canfei, sougua, suailao huae zai qita bwlen kongzi li qinkuang xia sangse mousen lenlie si, you quan xiangsou baozang.</para>
         </listitem>
         <listitem tag="(Er)">
            <para>Muqin ho ertong you quan xiangsou taebie zaogu ho xiezu. Yeqie ertong, vulun hunsen huae fei hunsen, dou yin xiangsou tongyang li sehui baofu.</para>
         </listitem>
      </orderedlist>
   </article>
   <article number="26">
      <title>Di er se lw tiao</title>
      <orderedlist>
         <listitem tag="(Ye)">
            <para>Renren dou you sou jiaoyue li quanli, jiaoyue yindang mianfei, zisao zai cujie ho jiben gaiduan yin ruci. Cujie jiaoyue yin sw yivu xinze. Jisw ho zilie jiaoyue yin pubian saelie. Gaoden jiaoyue yin genju cenjie er dui yeqie ren pinden kaifang.</para>
         </listitem>
         <listitem tag="(Er)">
            <para>Jiaoyue li mwdie zaiyu congfen fazan ren li goxin bin jiaqiang dui renquan ho jiben ziyou li zunzong. Jiaoyue yin cwjin go guae, go zongzw, ho go zongjiao jietuan jian li liaogai, yongren ho youli, bin yin cwjin Lianho Guae weifu hopin li go xiang hodong.</para>
         </listitem>
         <listitem tag="(San)">
            <para>Fumu dui qi zilü sou yin sou li jiaoyue li zonglui, you youxian xuanzae li quanli.</para>
         </listitem>
      </orderedlist>
   </article>
   <article number="27">
      <title>Di er se qie tiao</title>
      <orderedlist>
         <listitem tag="(Ye)">
            <para>Renren youquan ziyou canjia sehui li wenhua senho, xiangsou yisw, bin fenxiang koxio jinbu jie qi cansen li fwli.</para>
         </listitem>
         <listitem tag="(Er)">
            <para>Renren dui youyu ta so cuangzo li renho koxio, wenxio huae meisw zopin er cansen li jinsen li ho vwze li liye, you xiangsou baofu li quanli.</para>
         </listitem>
      </orderedlist>
   </article>
   <article number="28">
      <title>Di er se ba tiao</title>
      <para>Renren you quan yaoqiu ye zong sehui li ho guaeji li zixu, zai zizong zixu zong, ben xuanyan so zai li quanli ho ziyou len hodae congfen sexian.</para>
   </article>
   <article number="29">
      <title>Di er se jiu tiao</title>
      <orderedlist>
         <listitem tag="(Ye)">
            <para>Renren dui sehui fuyou yivu, yinwei ziyou zai sehui zong ta li goxin cai kolen daedao ziyou ho congfen li fazan.</para>
         </listitem>
         <listitem tag="(Er)">
            <para>Renren zai xinsi ta li quanli ho ziyou si, zi sou falue so qiodin li xianzi, qiodin cizong xianzi li weiye mwdie zaiyu baozen dui pangren li quali ho ziyou geiyu yinyou li cenren ho zunzong, bin zai yego minzu li sehui zong seyin daodae, gonggong zixu ho pubian fwli li zendang xuyao.</para>
         </listitem>
         <listitem tag="(San)">
            <para>Zixi quanli ho ziyou li xinsi, vulun zai renho qinxin xia jun bwdae weibei Lianho Guae li zongzi ho yuanzae.</para>
         </listitem>
      </orderedlist>
   </article>
   <article number="30">
      <title>San se tiao</title>
      <para>Ben xuanyan li renho tiaowen, bwdae gaisi wei maexu renho guaejia, jietuan huae goren you quan jinxin zizai pohuai ben xuanyan so zai li renho quanli ho ziyou li hodong hua xinwei.</para>
   </article>
</udhr>
