<?xml version="1.0" encoding="UTF-8"?>

<!--© The Office of the High Commisioner for Human Rights-->

<udhr iso639-3='cat' xml:lang='ca' key='cat' n='Catalan-Valencian-Balear' dir='ltr' iso15924='Latn' xmlns="http://www.unhchr.ch/udhr">
   <note>
      <para>Adoptada i proclamada per l’Assemblea General de les Nacions Unides, resolució 217 A (III), de 10 de desembre de 1948</para>
   </note>
   <title>Declaració Universal de Drets Humans</title>
   <preamble>
      <title>PREÀMBUL</title>
      <para>Considerant que el reconeixement de la dignitat inherent i dels drets iguals i inalienables de tots els membres de la família humana és el fonament de la llibertat, la justícia i la pau en el món,</para>
      <para>Considerant que el desconeixement i el menyspreu dels drets humans han originat actes de barbàrie que han ultratjat la consciència de la humanitat; i que s’ha proclamat com l’aspiració més elevada de tothom l’adveniment d’un món on els éssers humans, deslliurats del temor i la misèria, puguin gaudir de llibertat d’expressió i de creença,</para>
      <para>Considerant que és essencial que els drets humans siguin protegits per un règim de dret per tal que les persones no es vegin forçades, com a últim recurs, a la rebel·lió contra la tirania i l’opressió,</para>
      <para>Considerant també que és essencial de promoure el desenvolupament de relacions amistoses entre les nacions,</para>
      <para>Considerant que els pobles de les Nacions Unides han ratificat en la Carta llur fe en els drets humans fonamentals, en la dignitat i el valor de la persona humana i en la igualtat de dret d’homes i dones; i que han decidit de promoure el progrés social i millorar el nivell de vida dins d’una llibertat més àmplia,</para>
      <para>Considerant que els Estats membres s’han compromès a assegurar, en cooperació amb l’Organització de les Nacions Unides, el respecte universal i efectiu dels drets humans i les llibertats fonamentals,</para>
      <para>Considerant que una concepció comuna d’aquests drets i llibertats és de la més gran importància per al ple compliment d’aquest compromís,</para>
      <para>L’Assemblea General</para>
      <para>Proclama aquesta Declaració Universal de Drets Humans com l’ideal comú a assolir per a tots els pobles i nacions amb el fi que cada persona i cada institució, inspirant-se constantment en aquesta Declaració, promoguin, mitjançant l’ensenyament i l’educació, el respecte a aquests drets i llibertats i assegurin, amb mesures progressives nacionals i internacionals, el seu reconeixement i aplicació universals i efectius, tant entre els pobles dels Estats membres com entre els dels territoris sota llur jurisdicció.</para>
   </preamble>
   <article number="1">
      <title>Article 1</title>
      <para>Tots els éssers humans neixen lliures i iguals en dignitat i en drets. Són dotats de raó i de consciència, i han de comportar-se fraternalment els uns amb els altres.</para>
   </article>
   <article number="2">
      <title>Article 2</title>
      <para>Tothom té tots els drets i llibertats proclamats en aquesta Declaració, sense cap distinció de raça, color, sexe, llengua, religió, opinió política o de qualsevol altra mena, origen nacional o social, fortuna, naixement o altra condició.</para>
      <para>A més, no es farà cap distinció basada en l’estatut polític, jurídic o internacional del país o del territori al qual pertanyi una persona, tant si és independent com si està sota administració fiduciària, si no és autònom, o està sota qualsevol altra limitació de sobirania.</para>
   </article>
   <article number="3">
      <title>Article 3</title>
      <para>Tota persona té dret a la vida, a la llibertat i a la seva seguretat.</para>
   </article>
   <article number="4">
      <title>Article 4</title>
      <para>Ningú no serà sotmès a esclavitud o servitud: l’esclavitud i el tràfic d’esclaus són prohibits en totes llurs formes.</para>
   </article>
   <article number="5">
      <title>Article 5</title>
      <para>Ningú no serà sotmès a tortures ni a penes o tractes cruels, inhumans o degradants.</para>
   </article>
   <article number="6">
      <title>Article 6</title>
      <para>Tota persona té el dret arreu al reconeixement de la seva personalitat jurídica.</para>
   </article>
   <article number="7">
      <title>Article 7</title>
      <para>Tots són iguals davant la llei i tenen dret, sense cap distinció, a igual protecció per la llei. Tots tenen dret a igual protecció contra qualsevol discriminació que violi aquesta Declaració i contra qualsevol incitació a una tal discriminació.</para>
   </article>
   <article number="8">
      <title>Article 8</title>
      <para>Tota persona té dret a un recurs efectiu prop dels tribunals nacionals competents que l’empari contra actes que violin els seus drets fonamentals reconeguts per la constitució o per la llei.</para>
   </article>
   <article number="9">
      <title>Article 9</title>
      <para>Ningú no serà detingut, pres o desterrat arbitràriament.</para>
   </article>
   <article number="10">
      <title>Article 10</title>
      <para>Tota persona té dret, en condicions de plena igualtat, a ser escoltada públicament i amb justícia per un tribunal independent i imparcial, per a la determinació dels seus drets i obligacions o per a l’examen de qualsevol acusació contra ella en matèria penal.</para>
   </article>
   <article number="11">
      <title>Article 11</title>
      <orderedlist>
         <listitem>
            <para>Tots els acusats d’un delicte tenen el dret que hom presumeixi la seva innocència fins que no es provi la seva culpabilitat segons la llei en un judici públic, en què hom li hagi assegurat totes les garanties necessàries per a la seva defensa.</para>
         </listitem>
         <listitem>
            <para>Ningú no serà condemnat per actes o omissions que en el moment que varen ésser comesos no eren delictius segons el dret nacional o internacional. Tampoc no s’imposarà cap pena superior a l’aplicable en el moment de cometre el delicte.</para>
         </listitem>
      </orderedlist>
   </article>
   <article number="12">
      <title>Article 12</title>
      <para>Ningú no serà objecte d’intromissions arbitràries en la seva vida privada, la seva família, el seu domicili o la seva correspondència, ni d’atacs al seu honor i reputació. Tothom té dret a la protecció de la llei contra tals intromissions o atacs.</para>
   </article>
   <article number="13">
      <title>Article 13</title>
      <orderedlist>
         <listitem>
            <para>Tota persona té dret a circular lliurement i a triar la seva residència dins les fronteres de cada Estat.</para>
         </listitem>
         <listitem>
            <para>Tota persona té dret o sortir de qualsevol país, àdhuc el propi, i a retornar-hi.</para>
         </listitem>
      </orderedlist>
   </article>
   <article number="14">
      <title>Article 14</title>
      <orderedlist>
         <listitem>
            <para>En cas de persecució, tota persona té dret a cercar asil en altres països i a beneficiar-se’n.</para>
         </listitem>
         <listitem>
            <para>Aquest dret no podrà ser invocat contra una persecució veritablement originada per delictes comuns o per actes oposats als objectius i principis de les Nacions Unides.</para>
         </listitem>
      </orderedlist>
   </article>
   <article number="15">
      <title>Article 15</title>
      <orderedlist>
         <listitem>
            <para>Tota persona té dret a una nacionalitat.</para>
         </listitem>
         <listitem>
            <para>Ningú no serà privat arbitràriament de la seva nacionalitat, ni del dret de canviar de nacionalitat.</para>
         </listitem>
      </orderedlist>
   </article>
   <article number="16">
      <title>Article 16</title>
      <orderedlist>
         <listitem>
            <para>Els homes i les dones, a partir de l’edat núbil, tenen dret, sense cap restricció per motius de raça, nacionalitat o religió, a casar-se i a fundar una família. Gaudiran de drets iguals pel que fa al casament, durant el matrimoni i en la seva dissolució.</para>
         </listitem>
         <listitem>
            <para>Només es realitzarà el casament amb el lliure i ple consentiment dels futurs esposos.</para>
         </listitem>
         <listitem>
            <para>La família és l’element natural i fonamental de la societat i té dret a la protecció de la societat i de l’Estat.</para>
         </listitem>
      </orderedlist>
   </article>
   <article number="17">
      <title>Article 17</title>
      <orderedlist>
         <listitem>
            <para>Tota persona té dret a la propietat, individualment i col·lectiva.</para>
         </listitem>
         <listitem>
            <para>Ningú no serà privat arbitràriament de la seva propietat.</para>
         </listitem>
      </orderedlist>
   </article>
   <article number="18">
      <title>Article 18</title>
      <para>Tota persona té dret a la llibertat de pensament, de consciència i de religió; aquest dret inclou la llibertat de canviar de religió o de creença, i la llibertat, individualment o col·lectivament, en públic o en privat, de manifestar la seva religió o creença per mitjà de l’ensenyament, la pràctica, el culte i l’observança.</para>
   </article>
   <article number="19">
      <title>Article 19</title>
      <para>Tota persona té dret a la llibertat d’opinió i d’expressió; aquest dret inclou el de no ser molestat a causa de les pròpies opinions i el de cercar, rebre i difondre les informacions i les idees per qualsevol mitjà i sense límit de fronteres.</para>
   </article>
   <article number="20">
      <title>Article 20</title>
      <orderedlist>
         <listitem>
            <para>Tota persona té dret a la llibertat de reunió i d’associació pacífiques.</para>
         </listitem>
         <listitem>
            <para>Ningú no pot ser obligat a pertànyer a una associació.</para>
         </listitem>
      </orderedlist>
   </article>
   <article number="21">
      <title>Article 21</title>
      <orderedlist>
         <listitem>
            <para>Tota persona té dret a participar en el govern del seu país, directament o per mitjà de representants lliurement elegits.</para>
         </listitem>
         <listitem>
            <para>Tota persona té dret, en condicions d’igualtat, a accedir a les funcions públiques del seu país.</para>
         </listitem>
         <listitem>
            <para>La voluntat del poble és el fonament de l’autoritat de l’Estat; aquesta voluntat ha d’expressar-se mitjançant eleccions autèntiques, que hauran de fer-se periòdicament per sufragi universal i igual i per vot secret o per altre procediment equivalent que garanteixi la llibertat del vot.</para>
         </listitem>
      </orderedlist>
   </article>
   <article number="22">
      <title>Article 22</title>
      <para>Tota persona, com a membre de la societat, té dret a la seguretat social i a obtenir, mitjançant l’esforç nacional i la cooperació internacional, segons l’organització i els recursos de cada país, la satisfacció dels drets econòmics, socials i culturals indispensables per a la seva dignitat i el lliure desenvolupament de la seva personalitat.</para>
   </article>
   <article number="23">
      <title>Article 23</title>
      <orderedlist>
         <listitem>
            <para>Tota persona té dret al treball, a la lliure elecció de la seva ocupació, a condicions equitatives i satisfactòries de treball, i a la protecció contra l’atur.</para>
         </listitem>
         <listitem>
            <para>Tota persona, sense cap discriminació, té dret a salari igual per igual treball.</para>
         </listitem>
         <listitem>
            <para>Tothom que treballa té dret a una remuneració equitativa i satisfactòria que asseguri per a ell i la seva família una existència conforme a la dignitat humana, completada, si cal, amb altres mitjans de protecció social.</para>
         </listitem>
         <listitem>
            <para>Tothom té dret a constituir sindicats per a la defensa dels seus interessos i a afiliar-s’hi.</para>
         </listitem>
      </orderedlist>
   </article>
   <article number="24">
      <title>Article 24</title>
      <para>Tota persona té dret al descans i al lleure i, particularment, a una limitació raonable de la jornada de treball i a vacances periòdiques pagades.</para>
   </article>
   <article number="25">
      <title>Article 25</title>
      <orderedlist>
         <listitem>
            <para>Tota persona té dret a un nivell de vida que asseguri, per a ell i la seva família, la salut i el benestar, especialment quant a alimentació, vestir, habitatge, assistència mèdica i als serveis socials necessaris; també té dret a la seguretat en cas d’atur, malaltia, incapacitat, viduïtat, vellesa o altra manca de mitjans de subsistència independent de la seva voluntat.</para>
         </listitem>
         <listitem>
            <para>La maternitat i la infantesa tenen dret a una cura i a una assistència especials. Tots els infants, nascuts d’un matrimoni o fora d’un matrimoni, gaudeixen d’igual protecció social.</para>
         </listitem>
      </orderedlist>
   </article>
   <article number="26">
      <title>Article 26</title>
      <orderedlist>
         <listitem>
            <para>Tota persona té dret a l’educació. L’educació serà gratuïta, si més no, en la instrucció elemental i fonamental. La instrucció elemental serà obligatòria. L’ensenyament tècnic i professional es posarà a l’abast de tothom, i l’accés a l’ensenyament superior serà igual per a tots en funció dels mèrits respectius.</para>
         </listitem>
         <listitem>
            <para>L’educació tendirà al ple desenvolupament de la personalitat humana i a l’enfortiment del respecte als drets humans i a les llibertats fonamentals; promourà la comprensió, la tolerància i l’amistat entre totes les nacions i grups ètnics o religiosos, i fomentarà les activitats de les Nacions Unides per al manteniment de la pau.</para>
         </listitem>
         <listitem>
            <para>El pare i la mare tenen dret preferent d’escollir la mena d’educació que serà donada als seus fills.</para>
         </listitem>
      </orderedlist>
   </article>
   <article number="27">
      <title>Article 27</title>
      <orderedlist>
         <listitem>
            <para>Tota persona té dret a participar lliurement en la vida cultural de la comunitat, a gaudir de les arts i a participar i beneficiar-se del progrés científic.</para>
         </listitem>
         <listitem>
            <para>Tota persona té dret a la protecció dels interessos morals i materials derivats de les produccions científiques, literàries o artístiques de què sigui autor.</para>
         </listitem>
      </orderedlist>
   </article>
   <article number="28">
      <title>Article 28</title>
      <para>Tota persona té dret a un ordre social i internacional en què els drets i llibertats proclamats en aquesta Declaració puguin ser plenament efectius.</para>
   </article>
   <article number="29">
      <title>Article 29</title>
      <orderedlist>
         <listitem>
            <para>Tota persona té deures envers la comunitat, ja que només en aquesta li és possible el lliure i ple desenvolupament de la seva personalitat.</para>
         </listitem>
         <listitem>
            <para>En l’exercici dels drets i les llibertats, tothom estarà sotmès només a les limitacions establertes per la llei i únicament amb la finalitat d’assegurar el reconeixement i el respecte deguts als drets i llibertats dels altres i de complir les justes exigències de la moral, de l’ordre públic i del benestar general en una societat democràtica.</para>
         </listitem>
         <listitem>
            <para>Aquests drets i llibertats mai no podran ser exercits en oposició als objectius i principis de les Nacions Unides.</para>
         </listitem>
      </orderedlist>
   </article>
   <article number="30">
      <title>Article 30</title>
      <para>Res en aquesta Declaració no podrà interpretar-se en el sentit que doni cap dret a un Estat, a un grup o a una persona a emprendre activitats o a realitzar actes que tendeixin a la supressió de qualsevol dels drets i llibertats que s’hi enuncien.</para>
   </article>
</udhr>