<?xml version="1.0" encoding="UTF-8"?>

<!--© The Office of the High Commisioner for Human Rights-->

<udhr iso639-3='gaa' xml:lang='gaa' key='gaa' n='Ga' dir='ltr' iso15924='Latn' xmlns="http://www.unhchr.ch/udhr">
   <title>JEŊJEŊ KPAŊMƆ NI KƆƆ GBƆMƆ ADESA HEGBƐI AHE</title>
   <preamble>
      <title>MLIBOTEMƆ</title>
      <para>Akɛni aŋɔɔ nɔ akɛ afɔ gbɔmɛi adesai fɛɛ akɛ mɛi ni yeɔ egbɔ kɛ heyeli ko ni anyɛŋ ashɔ̃ yɛ amɛdɛŋ, ni nomɛi ji heyeli, jalɛsane kɛ toiŋjɔlɛ shishifãi yɛ je lɛ mli hewɔ lɛ,</para>
      <para>Akɛni bu ni abuuu, kɛ asaŋ gbɔmɔ adesa hegbɛi anɔ ni anaanaa yɛ shikpɔŋ lɛ etsɔ gbɔmɔ yitsoŋ ni eha efeɔ yiwalɛ nii, kɛ amrɔ nɛɛ gbɛgbelemɔ akɛ mɛi foji anine ashɛ amɛshweenii anɔ bɔ ni amɛaanyɛ amɛwie nɔ ni amɛsusuɔ yɛ nɔ ko he, amɛhe nɔ ni amɛsusuɔ akɛ eja gbɛ pɛ amɛye, akanyɛ awo amɛhe gbeyei dɔŋŋ, ni asaŋ akakama amɛ nɔ ko nɔ ko hewɔ lɛ,</para>
      <para>Akɛni suɔmɔ ni asumɔɔɔ akɛ atsɔɔ gbɛ kroko nɔ ajieɔ yiwalɛ nɔyeli ko hewɔ ni ehiaa akɛ awo mla ni baafã gbɔmɔ adesa hegbɛi ahe hewɔ lɛ,</para>
      <para>Akɛni ehe hiaa akɛ akã he aha naanyobɔɔ ahi maji ateŋ hewɔ lɛ,</para>
      <para>Akɛni mɛi ni yɔɔ Jeŋmaji Ekomefeemɔ Ku lɛ mli lɛ ema amɛhemɔkɛyeli ni amɛyɔɔ yɛ gbɔmɔ adesa mli, kɛ agbojee kɛ egbɔyeli ni kã hii kɛ yei ateŋ nɔ aduatsɔ, ni amɛtswa amɛfai shi hu akɛ amɛbaabɔ mɔdɛŋ koni shihilɛ mli aŋɔɔ fe tsuutsu, ni heyeli ahe shi jogbaŋŋ taakɛ ato he gbɛjianɔ yɛ Jeŋmaji Ekomefeemɔ Ku lɛ kpaŋmɔ lɛ mli hewɔ lɛ,</para>
      <para>Akɛni maji ni yɔɔ Jeŋmaji Ekomefeemɔ Ku lɛ mli lɛ ewo shi akɛ amɛkɛ ku lɛ baafee ekome bɔ ni afee ni hiɛ asɔ, ni asaŋ gbɔmɔ adesa hegbɛi kɛ heyeli ahe shi hewɔ lɛ,</para>
      <para>Akɛni shishinumɔ ni aaana yɛ hegbɛi kɛ heyeli nɛɛ ahe baafee nɔ oti ni abaadamɔ nɔ koni shiwoo nɛɛ aye omanye hewɔ lɛ,</para>
      <para>Belɛ, Agbɛnɛ</para>
      <para>Kpee Wulu lɛ miiha ale</para>
      <para>Jeŋjeŋ Kpaŋmɔ ni kɔɔ Gbɔmɔ Adesa Hegbɛi Ahe nɛɛ</para>
      <para>Akɛ mɛi fɛɛ kɛ jeŋmaji fɛɛ asusumɔ kpãa, koni mɛi aŋkroaŋkroi kɛ kui fɛɛ adamɔ kpaŋmɔ nɛɛ nɔ amɛbɔ mɔdɛŋ amɛtsɔ nitsɔɔmɔ kɛ tsɔsemɔ nɔ yɛ majiaŋ kɛ maji ateŋ nifeemɔi anɔ amɛha emli hegbɛi kɛ heyeli lɛ ahe shi yɛ je lɛ mli fɛɛ yɛ maji ni yɔɔ Jeŋmaji Ekomefeemɔ Ku lɛ mli diɛŋtsɛ, asaŋ kɛ shikpɔji ni yɔɔ amɛshishi anɔ bii hu anifeemɔ mli.</para>
   </preamble>
   <article number="1">
      <title>Gbɛjianɔtoo 1</title>
      <para>Afɔ gbɔmɔ fɛɛ gbɔmɔ yɛ agbojee mli, kɛ hegbɛ ko ni damɔ ŋɛlɛ koome nɔ. Gbɔmɛi fɛɛ yɛ jwɛŋmɔ kɛ henilee, ni no hewɔ lɛ esa akɛ amɛhe ahi shi yɛ nyɛmi suɔmɔ mli.</para>
   </article>
   <article number="2">
      <title>Gbɛjianɔtoo 2</title>
      <para>Mɔ fɛɛ mɔ yɛ hegbɛ akɛ eyeɔ hegbɛi ni yɔɔ kpaŋmɔ nɛɛ mli lɛ amli ŋɔɔmɔ lɛ eko, bɔ ni naatsii ko kwraa bɛ yɛ jaku mli ni ajɛ, hewolo su ni ahiɛ, nuu loo yoo ni aji, wiemɔ ni awieɔ, jamɔ mli ni ayɔɔ, maŋsaneyeli shidaamɔ mli aloo susumɔ ni ayɔɔ yɛ nɔ ko he, maŋ nɔ ni ajɛ, nii ni ayɔɔ, weku mli ni ajɛ aloo gbɛnaa ko ni ahiɛ hewɔ.</para>
      <para>Asaŋ akwɛ koni akajie niiaŋ bɔ ni akɛ mɔ ko maŋ ni ejɛ lɛ agbojee miitsu nii yɛ hegbɛi nɛɛ agbɛfaŋ, kɛji maŋ lɛ ena heyeli jio, aajɛ maŋ kroko nɔ aakwɛ esaji anɔ jio, enako heyeli jio, aloo ehɔ nɔyeli ko shishi fã kɛ fã.</para>
   </article>
   <article number="3">
      <title>Gbɛjianɔtoo 3</title>
      <para>Mɔ fɛɛ mɔ yɛ hegbɛ akɛ ehiɔ wala nɛɛ mli, akɛ ena heyeli, koni akwɛ ni efee shweshweeshwe hu.</para>
   </article>
   <article number="4">
      <title>Gbɛjianɔtoo 4</title>
      <para>Esaaa akɛ ayeɔ mɔ ko nyɔŋ, aloo ahaa esɔ̃mɔɔ mɔ ko bɔ ni ejaaa gbɛ; aahi nyɔŋyeli kɛ gbɔmɔhɔɔmɔ gbɛjianɔtoi srɔtoi fɛɛ.</para>
   </article>
   <article number="5">
      <title>Gbɛjianɔtoo 5</title>
      <para>Esaaa akɛ akɛ yiwalɛ nyɔtɔ̃ɔ mɔ ko, aloo akɛ ehiɛ tsumɔɔ shikpɔŋ, aloo afeɔ lɛ anisenii kɛgbalaa etoi.</para>
   </article>
   <article number="6">
      <title>Gbɛjianɔtoo 6</title>
      <para>Mlanaa lɛ mɔ fɛɛ mɔ yɛ hegbɛ akɛ akɛ woo haa lɛ akɛ gbɔmɔ adesa.</para>
   </article>
   <article number="7">
      <title>Gbɛjianɔtoo 7</title>
      <para>Mlanaa lɛ mɛi fɛɛ yeɔ egbɔ, ni esa akɛ akwɛ koni mɔ fɛɛ mɔ afee shweshweeshwe bɔ ni hiɛiaŋkwɛmɔ ko kwraa bɛ mli. Esaaa akɛ akwɛɔ hiɛiaŋ yɛ mɔ ko mɔ ko gbɛfaŋ kɛji aye lɛ sane ko ni kɛ kpaŋmɔ nɛɛ kpãaa, aloo awo yiŋ koni afee nɔ ko ni kpaŋmɔ nɛɛ eŋmɛɛɛ he gnɛ.</para>
   </article>
   <article number="8">
      <title>Gbɛjianɔtoo 8</title>
      <para>Mɔ fɛɛ mɔ yɛ hegbɛ akɛ ebiɔ koni kojomɔhe ko aye esane eha lɛ bɔ ni hiɛiaŋkwɛmɔ bɛ mli, kɛji aye lɛ toikɔdɔmɔ sane ni teɔ shi eshiɔ kpaŋmɔ nɛɛ, aloo Maŋ Mlatso lɛ, aloo hegbɛ ni eyɔɔ yɛ mlanaa lɛ.</para>
   </article>
   <article number="9">
      <title>Gbɛjianɔtoo 9</title>
      <para>Esaaa akɛ amɔɔ mɔ ko, aloo atsiɔ enaa, aloo atswaa enaneshi tu kɛji aboteko sane ko ni akɛshi lɛ mli jogbaŋŋ.</para>
   </article>
   <article number="10">
      <title>Gbɛjianɔtoo 10</title>
      <para>Mɔ fɛɛ mɔ yɛ hegbɛ akɛ kɛji ena sane ko lɛ, ajinafoi ni ahe bɛ sane lɛ mli akojo lɛ bɔ ni hiɛiaŋkwɛmɔ bɛ mli, ni asaŋ amɛbo egbee toi kɛmɔ shi.</para>
   </article>
   <article number="11">
      <title>Gbɛjianɔtoo 11</title>
      <orderedlist>
         <listitem>
            <para>Kɛji mɔ ko na sane ni sa toigbalamɔ lɛ esaaa akɛ abuɔ lɛ fɔ yɛ najiaŋ, bɛja akojo lɛ yɛ maŋ hiɛ, bɛiaŋ ni aha lɛ hegbɛ fɛɛ ni sa akɛ ena kɛfã ehe jogbaŋŋ hu.</para>
         </listitem>
         <listitem>
            <para>Esaaa akɛ abuɔ mɔ ko fɔ ni sa toigbalamɔ kɛji efeee aloo efee nɔ ko yɛ maŋ mlanaa aloo jeŋmaji ateŋ mlanaa, kɛji beiaŋ ni afo sane lɛ afɔ enɔ lɛ awoko nakai mla lɛ. Ni esaaa hu akɛ toigbalamɔ lɛ naa waa fe bɔ ni mla lɛtsɔɔ nakai beiaŋ lɛ.</para>
         </listitem>
      </orderedlist>
   </article>
   <article number="12">
      <title>Gbɛjianɔtoo 12</title>
      <para>Esaaa akɛ akɛ he woɔ mɔ ko teemɔŋ sane, eweku, eshia, aloo ekɛ mɛi ateŋ shãramɔ saji amli, ni esaaa akɛ agbeɔ mɔ ko he guɔ hu. Mɔ fɛɛ mɔ yɛ hegbɛ akɛ mla fãa ehe yɛ enɛmɛi agbɛfaŋ.</para>
   </article>
   <article number="13">
      <title>Gbɛjianɔtoo 13</title>
      <orderedlist>
         <listitem>
            <para>Mɔ fɛɛ mɔ yɛ hegbɛ akɛ eyaa he fɛɛ he ni esumɔɔ, asaŋ ni ehiɔ maŋ fɛɛ maŋ ni esumɔɔ mli hu.</para>
         </listitem>
         <listitem>
            <para>Mɔ fɛɛ mɔ yɛ hegbɛ akɛ eshiɔ maŋ ko nɔ, kɛ lɛ diɛŋtsɛ emaŋ tete, ni eyɛ hegbɛ hu akɛ ekuɔ esɛɛ kɛyaa emaŋ ekoŋŋ.</para>
         </listitem>
      </orderedlist>
   </article>
   <article number="14">
      <title>Gbɛjianɔtoo 14</title>
      <orderedlist>
         <listitem>
            <para>Mɔ fɛɛ mɔ yɛ hegbɛ akɛ eyabaa abo yɛ maŋ kroko nɔ kɛjo yiwalɛ naa foi.</para>
         </listitem>
         <listitem>
            <para>Akɛ hegbɛ nɛɛ tsuuu nii kɛji yiwalɛ nɛɛ ejɛɛɛ efɔŋfeemɔ ni kɔɔ maŋsaneyeli he, aloo ejɛ nifeemɔ ko ni kɛ Jeŋmaji Ekomefeemɔ Ku lɛ yiŋtoi kɛ gbɛjianɔtoi lɛ kpãaa.</para>
         </listitem>
      </orderedlist>
   </article>
   <article number="15">
      <title>Gbɛjianɔtoo 15</title>
      <orderedlist>
         <listitem>
            <para>Mɔ fɛɛ mɔ yɛ hegbɛ akɛ ana lɛ akɛ maŋ ko nɔ nyo.</para>
         </listitem>
         <listitem>
            <para>Esaaa akɛ ahaa mɔ ko ŋmɛɔ maŋnyo hegbɛ ni eyɔɔ bɔ ni mla eŋmɛɛɛ gbɛ, aloo aaatsi enaa koni ekanyɛ etsake ejiakumaŋ.</para>
         </listitem>
      </orderedlist>
   </article>
   <article number="16">
      <title>Gbɛjianɔtoo 16</title>
      <orderedlist>
         <listitem>
            <para>Esaaa akɛ hewolo su, loo maŋ nɔ ni ajɛ, loo jamɔ mli ni ayɔɔ tsiɔ hii kɛ yei ni eshɛ gbãla gbɛ akɛ amɛkabote gbãlashihilɛ mli kɛwo shwiei. Amɛboteko gbãlashihilɛ mli jio, amɛbote gbãlashihilɛ mli jio, amɛfo gbãlashihilɛ mli jio, esa akɛ ana amɛ akɛ amɛyeɔ egbɔ.</para>
         </listitem>
         <listitem>
            <para>Ja mɛi enyɔ nɛɛ ekpɛlɛ nɔ dani amɛbaanyɛ amɛbote gbãlashihilɛ mli.</para>
         </listitem>
         <listitem>
            <para>Weku ji maŋ shikwɛ̃e, ni ehiaa akɛ abaa yi.</para>
         </listitem>
      </orderedlist>
   </article>
   <article number="17">
      <title>Gbɛjianɔtoo 17</title>
      <orderedlist>
         <listitem>
            <para>Mɔ fɛɛ mɔ yɛ hegbɛ akɛ enaa lɛ diɛŋtsɛ enii, aloo ekɛ mɔ kroko feɔ ekome kɛnaa nii.</para>
         </listitem>
         <listitem>
            <para>Esaaa akɛ ashɔ̃ɔ mɔ diɛŋtsɛ nii ni eyɔɔ yɛ edɛŋ bɔ ni mla eŋmɛɛɛ gbɛ.</para>
         </listitem>
      </orderedlist>
   </article>
   <article number="18">
      <title>Gbɛjianɔtoo 18</title>
      <para>Mɔ fɛɛ mɔ yɛ hegbɛ akɛ ekɔɔ lɛ diɛŋtsɛ eyiŋ yɛ susumɔ ko he, ni ekɛ ehe woɔ jamɔ fɛɛ jamɔ ni esumɔɔ mli. Hegbɛ nɛɛ ŋmɛɔ lɛ gbɛ hu koni etsake ejamɔ loo ehemɔkɛyeli, kɛ hegbɛ akɛ lɛ ekome too, aloo ekɛ mɛi krokomɛi afee ekome kɛha mɛi anu ejamɔ lɛ he yɛ nitsumɔ, nifeemɔ kɛ kusumfeemɔ mli yɛ maŋjaanɔ loo teemɔŋ.</para>
   </article>
   <article number="19">
      <title>Gbɛjianɔtoo 19</title>
      <para>Mɔ fɛɛ mɔ yɛ hegbɛ akɛ esusuɔ nɔ ko he bɔ ni esumɔɔ, ni ehaa aleɔ hu. Hegbɛ nɛɛ ŋmɛɔ lɛ gbɛ hu koni ekaŋmɛ mɔ kroko gbɛ ni eetsake ejwɛŋmɔ; ni ebaanyɛ etsɔ gbɛ fɛɛ gbɛ nɔ etao, aloo enine ashɛ, aloo eha ale sane ko loo susumɔ ko kɛjɛ maŋ fɛɛ maŋ nɔ, bɔ ni akɛ husu tsuuu nii.</para>
   </article>
   <article number="20">
      <title>Gbɛjianɔtoo 20</title>
      <orderedlist>
         <listitem>
            <para>Mɔ fɛɛ mɔ yɛ hegbɛ akɛ ekɛ ehe bɔɔ ku aloo henaabuamɔ ko ni atsɛ koni afee nɔ ko yɛ toiŋjɔlɛ mli.</para>
         </listitem>
         <listitem>
            <para>Esaaa akɛ anyɛɔ mɔ ko nɔ koni ekɛ ehe abɔ ku ko.</para>
         </listitem>
      </orderedlist>
   </article>
   <article number="21">
      <title>Gbɛjianɔtoo 21</title>
      <orderedlist>
         <listitem>
            <para>Mɔ fɛɛ mɔ yɛ hegbɛ akɛ lɛ diɛŋtsɛ efataa mɛi krokomɛi ahe kɛkuraa emaŋ, aloo etsɔɔ oshikifɔɔ nɔ ekɔɔ mɔ kroko koni edamɔ enaa.</para>
         </listitem>
         <listitem>
            <para>Mɔ fɛɛ mɔ yɛ hegbɛ akɛ eyeɔ nibii ni maŋ kɛyeɔ ebuaa maŋbii lɛ mli ŋɔɔmɔ lɛ eko.</para>
         </listitem>
         <listitem>
            <para>Maŋbii asuɔmɔnaa nii nɔ abaadamɔ akura maŋ lɛ, ni abaatsɔ oshiki krɔŋŋ ni ato be ni akɛfɔɔ, ni asaŋ mɛi fɛɛ fɔɔ yɛ teemɔŋ, aloo gbɛ kroko ni shishiumɔ bɛ mli nɔ ale amɛsuɔmɔnaa nii nɛɛ.</para>
         </listitem>
      </orderedlist>
   </article>
   <article number="22">
      <title>Gbɛjianɔtoo 22</title>
      <para>Maŋnyo fɛɛ maŋnyo yɛ hegbɛ akɛ maŋ akwɛ koni efee shweshweeshwe, ni esa akɛ ena hegbɛ koni ana lɛ hu egbojee kɛwula shi. Enɛ feemɔ bbajɛ maŋ lɛ mɔdɛŋbɔɔ kɛ maji ateŋ ekomefeemɔ mli, kɛ bɔ ni maŋ fɛɛ maŋ gbɛjianɔtoo kɛ ejwetri shidaamɔ yɔɔ ha; ni nakai nɔŋŋ hu shika heŋaatsɔɔ, shãramɔ kɛ kusum hegbɛi ni maŋnyo aaama lɛ baaye ebua koni akɛ woo aha mɔ fɛɛ mɔ.</para>
   </article>
   <article number="23">
      <title>Gbɛjianɔtoo 23</title>
      <orderedlist>
         <listitem>
            <para>Mɔ fɛɛ mɔ yɛ hegbɛ akɛ etsuɔ nii, akɛ etsuɔ nɔ ni lɛ diɛŋtsɛ esumɔɔ, ni akɛ lɛ aye jalɛgbɛ yɛ nitsumɔ lɛ mli, ni akwɛ koni enitsumɔ akaje edɛŋ hu.</para>
         </listitem>
         <listitem>
            <para>Esa akɛ mɛi ni tsuɔ nitsumɔ kome ana nyɔmɔwoo kome bɔ ni hiɛiaŋkwɛmɔ bɛ mli.</para>
         </listitem>
         <listitem>
            <para>Esa akɛ awoɔ nitsulɔ fɛɛ nitsulɔ nyɔmɔ ni sa enitsumɔ lɛ, koni ekɛ eŋa kɛ ebii aye nii bɔ ni baashɛ amɛnaa; ni kɛji eeehia lɛ, atsɔ yelikɛbuamɔ gbɛ ko nɔ afee he eko aha amɛ.</para>
         </listitem>
         <listitem>
            <para>Mɔ fɛɛ mɔ yɛ hegbɛ akɛ etseɔ, aloo ekɛ ehe dɔmɔɔ nitsulɔi aku ko koni ekɛtao esaji anaa.</para>
         </listitem>
      </orderedlist>
   </article>
   <article number="24">
      <title>Gbɛjianɔtoo 24</title>
      <para>Mɔ fɛɛ mɔ yɛ hegbɛ akɛ ejɔɔ ehe, ni ejieɔ ehiɛtserɛ hu; ni nakai nɔŋŋ hu esa akɛ atɔɔ ŋmɛlɛtswai abɔ ni esa akɛ akɛtsu nii, koni awo lɛ nyɔmɔ hu beiaŋ ni eejɔɔ ehe.</para>
   </article>
   <article number="25">
      <title>Gbɛjianɔtoo 25</title>
      <orderedlist>
         <listitem>
            <para>Mɔ fɛɛ mɔ yɛ hegbɛ akɛ ehiɔ shi jogbaŋŋ bɔ ni eeena niyenii, hehaanɔ, wɔɔhe, tsamɔ, kɛ shihilɛŋ nibii ni ahe hiaa, koni lɛ kɛ ebii fɛɛ ana gbɔmɔtsɔŋ hewalɛ, ni agbɛnɛ hu aye abua lɛ kɛji enitsumɔ ŋmɛɛ lɛ, aloo enaaa hetselɛ, aloo eje kpa, aloo etsɔ okulafo, aloo egbɔ, aloo gbɛ ko nɔ lɛ eleee bɔ ni eeefee ena edaaŋ ŋmaa.</para>
         </listitem>
         <listitem>
            <para>Awomɛi kɛ gbekɛbii ehia kwɛmɔ kɛ yelikɛbuamɔ krɛdɛɛ ko. Esa akɛ ana bi fɛɛ bi yɛ ŋɛlɛ kome nɔ, bɔ ni akwɛɛɛ kɛji kpeemɔ yoo bi loo hemɔ bi ni.</para>
         </listitem>
      </orderedlist>
   </article>
   <article number="26">
      <title>Gbɛjianɔtoo 26</title>
      <orderedlist>
         <listitem>
            <para>Mɔ fɛɛ mɔ yɛ hegbɛ akɛ ena skul tsɔsemɔ. Esaaa akɛ awoɔ nyɔmɔ ko yɛ tsɔsemɔ nɛɛ he, titri lɛ shishijee nɔ lɛ. Esa akɛ anyɛ mɔ fɛɛ mɔ nɔ, ni kɛ hooo kwraa lɛ egbe shishijee skul naa. Agbele ŋaa kɛ ninenaa nikasemɔhei bɔ ni mɔ fɛɛ mɔ baana mli gbɛ, ni nakai nɔŋŋ hu mɛi fɛɛ baana nikasemɔhe wulu mli gbɛ, shi enɛ baadamɔ mɔdɛŋbɔɔ nɔ.</para>
         </listitem>
         <listitem>
            <para>Tsɔsemɔ mli lɛ esa akɛ akwɛ koni ayɔse nilee ni yɔɔ gbɔmɔ adesa mli kɛwula shi kɛjie agbojee ni yɔɔ emli lɛ kpo, bɔ ni baaha hiɛ asɔ gbɔmɔ kɛ eheyeli. Enɛ baaha niiashishinumɔ kɛ tsuishitoo kɛ naanyobɔɔ ahi maji ateŋ, nakai nɔŋŋ hu ji hewolo su kɛ jamɔ; ni ebaaye ebua Jeŋmaji Ekomefeemɔ Ku lɛ yɛ toiŋjolɛ gbɛfaŋ hu.</para>
         </listitem>
         <listitem>
            <para>Fɔlɔi yɛ gbɛnaa krɛdɛɛ ko akɛ amɛ diɛŋtsɛ amɛbaatsɔɔ tsɔsemɔ ni esa akɛ amɛbii ana yɛ skul.</para>
         </listitem>
      </orderedlist>
   </article>
   <article number="27">
      <title>Gbɛjianɔtoo 27</title>
      <orderedlist>
         <listitem>
            <para>Mɔ fɛɛ mɔ yɛ hegbɛ akɛ ekɛ ehe woɔ he ni eyɔɔ lɛ kusumfeemɔi kɛ ŋaa nifeemɔi amli, ni eyɛ gbɛfaŋ yɛ sɛɛnamɔ ni yɔɔ jeŋshikpamɔ nifeemɔi amli hu.</para>
         </listitem>
         <listitem>
            <para>Mɔ fɛɛ mɔ yɛ hegbɛ akɛ ekwɛ koni mɔ ko akaju shi eye niiashikpamɔ, niŋmaa, lalasɔ̃ɔ kɛ nitɛŋmɔ ko ni lɛ diɛŋtsɛ efee lɛ mli nii.</para>
         </listitem>
      </orderedlist>
   </article>
   <article number="28">
      <title>Gbɛjianɔtoo 28</title>
      <para>Mɔ fɛɛ mɔ yɛ hegbɛ akɛ ehiɔ shãramɔ kɛ maji ateŋ gbɛjianɔtoo ko mli: he ni akɛ hegbɛi ni yɔɔ kpaŋmɔ nɛɛ mli lɛ tsuɔ nii kɛwulaa shi yɛ.</para>
   </article>
   <article number="29">
      <title>Gbɛjianɔtoo 29</title>
      <orderedlist>
         <listitem>
            <para>Mɔ fɛɛ mɔ yɛ gbɛnaa nitsumɔ ko ha akutso mli ni eyɔɔ lɛ: he pɛ ni eeeye ehe, koni ena tsɔsemɔ ni yeɔ emuu kɛwulaa shi yɛ.</para>
         </listitem>
         <listitem>
            <para>Mɔ fɛɛ mɔ hegbɛ kɛ eheyeli asɛɛtiumɔ mli lɛ nɔ pɛ ni tsiɔ pɛ ni tsiɔ lɛ gbɛ ji mlai ni awo bɔ ni afee ni akɛ bulɛ ni sa aha mɔ kroko hegbɛi kɛ eheyeli, koni ahi shi yɛ hiɛsɔlɛ kɛ toiŋjɔlɛ mli.</para>
         </listitem>
         <listitem>
            <para>Gbɛ ko bɛ akɛ hegbɛ kɛ heyeli nɛɛ asɛɛtiumɔ mli lɛ ate shi ashi yiŋtoi kɛ otii ni jwere Jeŋmaji Ekomefeemɔ Ku lɛ hiɛ lɛ.</para>
         </listitem>
      </orderedlist>
   </article>
   <article number="30">
      <title>Gbɛjianɔtoo 30</title>
      <para>Esaaa akɛ atsɔɔ kpaŋmɔ nɛɛ shishi yɛ gbɛ ko nɔ akɛ maŋ ko, loo ku ko, loo mɔ ko yɛ hegbɛ ko akɛ efeɔ nɔ ko ni baanyɛ efite hewalɛ ni yɔɔ hegbɛi nɛɛ asɛɛ.</para>
   </article>
</udhr>