<?xml version="1.0" encoding="UTF-8"?>

<!--© The Office of the High Commisioner for Human Rights-->

<udhr iso639-3='umb' xml:lang='umb' key='umb' n='Umbundu' dir='ltr' iso15924='Latn' xmlns="http://www.unhchr.ch/udhr">
  <title>UNKANDA WOLWALI WOMOKO YOMUNU</title>
  <note>
    <para>Eteke cakala ekwi (10) ko sayi ya cemba kulima wohulukayi ovita eciya akwi akwala l’ecelala, Onjango yatatu yowingi wolofeka vyalikongela yasokiya, V’onjo yonguluvulu yo Chaillot ko Paris, ukanda wolwali womoko yomunu. Eteke lyakwamako lyekwi lamosi (11) osayi ya cemba yulima ohukayi ovita eciya akwi akwala l’ecelala, onjango yowingi yo UNESCO yatyamesa asulilo oku eyo akulihisa ekwatiso lyukanda wowingi wovopange osi esukiyo.</para>
  </note>
  <preamble>
    <title>ELOMBOLWILO</title>
    <para>Okukolela ukulihiso ekalo lityamela kovimata mata vyepata lyomanu kwenda omoko yasoka kwavosi. Kwenda yesunga yilinga ombembwa yimwe yapana yesunga kwenda yombembwa v’olwali.</para>
    <para>Okukolela eci kacakulihiwile kwenda esepwiso lyomoko yomunu, lyatwala kokuponda, okungwalisa olondunge vyowiñgi kwenda ekalu lyolwali lumwe muna vakwamwenyo vakaliyela okuvangula kwenda okulitava, vayovoka kusumba kwenda kusuka , yalombolwiwa ndeyi yavelapo hayo yalelapo vali keswimo liwa lyomunu.</para>
    <para>Okukolela okuti cavelapo okweca ulongo kokwamako okulyeca kukamba wolofeka.</para>
    <para>Olukolela okuti vukanda owiñgi wofokeka vyalikongela, wasapula onjanja yokaliye etavo lyawo komoko yavelapo yomunu, kekalo kwenda esilivilo lyomwenyo womunu, okulisoka komoko yalume kwenda yakayi kwenda yilombolola utoyi wokweca okwamako kwowingi kwenda okweca ekalo lyaposoka lyomwenyo v’eyovo limwe lyavelapo.</para>
    <para>Okukolela okuti olofeka vyalityamela vyatyamela okukwata, okulikwatisako l’elisokiyo lyolofeka vilikwete omunga, esumbilo lyolwali kwenda owingi womoko yulume kwenda ayovo avelapo.</para>
    <para>Okukolela okuti omunga yimwe yolomoko evi kwenda ayovo lyavelapo vali kesilivilo kokusumbila etyamêlo eli.</para>
    <para>Onjango yowiñgi yalombolola ukanda ovu wolwali womoko yomunu l’esokolwilo lyavosi okulipitilisa kawiñgi osi kwenda olofeka vyosi, oco okuti omanu vosi kwenda okuti avimatamata vyosi vyowiñgi, okukwata ukanda owu olonjanja vyosi vesokolwilo, vakwata ongusu yaco, okupisa kelilongiso kwenda kepindiso, lyokwamisako esumbilo lyolomoko evi kwenda ombembwa, kwenda okukwata okupisa kovikele vyamako vyeci citumila ofeka kwenda colwali, okukulihisa kwenda okucilinga volwali kwenda ava vaci kasi, ndañgo kowiñgi wolofeka vyatyamêlako ndeci kwevi vyolofeka vikasi kovaso yavyo :</para>
  </preamble>
  <article number="1">
    <title>OCIHASU CATETE</title>
    <para>Omanu vosi vacitiwa valipwa kwenda valisoka kovina vyosikwenda komoko. Ovo vakwete esunga kwenda, kwenda olondunge kwenje ovo vatêla okuliteywila kuvamwe kwenda vakwavo vesokolwilo lyocisola.</para>
  </article>
  <article number="2">
    <title>OCIHASU CAVALI</title>
    <para>Omunu eye omunu citava okukala lolomoko vyosi kwenda ayovo osi aciwa vukanda owu kawupiñganyiwa, ndeci citukwiwa kovivalo vyakova, kulume pamwe ukãyi, k’elimi, ketavo, kocisimilo culoñgo woku vyala ofeka ale esokolwilo lyosi likwavo lyefetikilo lyofeka ale lyowiñgi, lyukwasi, lyucitiwe wekalo limwe lyosi konepa yikwavo kakukala etepiso lalimwe lyupisiwa kesokiyo lyuloñgo wokuvyala ofeka, lyesunga ale lyolwali lyofeka a lyosi okuti omunu watunda, okuti ofeka eyi yiyovoke okuti yityamêla yikwavo ale yikala longave yimwe yokulitumila oyonwêle.</para>
    <para/>
  </article>
  <article number="3">
    <title>OCIHASU CATATU</title>
    <para>Lomwe okakala upika ndañgo oselevende; upika kwenda omwîlu yapika vyatatekiwa kolonjila vyayo vyosi.</para>
  </article>
  <article number="4">
    <title>OCIHASU CAKWÃLA</title>
    <para>Lomwe okapumiwa, ndañgo akangiso ohali yalwa, ungangala uvi.</para>
  </article>
  <article number="5">
    <title>OCIHASU CATÃLO</title>
    <para>Omunu eye omunu okwete omoko yokukuliha kolonepa vyosi vyofeka yahe yesunga.</para>
  </article>
  <article number="6">
    <title>OCIHASU CEPANDU</title>
    <para>Omanu vosi valisoka kocihandeleko. Kwenda vakwete omoko. Kayalitepele yalisoka kokutatiwa kwocihandeko.</para>
  </article>
  <article number="7">
    <title>Omanu vosi vakwete omoko yokutatiwas yasoka okupisa kokutepisa uvi wosi unyõla ukanda owu kwenda esanumulo lyosi kwenda etepiso.</title>
    <para>OCIHASU CEPANDU VALI</para>
  </article>
  <article number="8">
    <title>Omunu eye omunu okwete omoko yekwato liwa kesunga lyofeka, lyapama litetwiya ovilinga vivi omoko yavelapo eye yokulihiwila kelisokiyo ale kocihandeleko.</title>
    <para>OCIHASU CELELÃLA</para>
  </article>
  <article number="9">
    <title>Lomwe enda vokalyawoso, vokayike ale okutilila kosamwa yofeka.</title>
    <para>OCIHASU CECIYA</para>
  </article>
  <article number="10">
    <title>Omunu eye omunu okwete omoko, kokulisoka, okuti ekalo lyahe lilomboloka kwavosi kwenda kowiñgi, konjo yimwe yesombiso lilikasilili kwenda lyasoka likalombolola, ndañgo komoko yahe kwenda kasiliyo ahe, ndañgo kalundi ahe okosi kelinga lyepiso vosuñgamisa eye.</title>
    <para>OCIHASU CEKWE</para>
  </article>
  <article number="11">
    <title>1.Omunu walundiliwa elinga limwe lyumunu osokisiwa ndu hayeko toke eci elinga lyahe lilimbukiwa vokwenda kwolopapelo vyekandu, omu alitavo osi ayongwiwa, evindikiyo likasangiwa.</title>
    <orderedlist>
      <listitem>
	<para>Lomwe okayikiwa kovilinga ale ovovi vonjanja yaco eci akalingiwa, havakasi ndelinga limwe lyumunu okupisa komoko yofeka ale yolwali ndeci calisoka, hakukakala okayike lakamwe kakola aka kakapiwile vosimbu eyi ekandu lyumunu lyalingiwa.</para>
      </listitem>
      <listitem>
	<para>OCIHASU CEKWI LA MOSI</para>
      </listitem>
    </orderedlist>
  </article>
  <article number="12">
    <title>Lomwe okatala ohali yokusakalasiwa lavi komwenyo wahe komwenyo wahe wulika, epata lyahe, onjo yahe kwenda eli tavo lyahe lavakwavo ndeñgo okusetekiwa kekalo lyahe kwenda unu wahe.</title>
    <para>OCIHASU CEKWI LAVALI</para>
  </article>
  <article number="13">
    <title>Lomwe okatalisiwa vali ohali lalundi okufwangwiliwa komwenyo wahe ulikasilili kepata, konjo yahe ale katambululo ahe, ndañgo, ndañgo okunyola ekalo lyahe. Omunu eye omunu okwete omoko yokutatiwa kocihandeleko, okupisa kalundi aco, ale kasetekiwo.</title>
    <orderedlist>
      <listitem>
	<para>OCIHASU CEKWI LATATU</para>
      </listitem>
      <listitem>
	<para>Omumu eye omunu okwete omoko yokwenda ndeci apanga okunõla oku akala nda vokati ke kalo lyowiñgi.</para>
      </listitem>
    </orderedlist>
  </article>
  <article number="14">
    <title>2.Omunu eye omunu okwete omoko kokutunda v’ofeka yosi okutyamisako eyi ayongola, kwenda okuñgwâla ofeka yosi.</title>
    <orderedlist>
      <listitem>
	<para>OCIHASU CEKWI LAKWÃLA</para>
      </listitem>
      <listitem>
	<para>Kokukwamawa, omunu eye omunu okwete omoko yokuvanjiliya okutilila kofeka yikivavo kwenda okukwatisiwa ndukwafeka yiñgi volofeka vikwavo.</para>
      </listitem>
    </orderedlist>
  </article>
  <article number="15">
    <title>OCIHASU CEKWI LATÃLO</title>
    <orderedlist>
      <listitem>
	<para>Omunu eye omunu okwete omoko yunyitiwe umwe wofeka.</para>
      </listitem>
      <listitem>
	<para>Lomwe olikasilili olundiliwa unyitiwo wahe. Ndañgo omoko yokupongolola unyiliwe.</para>
      </listitem>
    </orderedlist>
  </article>
  <article number="16">
    <title>OCIHASU CEKWI LEPANDU</title>
    <orderedlist>
      <listitem>
	<para>Okupisa kutunga wokulinga uvala, ulume kwenda ukãyi ndengo ohele layimwe yekova, yukwafeka ale etavo, vakwete ocipango cokulikwêla kwenda okutunga epata.Ovovakwete omokoyimosi osimbu yuvala kwenda kokulitepa kwavo.</para>
      </listitem>
      <listitem>
	<para>Uvala citava okuti va umalusula locipapo kwenda esokolwilo lyasoka lyolokweli vyokovaso.</para>
      </listitem>
      <listitem>
	<para>Epata ocimatamata casoka kwenda cakola cowingi kwenda cikwete omoko yokutatiwa kwowiñgi kwenda kwolombyali.</para>
      </listitem>
    </orderedlist>
  </article>
  <article number="17">
    <title>OCIHASU CEKWI LEPANDU VALI</title>
    <orderedlist>
      <listitem>
	<para>Omunu eye omunu, ndañgo oco ale kowiñgi, okwete omoko yeci mwêle.</para>
      </listitem>
      <listitem>
	<para>Lomwe ofwangiliwa okuketikiwa kweci cahe.</para>
      </listitem>
    </orderedlist>
  </article>
  <article number="18">
    <title>OCIHASU CEKWI LECELÃLA</title>
    <para>Omunu eye omunu okwete omoko yeyovo lyokusokolola, olondunge kwenda etavo.</para>
  </article>
  <article number="19">
    <title>OCIHASU CEKWI L’ECIYA</title>
    <para>Omunu eye omunu okwete omoko yeyovo lyesokolwilo kwenda okuvangula.</para>
  </article>
  <article number="20">
    <title>OCIHASU CAKWI AVALI</title>
    <orderedlist>
      <listitem>
	<para>Omunu eye omunu okwete omoko yeyovo lyonjango kwenda omunga yunu.</para>
      </listitem>
      <listitem>
	<para>Lomwe osiliñginyiwa oku upa vomunga yimwe.</para>
      </listitem>
    </orderedlist>
  </article>
  <article number="21">
    <title>OCIHASU CAKWI AVALI LAMOSI</title>
    <orderedlist>
      <listitem>
	<para>Omunu eye omunu okwete omoko yokukwatisa esongolo lyolondaka vyowiñgi wovofeka yahe, ndokwiñgilamo l’utwe ale v’onêle ndovindekase vyanoliwa.</para>
      </listitem>
      <listitem>
	<para>Omunu eye omunu okwete omoko yokweca, vekalo lokulisoka kovopange owiñgi wovofeka yahe.</para>
      </listitem>
      <listitem>
	<para>Onjongole yawiñgi osi yovihandeleko vyomoko yowiñgi; onjongole eyi yavangwiwile kocela calomboloka cocili, cikwate onepa volotembo kukulisiso wavyosi wasoka, kwenda kocela covutima, ale vali elinga limwe lisungweko lyeciwa kombembwa yocela.</para>
      </listitem>
    </orderedlist>
  </article>
  <article number="22">
    <title>OCIHASU CAKWI AVALI LAVALI</title>
    <para>Omunu eye omunu, eci okuti ocimatamata cowingi, okwete omoko yokutatiwa kwowingi, oko kutundilila koku kwata esanju olomoko vyokwasi, vyowingi kwenda ovituwa viyongwiwa kunu wavyo kwenda okwamako kulikasilili kwenkalo lyomunu, ohenda yongusu yofeka kwenda ukamba lolofeka vyolwali, okukwata ocikele celisokiyo kwenda ovokwasi ofeka oyo ofeka.</para>
  </article>
  <article number="23">
    <title>OCIHASU CAKWI AVALI LATATU</title>
    <orderedlist>
      <listitem>
	<para>Omunu eye omunu, omoko.yupange, okunõla locipango cahe upange, ekalo lyaposoka kwenda lyesanju lyupange okutatiwa oco hakatundeko.</para>
      </listitem>
      <listitem>
	<para>Vosi vakwete omoko, halokutepisako, ofeto yimosi kupange walisoka.</para>
      </listitem>
      <listitem>
	<para>Wosi olinga upange okwete omoko yofeto yasoka kwenda yesanju, okukwata ndeci epata lyahe ekalo limwe lyunu womumu kwenda yamisako, ndaciyongola vali ovi kwata vyokutata owiñgi.</para>
      </listitem>
      <listitem>
	<para>Omunu eye omunu okwete omoko yokutekula, lavakwavo olosindikatu okutyamêla kolosindikatu vikwavo oco vatetwiye olonjongole vyaso.</para>
      </listitem>
    </orderedlist>
  </article>
  <article number="24">
    <title>OCIHASU CAKWI AVALI LAKWÃLA</title>
    <para>Omunu eye omunu okwete omoko yokupuyuka kwenda okupitisa otombo kwenda elyuviko lyasoka lyosimbu yupange kwenda epuyuko lyosimbu yifetiwa.</para>
  </article>
  <article number="25">
    <title>OCIHASU CAKWI AVALI LATÃLO</title>
    <orderedlist>
      <listitem>
	<para>Omunu eye omunu okwete omoko yutunga womwenyo umwe wasoka oco akwate uhayele wahe, ekalo lyahe liwa kwenda lyepata lyahe haco lyokulya, okuwala, onjo ovikele vyuhayele, ndeci vo haco kovipange owiñgi aposokela; eye okwete omo yokutatiwa konjila yokukala okuti kakwete upange, kokuvela, eci ekuti kasilivilavali, kumbumba kokukukatoke kolonjila vikwavo vyokumyelisa ovikwata vyahe vyosi vyekwatiso kokwamako lovitangi vyulika wonjongole yahe.</para>
      </listitem>
      <listitem>
	<para>Kokucitiwa kwenda kumõla okwete omoko yekwatiso limwe kwenda ekwatiso limwe lyavelapo. Omãla vosi vacitiwa kavivala ale kosamwa yavo, vakwata etetwiyo limosi lyowiñgi.</para>
      </listitem>
    </orderedlist>
  </article>
  <article number="26">
    <title>OCIHASU CAKWI AVALI L’EPANDU</title>
    <orderedlist>
      <listitem>
	<para>Omunu eye omunu okwete omoko yelilongiso. Elilongiso likale lyocali, ndeci cikala elilongiso lyokuyukiyako kwenda lyongusu. Elilongiso lyokuyukiyako te okulisiliñginya. Elilongiso lyuloñgo kwenda lyepindiso te lisandwiwa; okweca onjongole yelilongiso lyavelapo liyulwiwe kokulisoka kwavosi kupange wekolelo lyawo.</para>
      </listitem>
      <listitem>
	<para>Elilongiso litave okuyuluka kukulihiso wosi womwenyo kwenda kongusu yocisumbilo komoko yomanu kwenda keyovo lyasoka. Oyo yece elomboloko, ongecelo kwenda ukamba p’okati kolofeka vyosi kwenda awiñgi osi olomepele vyakova ale vakwetavo, eci ndeci okwamako kwovopange olofeka vyalikongela kokukwatisa ombembwa.</para>
      </listitem>
      <listitem>
	<para>Olofeka, kocipango, omoko yokunõla elilongiso lyosi vaca k’omãla vavo.</para>
      </listitem>
    </orderedlist>
  </article>
  <article number="27">
    <title>OCIHASU CAKWI AVALI LEPANDU VALI</title>
    <orderedlist>
      <listitem>
	<para>Omunu eye omunu okwete omoko yokukwatisa ndeci ayongola komwenyo wovituwa vyowiñgi : okukwata kovoloñgo kwenda okukwatisa kokwamako kuloñgo kwenda ovowa aca.</para>
      </listitem>
      <listitem>
	<para>Omunu eye omunu okwete omoko yokutatiwa kolonfongole vyolondunge kwenda ovikwata vyalingiwa vyupange uloñgo walivulu ale ovipapo ale olomapalo evi okuti ovyo efetikilo.</para>
      </listitem>
    </orderedlist>
  </article>
  <article number="28">
    <title>OCIHASU CAKWI AVALI LECELÃLA</title>
    <para>Omunu eye omunu okwete omoko yeci avyala, kesokiyo lyowiñgi kwenda kesokiyo lyolwali, ocihandeleko cimwe ndeci omoko kwenda ombembwa yipopiwa vukanda owu mupita eci calingiwa.</para>
  </article>
  <article number="29">
    <title>OCIHASU CAKWI AVALI LECIYA</title>
    <orderedlist>
      <listitem>
	<para>Omunu okwete ovikele kowiñgi esi okuti olikasilili kesokiyo lyokwamako kunu wahe kwenda eci citava.</para>
      </listitem>
      <listitem>
	<para>Vupange womoko yahe kwenda kekalo liwa lyombemwa yahe, omunu eye omunu eye umwe okapiwa kongave eyi alinga kocihandeleko culika oco akwate ukulihiso kwenda ocisumbilo colomoko kwenda eyovo lyovina vikwavo yokusanjwisa alinga awa okuvangula, ucihandeleko cowiñgi kwenda ekalo liwa lyacosi cuvyali wowiñgi.</para>
      </listitem>
      <listitem>
	<para>Olomoko evi kwenda eyovo havikatava, vonjila layimwe, okulinga eci hacoko kasañgamêlo kwenda kafetikilo olofeka vyalitokeka.</para>
      </listitem>
    </orderedlist>
  </article>
  <article number="30">
    <title>OCIHASU CAKWI ATATU</title>
    <para>Lalimwe ekalo lyukande owu litava okuti lilombolwiwa, okuti likatangisa uvyali, elyongolwilo limwe ale omunu umwe, omoko yimwe yañgo yokutyamêla kupange umwe ale okutelisa elinga limwe lyokunyõla olomoko kwenda eyovo, vyatumiwa ndeti mulo.</para>
  </article>
</udhr>
