<?xml version="1.0" encoding="UTF-8"?>

<!--© The Office of the High Commisioner for Human Rights-->

<udhr iso639-3='amh' xml:lang='am' key='amh' n='Amharic' dir='ltr' iso15924='Ethi' xmlns="http://www.unhchr.ch/udhr">
  <title>ስለሰብአዊ፡መብቶች፡ለማስተማር፡ የሚረዱ፡አንዳንድ፡ዘዴዎች።</title>

  <note>
	<para>በዩኔስኮ፡ተዘጋጅቶ፡በኢትዮጵያ፡ብሄራዊ፡ኮሚሽን፡ተተረጎመ</para>
  </note>

  <article number="1">
    <title>አንቀጽ፡፩፤</title>
    <para>የሰው፡ልጅ፡ሁሉ፡ሲወለድ፡ነጻና፡በክብርና፡በመብትም፡እኩልነት፡ያለው፡ነው።፡የተፈጥሮ፡ማስተዋልና፡ሕሊና፡ስላለው፡አንዱ፡ሌላውን፡በወንድማማችነት፡መንፈስ፡መመልከት፡ይገባዋል።</para>
  </article>

  <article number="2">
    <title>አንቀጽ፡፪፤</title>
    <para>እያንዳንዱ፡ሰው፡የዘር፡የቀለም፡የጾታ፡የቋንቋ፡የሃይማኖት፡የፖለቲካ፡ወይም፡የሌላ፡ዓይነት፡አስተሳሰብ፡የብሔራዊ፡ወይም፡የኀብረተሰብ፡ታሪክ፡የሀብት፡የትውልድ፡ወይም፡የሌላ፡ደረጃ፡ልዩነት፡ሳይኖሩ፡በዚሁ፡ውሳኔ፡የተዘረዘሩት፡መብቶችንና፡ነጻነቶች፡ሁሉ፡እንዲከበሩለት፡ይገባል።</para>
    <para>ከዚህም፡በተቀረ፡አንድ፡ሰው፡ከሚኖርበት፡አገር፡ወይም፡ግዛት፡የፖለቲካ፡የአገዛዝ፡ወይም፡የኢንተርናሽናል፡አቋም፡የተነሳ፡አገሩ፡ነጻም፡ሆነ፡በሞግዚትነት፡አስተዳደር፡ወይም፡እራሱን፡ችሎ፡የማይተዳደር፡አገር፡ተወላጅ፡ቢሆንም፡በማንኛውም፡ዓይነት፡ገደብ፡ያለው፡አገዛዝ፡ሥር፡ቢሆንም፡ልዩነት፡አይፈጸምበትም።</para>
  </article>

  <article number="3">
    <title>አንቀጽ፡፫፤</title>
    <para>እያንዳንዱ፡ሰው፡የመኖር፣፡በነጻነትና፡በሰላም፡የመኖሩ፡መጠበቅ፡መብት፡አለው።</para>
  </article>

  <article number="4">
    <title>አንቀጽ፡፬፤</title>
    <para>ማንም፡ሰው፡ቢሆን፡በባርነት፡አይገዛም።፡ባርነትና፡የባሪያ፡ንግድም፡በማንኛውም፡ዓይነት፡ክልክል፡ነው።</para>
  </article>

  <article number="5">
    <title>አንቀጽ፡፭፤</title>
    <para>ማንም፡ሰው፡ቢሆን፡የጭካኔ፡ስቃይ፡እንዳይደርስበት፡ወይም፡ከሰብዓዊ፡አፈጻጸም፡ውጭ፡የሆነ፡የተዋረድ፡ተግባር፡ወይም፡ቅጣት፡አይፈጸምበትም።</para>
  </article>

  <article number="6">
    <title>አንቀጽ፡፮፤</title>
    <para>እያንዳንዱ፡ሰው፡በሕግ፡ፊት፡በሰው፡ዘርነቱ፡የመታወቅ፡መብት፡አለው።</para>
  </article>

  <article number="7">
    <title>አንቀጽ፡፯፤</title>
    <para>ሰው፡ሁሉ፡በሕግ፡ፊት፡እኩል፡ነው።፡ያለአንዳች፡ልዩነትም፡ሕጉ፡ደህንነቱን፡እንዲጠበቅለት፡እኩል፡የሆነ፡መብት፡አለው።፡ይህንን፡ውሳኔ፡በመጣስ፡ከሚደረግ፡ልዩነት፡ለማድረግ፡ከሚነሳሳ፡እንዲጠበቅ፡ሁሉም፡የእኩል፡መብት፡አለው።፡</para>
  </article>

  <article number="8">
    <title>አንቀጽ፡፰፤</title>
    <para>እያንዳንዱ፡ሰው፡በሕገ፡መንግስቱ፡ወይም፡በሕግ፡የተሰጡትን፡መሠረታዊ፡መብቶች፡ከሚጥሱ፡ድርጊቶች፡ከፍተኛ፡በሆኑ፡ብሔራዊ፡የፍርድ፡ባለስልጣኖች፡ፍጹም፡በሆነ፡መንገድ፡እንዲወገድለት፡መብት፡አለው።</para>
  </article>

  <article number="9">
    <title>አንቀጽ፡፱፤</title>
    <para>ማንም፡ሰው፡ያለፍርድ፡ተይዞ፡እንዲታሰር፡ወይም፡በግዛት፡እንዲኖር፡አይደረግም።</para>
  </article>

  <article number="10">
    <title>አንቀጽ፡፲፤</title>
    <para>እያንዳንዱ፡ሰው፡በመብቶቹና፡በግዴታዎቹ፡አፈጻጸም፡እንዲሁም፡በሚከሰስበት፡ማንኛውም፡ዓይነት፡የወንጀል፡ክስ፡ነጻ፡በሆነና፡በማያዳላ፡የፍርድ፡ሸንጎ፡በትክክለኛና፡በይፋ፡ጉዳዩ፡እንዲሰማለት፡የሙሉ፡እኩልነት፡መብት፡አለው።</para>
  </article>

  <article number="11">
    <title>አንቀጽ፡፲፩፤</title>
    <orderedlist>
      <listitem tag="፩/፡">
	<para>በወንጀል፡ክስ፡የተከሰሰ፡ማንኛውም፡ሰው፡ለመከላከያው፡አስፈላጊዎች፡የሆኑትን፡ሁሉ፡አቅርቦ፡በሚከራከርበት፡የይፋ፡ፍርድ፡ቤት፡በሕግ፡መሠረት፡ወንጀለኛ፡መሆኑ፡እስቲረጋገጥበት፡ድረስ፡ከወንጀል፡ነጻ፡እንደሆነ፡የመቆጠር፡መብት፡አለው።</para>
      </listitem>
      <listitem tag="፪/፡">
	<para>ማንም፡ሰው፡በብሔራዊ፡ወይም፡በኢንተርናሽናል፡ሕግ፡አንድ፡ነገር፡ወንጀል፡ሆኖ፡ባልተደነገገበት፡ጊዜ፡በፈጸመው፡ወይም፡ባልፈጸመው፡ማንኛውም፡ሥራ፡ወንጀለኛ፡ሆኖ፡አይከሰስም።፡ወይም፡ወንጀሉ፡በተፈጸመበት፡ጊዜ፡ከተደነገገው፡ቅጣት፡ይበልጥ፡አይፈረድበትም።</para>
      </listitem>
    </orderedlist>
  </article>

  <article number="12">
    <title>አንቀጽ፡፲፪፤</title>
    <para>ማንም፡ሰው፡በግል፡ኑሮው፡በቤተሰቡ፡ውስጥ፡በቤቱ፡ወይም፡በሚጻጻፈው፡ደብዳቤ፡በፍርድ፡ያልተለየ፡ጣልቃ፡ገብነት፡ወይም፡ክብሩን፡የሚነካና፡ስሙን፡የሚያጎድፍ፡ተቃውሞ፡አይፈጸምበትም።፡እያንዳንዱ፡ሰው፡ከእንደዚህ፡ያለ፡ጣልቃ፡ገብነት፡ወይም፡የሚጎዳ፡ተግባር፡ሕግ፡እንዲከላከልለት፡መብት፡አለው።፡</para>
  </article>

  <article number="13">
    <title>አንቀጽ፡፲፫፤</title>
    <orderedlist>
      <listitem tag="፩/፡">
	<para>እያንዳንዱ፡ሰው፡በየብሔራዊ፡ወሰን፡ክልሉ፡የመዘዋወርና፡የመኖር፡ነጻነት፡መብት፡አለው።</para>
      </listitem>
      <listitem tag="፪/፡">
	<para>እያንዳንዱ፡ሰው፡ከማንኛውም፡አገር፡ሆነ፡ከራሱ፡አገር፡ወጥቶ፡እንደገና፡ወደ፡አገሩ፡የመመለስ፡መብት፡አለው።</para>
      </listitem>
    </orderedlist>
  </article>

  <article number="14">
    <title>አንቀጽ፡፲፬፤</title>
    <orderedlist>
      <listitem tag="፩/፡">
	<para>እያንዳንዱ፡ሰው፡ከጭቆና፡ሸሽቶ፡በሌሎች፡አገሮች፡ጥገኝነትን፡የመጠየቅና፡በደህና፡የመኖር፡መብት፡አለው።</para>
      </listitem>
      <listitem tag="፪/፡">
	<para>ፖለቲካዊ፡ካልሆኑ፡ወንጀሎች፡ወይም፡የተባበሩት፡መንግሥታት፡ድርጅት፡ዋና፡ዓላማዎችን፡ከሚቃረኑ፡ሥራዎች፡የተነሳ፡በሚደርሱ፡ክሶች፡ምክንያት፡ከሆነ፡ይህ፡መብት፡ሊያገለግል፡አይችልም።</para>
      </listitem>
    </orderedlist>
  </article>

  <article number="15">
    <title>አንቀጽ፡፲፭፤</title>
    <orderedlist>
      <listitem tag="፩/፡">
	<para>እያንዳንዱ፡ሰው፡የዜግነት፡መብት፡አለው።</para>
      </listitem>
      <listitem tag="፪/፡">
	<para>ማንም፡ሰው፡ያለፍርድ፡ዜግነቱ፡አይወሰድበትም፡ወይም፡ዜግነቱን፡የመለወጥ፡መብት፡አይነፈገውም።</para>
      </listitem>
    </orderedlist>
  </article>

  <article number="16">
    <title>አንቀጽ፡፲፮፤</title>
    <orderedlist>
      <listitem tag="፩/፡">
	<para>አካለ፡መጠን፡የደረሱ፡ወንዶችና፡ሴቶች፡በዘር፡በዜግነት፡ወይም፡በሃይማኖት፡ልዩነት፡ሳይወሰኑ፡ጋብቻን፡የመፈጸምና፡ቤተሰብን፡የመመሥረት፡መብት፡አላቸው፤፡ጋብቻ፡በመፈጸም፡በጋብቻ፡ጊዜና፡ጋብቻ፡በሚፈርስበትም፡ጊዜ፡እኩል፡መብት፡አላቸው።</para>
      </listitem>
      <listitem tag="፪/፡">
	<para>ጋብቻ፡የሚፈጸመው፡ጋብቻ፡ለመፈጸም፡በሚፈልጉ፡ሁለቱም፡ወገኖች፡በሚያደርጉት፡ነጻና፡ሙሉ፡ስምምነት፡መሠረት፡ብቻ፡ነው።</para>
      </listitem>
      <listitem tag="፫/፡">
	<para>ቤተሰብ፡በኀብረ፡ሰብ፡የተፈጥሮና፡መሰረታዊ፡ክፍል፡ስለሆነ፡በኀብረሰቡና፡በመንግሥቱም፡ደህንነቱ፡እንዲጠበቅለት፡ይገባል።</para>
      </listitem>
    </orderedlist>
  </article>

  <article number="17">
    <title>አንቀጽ፡፲፯፤</title>
    <orderedlist>
      <listitem tag="፩/፡">
	<para>እያንዳንዱ፡ሰው፡ብቻውን፡ወይም፡ከሌሎች፡ጋር፡በኀብረት፡ሆኖ፡የኀብረት፡ባለቤትነት፡መብት፡አለው።</para>
      </listitem>
      <listitem tag="፪/፡">
	<para>ማንም፡ሰው፡ያለፍርድ፡ንብረቱ፡አይወሰድበትም።</para>
      </listitem>
    </orderedlist>
  </article>

  <article number="18">
    <title>አንቀጽ፡፲፰፤</title>
    <para>እያንዳንዱ፡ሰው፡የሃሳብ፡የሕሊናና፡የሃይማኖት፡ነጻነት፡መብት፡አለው።፡ይህም፡መብት፡ሃይማኖቱን፡ወይም፡እምነቱን፡የመለወጥ፡ነጻነትንና፡ብቻውን፡ወይም፡ከሌሎች፡ጋር፡በኀብረት፡በይፋ፡ወይም፡በግል፡ሆኖ፡ሃይማኖቱን፡ወይም፡እምነቱን፡የማስተማር፣፡በተግባር፡የመግለጽ፡የማምለክና፡የማክበር፡ነጻነትን፡ይጨምራል።</para>
  </article>

  <article number="19">
    <title>አንቀጽ፡፲፱፤</title>
    <para>እያንዳንዱ፡ሰው፡የሐሳብና፡ሐሳቡን፡የመግለጽ፡መብት፡አለው።፡ይህም፡መብት፡ያለጣልቃ፡ገብነት፡በሐሳብ፡የመጽናትንና፡ዜናን፡ወይም፡ሐሳቦችን፡ያላንዳች፡የድንበር፡ገደብ፡የማግኘትን፡የመቀበልንና፡ወይም፡የማካፈልን፡ነጻነትም፡ይጨምራል።</para>
  </article>

  <article number="20">
    <title>አንቀጽ፡፳፤</title>
    <orderedlist>
      <listitem tag="፩/፡">
	<para>እያንዳንዱ፡ሰው፡በሰላም፡የመሰብሰብና፡ግንኙነት፡የማድረግ፡ነጻነት፡መብት፡አለው።</para>
      </listitem>
      <listitem tag="፪/፡">
	<para>ማንም፡ሰው፡የአንድ፡ማኀበር፡አባል፡እንዲሆን፡አይገደድም።</para>
      </listitem>
    </orderedlist>
  </article>

  <article number="21">
    <title>አንቀጽ፡፳፩፤</title>
    <orderedlist>
      <listitem tag="፩/፡">
	<para>እያንዳንዱ፡ሰው፡በቀጥታ፡ወይም፡ነጻ፡በሆነ፡መንገድ፡በተመረጡ፡እንደራሴዎች፡አማካኝነት፡በአገሩ፡መንግስት፡የመካፈል፡መብት፡አለው።</para>
      </listitem>
      <listitem tag="፪/፡">
	<para>እያንዳንዱ፡ሰው፡በአገሩ፡የህዝብ፡አገልግሎት፡እኩል፡የማግኘት፡መብት፡አለው።</para>
      </listitem>
      <listitem tag="፫/፡">
	<para>የመንግስት፡ሥልጣን፡መሠረቱ፡የሕዝቡ፡ፈቃድ፡መሆን፡አለበት።፡ይህም፡ፈቃድ፡ለሁሉም፡እኩል፡በሆነ፡በምሥጢር፡በሚደረግ፡የድምፅ፡መስጠት፡ምርጫ፡ወይም፡በተመሳሳይ፡ሁኔታ፡በየጊዜውና፡በትክክል፡በሚፈጸሙ፡ምርጫዎች፡እንዲገለጽ፡መሆን፡አለበት።</para>
      </listitem>
    </orderedlist>
  </article>

  <article number="22">
    <title>አንቀጽ፡፳፪፤</title>
    <para>እያንዳንዱ፡ሰው፡የኀብረ፡ሰብ፡አባል፡እንደመሆኑ፡በኀብረ፡ሰብ፡ደህንነቱ፡እንዲጠበቅ፡መብት፡አለው።፡እንዲሁም፡በብሔራዊ፡ጥረትና፡በኢንተርናሽናል፡መተባበር፡አማካይነትና፡በእያንዳንዱ፡መንግስት፡ድርጅትም፡የሀብት፡ምንጮች፡መሰረት፡ለክብሩና፡ለሰብዓዊ፡አቅሙ፡ነጻ፡እድገት፡የግድ፡አስፈላጊ፡የሆኑት፡የኤኮኖሚ፡የማኀበራዊ፡ኑሮና፡የባህል፡መብቶች፡በተግባር፡እንዲገለጹለት፡መብት፡አለው።</para>
  </article>

  <article number="23">
    <title>አንቀጽ፡፳፫፤</title>
    <orderedlist>
      <listitem tag="፩/፡">
	<para>እያንዳንዱ፡ሰው፡የመሥራት፡የሥራ፡ነጻ፡ምርጫና፡ለሥራም፡ትክክለኛና፡ተስማሚ፡የአሠራር፡ሁኔታዎችና፡ሥራም፡እንዳያጣ፡መብት፡አለው።</para>
      </listitem>
      <listitem tag="፪/፡">
	<para>እያንዳንዱ፡ሰው፡ያላንዳች፡ልዩነት፡ማድረግ፡ለአንድ፡ዓይነት፡ሥራ፡እኩል፡የሆነ፡ደመወዝ፡የማግኘት፡መብት፡አለው።</para>
      </listitem>
      <listitem tag="፫/፡">
	<para>በሥራ፡ላይ፡ያለ፡ሰው፡ለእራሱና፡ለቤተሰቡ፡ለሰብዓዊ፡ክብር፡ተገቢ፡የሆነ፡ኑሮን፡የሚያስገኝለትና፡ካስፈለገም፡በሌሎች፡የኀብረሰብ፡ደህንነት፡መጠበቂያ፡ዘዴዎች፡የተደገፈ፡ትክክለኛና፡ተስማሚ፡ዋጋውን፡የማግኘት፡መብት፡አለው።</para>
      </listitem>
      <listitem tag="፬/፡">
	<para>እያንዳንዱ፡ሰው፡ጥቅሞቹን፡ለማስከበር፡የሙያ፡ማኀበሮችን፡ለማቋቋምና፡ማኀበርተኛ፡ለመሆን፡መብት፡አለው።</para>
      </listitem>
    </orderedlist>
  </article>

  <article number="24">
    <title>አንቀጽ፡፳፬፤</title>
    <para>እያንዳንዱ፡ሰው፡የዕረፍትና፡የመዝናናት፡እንዲሁም፡በአግባብ፡የተወሰኑ፡የሥራ፡ሰዓቶች፡እንዲኖሩትና፡በየጊዜው፡የዕረፍት፡ጊዜያትን፡ከደመወዝ፡ጋር፡የማግኘት፡መብት፡አለው።</para>
  </article>

  <article number="25">
    <title>አንቀጽ፡፳፭፤</title>
    <orderedlist>
      <listitem tag="፩/፡">
	<para>እያንዳንዱ፡ሰው፡ለእራሱና፡ለቤተሰቡ፡ጤንነትና፡ደህንነት፡ምግብ፣፡ልብስ፣፡ቤትና፡ሕክምና፡አስፈላጊ፡የማኀበራዊ፡ኑሮ፡አገልግሎቶችም፡ጭምር፡የሚበቃ፡የኑሮ፡ደረጃ፡ለማግኘት፡መብት፡አለው።፡ሥራ፡ሳይቀጠር፡ቢቀር፡ቢታመም፡ለመሥራት፡ባይችል፡ባል፡ወይም፡ሚስት፡ቢሞት፡ቢያረጅ፡ወይም፡ከቁጥጥሩ፡ውጭ፡በሆኑ፡ምክንያቶች፡መሰናከል፡ቢገጥመው፡ደህንነቱ፡እንዲጠበቅለት፡መብት፡አለው።</para>
      </listitem>
      <listitem tag="፪/፡">
	<para>ወላድነትና፡ሕጻንነት፡ልዩ፡ጥንቃቄና፡እርዳታ፡የማግኘት፡መብት፡አላቸው፤፡በጋብቻ፡ወይም፡ያለጋብቻ፡የሚወለዱ፡ሕጻናትም፡የተመሳሳይ፡የደህንነታቸው፡መጠበቅ፡መብት፡አላቸው።</para>
      </listitem>
    </orderedlist>
  </article>

  <article number="26">
    <title>አንቀጽ፡፳፮፤</title>
    <orderedlist>
      <listitem tag="፩/፡">
	<para>እያንዳንዱ፡ሰው፡የመማር፡መብት፡አለው።፡ትምህርት፡ቢያንስ፡ቢያንስ፡በአንደኛ፡ደረጃና፡በመሰረታዊ፡ደረጃዎች፡በነጻ፡ሊሆን፡ይገባል።፡የአንደኛ፡ደረጃ፡ትምህርት፡መማር፡ግዴታ፡ነው።፡የቴክኒክና፡የልዩ፡ልዩ፡ሙያ፡ትምህርት፡በጠቅላላው፡የከፍተኛ፡ደረጃ፡ደግሞ፡በችሎታ፡መሠረት፡ለሁሉም፡እኩል፡መሰጠት፡አለበት።</para>
      </listitem>
      <listitem tag="፪/፡">
	<para>ትምህርት፡ለእያንዳንዱ፡ሰው፡ሁኔታ፡ማሻሻያና፡ለሰብዓዊ፡መብቶችም፡መሠረታዊ፡ነጻነቶች፡ክብር፡ማዳበርያ፡የሚውል፡መሆን፡አለበት።፡እንዲሁም፡የተለያየ፡ዘር፡ወይም፡ሃይማኖት፡ባሏቸው፡ሕዝቦች፡መካከል፡ሁሉ፡መግባባትን፡ተቻችሎ፡የመኖርንና፡የመተባበርን፡መንፈስ፡የሚያጠነክርና፡የተባበሩት፡መንግሥታት፡ድርጅት፡ሰላምን፡ለመጠበቅ፡የሚፈጽማቸው፡ተግባሮች፡እንዲስፋፋ፡የሚያበረታቱ፡መሆን፡አለበት።፡</para>
      </listitem>
      <listitem tag="፫/፡">
	<para>ወላጆች፡ለልጆቻቸው፡ለመስጠት፡የሚፈልጉትን፡ትምህርት፡ለመምረጥ፡የቅድሚያ፡መብት፡አላችው።፡</para>
      </listitem>
    </orderedlist>
  </article>

  <article number="27">
    <title>አንቀጽ፡፳፯፤</title>
    <orderedlist>
      <listitem tag="፩/፡">
	<para>እያንዳንዱ፡ሰው፡በኀብረ፡ሰቡ፡የባህል፡ኑሮ፡በነጻ፡መካፈልና፡በኪነ፡ጥበብ፡ለመጠቀም፡በሳይንስ፡እርምጃና፡በጥቅሞቹም፡ለመሳተፍ፡መብት፡አለው።፡</para>
      </listitem>
      <listitem tag="፪/፡">
	<para>እያንዳንዱ፡ሰው፡ከደረሰው፡ማንኛውም፡የሳይንስ፡የድርሰትና፡የኪነ፡ጥበብ፡ሥራ፡የሚያገኘው፡የሞራሉንና፡የሃብት፡ጥቅሞች፡እንዲከበሩለት፡መብት፡አለው።</para>
      </listitem>
    </orderedlist>
  </article>

  <article number="28">
    <title>አንቀጽ፡፳፰፤</title>
    <para>እያንዳንዱ፡ሰው፡በዚህ፡ውሳን፡ውስጥ፡የተዘረዘሩት፡መብቶችና፡ነጻነቶች፡በሙሉ፡በተግባር፡እንዲውሉ፡ለሚደረግባቸው፡የኀብረሰብና፡የኢንተርናሽናል፡ሥርዓት፡የመጠቀም፡መብት፡አለው።</para>
  </article>

  <article number="29">
    <title>አንቀጽ፡፳፱፤</title>
    <orderedlist>
      <listitem tag="፩/፡">
	<para>እያንዳንዱ፡ሰው፡የራሱ፡ነጻነትና፡ሙሉ፡መሻሻል፡በሚያገኝበት፡ኀብረሰብ፡ውስጥ፡የሚፈጽማቸው፡ግዴታዎች፡ይኖሩበታል።</para>
      </listitem>
      <listitem tag="፪/፡">
	<para>እያንዳንዱ፡ሰው፡በመብቶቹ፡በነጻነቶቹ፡በሚጠቀምበት፡ጊዜ፡የሚታገደው፡የሌሎችን፡መብቶችና፡ነጻነቶች፡በሚገባ፡ለማሰከበር፡ብቻ፡በተደነገጉ፡ሕጎችና፡የግብረ፡ገብነትን፡የጠቅላላውን፡ሕዝብ፡ፀጥታና፡ደህንነት፡በዴሞክራቲክ፡ማኀበራዊ፡ኑሮ፡ትክክለኛ፡የሆነው፡ተፈላጊ፡ጉዳይ፡ለማርካት፡በተወሰነው፡ብቻ፡ነው።</para>
      </listitem>
      <listitem tag="፫/፡">
	<para>እነዚህ፡መብቶችና፡ነፃነቶች፡በማንኛውም፡ሁኔታ፡የተባበሩት፡መንግሥታት፡ድርጅት፡መሰረት፡ዓላማዎች፡ተቃራኒ፡በሆነ፡መንገድ፡ሊፈጸሙ፡አይገባቸውም።</para>
      </listitem>
    </orderedlist>
  </article>

  <article number="30">
    <title>አንቀጽ፡፴፤</title>
    <para>በዚህ፡ውሳኔ፡ከላይ፡የተዘረዘረው፡ሁሉ፡በዚሁ፡ውስጥ፡የተጠቀሱትን፡ማናቸውም፡መብቶች፡ወይም፡ነጻነቶች፡ለማበላሸት፡በታሰበ፡ማንኛውም፡ዓይነት፡ተግባር፡ለማዋል፡ወይም፡ድርጊትን፡ለመፈጸም፡ለማንኛውም፡መንግሥት፡ወይም፡ድርጅት፡ወይም፡ሰው፡የተባሉ፡አይተረጎሙም።</para>
  </article>
</udhr>
