<?xml version="1.0" encoding="UTF-8"?>

<!--© The Office of the High Commisioner for Human Rights-->

<udhr iso639-3='nds' xml:lang='nds' key='nds' n='Saxon, Low' dir='ltr' iso15924='Latn' xmlns="http://www.unhchr.ch/udhr">
   <title>Allgemeen Verklaren vun de Minschenrechten</title>

   <preamble>
      <title>PRÄAMBEL</title>
      <para>Vunwegen wat dat Anerkennen vun de Wüürd, mit de all Minschen baren sünd, un de Rechten, de all Maten vun de Gemeenschupp vun de Minschen hebbt un de gliek un nich to verköpen sünd, de Grundlaag vun Frieheit un Freden in de Welt is, un wat dat recht und billig togeiht,</para>
      <para>vunwegen wat dat Verkennen un Minnachten vun de Minschen rechten to unminschlich Doon föhrt hett, un dat Geweten vun de Minschen daarvun vull is vun Schann, is dat vör nehmste Wark vun de Minschen dat Buen vun een Welt, wo elk un een seggen un gloven dröff, wat he will un he frie is vun Bang sien un Noot,</para>
      <para>vunwegen wat dat nödig is, de Minschenrechten dörch dat Regeern vun’t Recht Schuul  geven, dat de Minsch nich dwungen  as lest Middel Wedderpart to hollen Tyrannei un Ünnerdrücken,</para>
      <para>vunwegen wat dat nödig is, dat mang de Natschonen föddert ward, wat se fründlich mit eenanner ümgaht,</para>
      <para>vunwegen wat de Völker vun de Vereenten Natschonen mit düsse Charta noch mehr daar up ruut wüllt un dat so besloten hebbt: dat se fastholen an de Minschenrechten vun elk un een, fastholen an de Wüürd un den Weert vun elk un een, un wat Mannslüüd un Fruunslüüd de sülvigen Rechten hebben schüllt, un wat dat Wiederkamen vun de Gemeenschupp un een beter Leven in mehr aFrieheit föddert warrn schall,</para>
      <para>vunwegen wat de Matenlänner toplicht hebbt, tosamen mit de Vereenten Natschonen allns daarför to doon, dat de Minschenrechten  de Frieheit vun elk un een samt un sünners acht un estimeert ward,</para>
      <para>vunwegen wat dat mit düsse Verplichten wat ward, is dat vun gröttste Bedüden, wat  sülvige meent ward, wat düsse Rechten un Frieheiten angeiht,</para>
      <para>un so gifft de Generalversammeln Bott: Düsse Allgemeen Verklaren vun de Minschenrechten is dat, wat för all de Völker  Natschonen as Wiespahl gellen schall. Elk un een un all Inrichten vun de Sellschupp schüllt düsse Verklaren jümmers praat hebben un daarför wat doon. Dörch Ünnerrichten un Uptrecken schall dat Estimeern vun düsse Rechten un Frieheiten föddert warrn. Dörch natschonaal un internatschonaal Doon schall dat mehr warrn mit dat allgemeen un rejell Annerkennen un Ümsetten vun düsse Verklaren bi all de Lüüd in de Matenstaaten, över de düsse Gewalt hebbt.</para>
   </preamble>
   <article number="1">
      <title>Artikel 1</title>
      <para>All de Minschen sünd frie un gliek an Wüürd un Rechten baren. Se hebbt Vernunft un een Geweten un se schüllt sik Bröder sien.</para>
   </article>
   <article number="2">
      <title>Artikel 2</title>
      <para>Dat, wat in düsse Verklaren över de Rechten un Frieheiten steiht, gellt för elk un een. Daar gifft dat keen Ünnerscheed vunwegen de Raas, de Farv vun de Huut, dat Geslecht, de Spraak, den Gloven, de Menen vunwegen de Politik orrer annereen Övertügen, dat natschonaal orrer soziaal Herkamen, den Riek doom, Geburt orrer sünst een Stand.</para>
      <para>Ok dröff daar keen Ünnerscheed maakt warrn vun wegen de politsch, rechtlich orrer inter natschonaal Stand vun dat Land orrer Flach, wo een Minsch tohören deit. Dat dröff keen Ünner scheed geven, wat dit Land orrer dat Flach ünner Vullmacht steiht, keen Sülfstregeern hett orrer anners in sien Egenrecht inschränkt is.</para>
  </article>
   <article number="3">
      <title>Artikel 3</title>
      <para>Elk un een hett dat Recht up Leven, Frieheit un Sekerheit vun de Persoon.</para>
   </article>
   <article number="4">
      <title>Artikel 4</title>
      <para>Keeneen dröff Slaveree lieden orrer to dat Goot vun anner Minschen  jeedeen Aart un Wies vun Slaveree un Slavenhannel sünd verbaden.</para>
   </article>
   <article number="5">
      <title>Artikel 5</title>
      <para>Keeneen dröff ünner de Folter. Ok  keeneen grusig, unminschlich  orrer Straaf lieden orrer dörch so een Doon duuk nackt warrn.</para>
   </article>
   <article number="6">
      <title>Artikel 6</title>
      <para>Elk un een hett dat Recht, överall as een Rechtspersoon to gellen.</para>
   </article>
   <article number="7">
      <title>Artikel 7</title>
      <para>All Minschen sünd gliek vör dat Gesett. Ahn een Ünnerscheed hebbt se dat  up glieke Schuul dörch dat Gesett. All  se Anrecht up sülvig Schuul tegen jeedeen Minnachten, de tegen düsse Verklaren geiht. Dat gellt ok för dat Uphissen för so  Minnachten.</para>
   </article>
   <article number="8">
      <title>Artikel 8</title>
      <para>Elk un een hett dat Anrecht up rejell Help bi de Gerichten binnen den Staat, de dat anlangt, wenn sien Grundrechten, de he na de Verfaten orrer na dat Gesett hett, dörch jichtenseen Doon inschränkt warrn schüllt.</para>
   </article>
   <article number="9">
      <title>Artikel 9</title>
      <para>Keeneen dröff ahn Grund  fastsett orrer ut dat Land wiest warrn.</para>
   </article>
   <article number="10">
      <title>Artikel 10</title>
      <para>Elk un een hett bi’t Faststellen vun sien Rechten un Plichten dat glieke Anrecht up een Verfahren, dat gerecht un apen is, un up een Gericht, dat keen na den Willen is un frie is in’t Entscheden. Datsülvige gellt för een Beschulligen na dat Straafrecht.</para>
   </article>
   <article number="11">
      <title>Artikel 11</title>
      <orderedlist>
         <listitem>
            <para>Elk un een, de beschulligt ward, wat maakt to hebben, wat ünner Straaf steiht, hett dat Recht, as truschullig to gellen. Dat gellt, bit em in een apen Verfahren sien Schuld na dat Gesett nawiest worrn is. Bi dit Verfahren mutt he all de Garantien hatt hebben, de för sien Verdeffendeern nootwennig sünd.</para>
         </listitem>
         <listitem>
            <para>Vunwegen een Doon orrer Nichdoon, dat to een Tiet schehn is, as dat na dat Recht binnen den Staat un buten den Staat nich ünner Straaf stahn hett, dröff keeneen verurdeelt warrn. Liekster welt dröff keen Straaf fastsett warrn, de sworer is as de, de to de Tiet  hett, as dat Hanneln, wo Straaf up  schehn is.</para>
         </listitem>
      </orderedlist>
   </article>
   <article number="12">
      <title>Artikel 12</title>
      <para>Keeneen mutt dat lieden, wat ahn Grund in sien privaat Leven, sien Familie, sien Hüsung un sien Breefwessel rinmengeleert ward. Dat gellt ok för dat Minneseren vun sien Ehr un sien Roop. Elk un een hett dat Anrecht up Schuul na dat Gesett tegen son Ingriepen orrer Behalen.</para>
   </article>
   <article number="13">
      <title>Artikel 13</title>
      <orderedlist>
         <listitem>
            <para>Elk un een hett dat Recht, dat he in  Staat gahn kann, wohen he will. Ok kann elk un een blieven, woneem he will.</para>
         </listitem>
         <listitem>
            <para>Elk un een hett dat Recht, elkeen  ok sien egen Land, to verlaten un wedder torüch tokamen.</para>
         </listitem>
      </orderedlist>
   </article>
   <article number="14">
      <title>Artikel 14</title>
      <orderedlist>
         <listitem>
            <para>Elk un een hett dat Recht, in anner Länner, vun wegen dat he verfolgt ward, Asyl to  un to kriegen.</para>
         </listitem>
         <listitem>
            <para>Dit Recht gellt nich för den Fall vun een Straaf verfolgen, de vunwegen een wohrhaftig Verbreken, dat nich politsch is, maakt worrn is. Ok gellt dat nich, wenn de Straafverfolgen vunwegen een Hanneln maakt worrn is, dat tegen de Malen un de Grundsätz vun de Vereenten Natschonen geiht.</para>
         </listitem>
      </orderedlist>
   </article>
   <article number="15">
      <title>Artikel 15</title>
      <orderedlist>
         <listitem>
            <para>Elk un een hett dat Recht, dat he een  tohört.</para>
         </listitem>
         <listitem>
            <para>Keeneen dröff dat Tohören to een Staat ahn Grund wegnahmen warrn. Ok dröff keeneen dat Recht afseggt warrn, sien Tohörn to een Staat to wesseln.</para>
         </listitem>
      </orderedlist>
   </article>
   <article number="16">
      <title>Artikel 16</title>
      <orderedlist>
         <listitem>
            <para>Mannslüüd un Fruunslüüd, de heiraden köönt, hebbt dat Recht, dat to doon un een Familie to grünnen. Dat dröff nich inschränkt warrn vunwegen de Raas, dat Tohörn to een Staat orrer den Gloven. Se hebbt bi de Heiraat, in de Tiet vun de Eh un bi’t Uplösen vun de Eh glieke Rechten.</para>
         </listitem>
         <listitem>
            <para>De Eh dröff bloots sloten warrn, wenn  Ehlüüd frie in ehr Menen un sik eenig in ehrn Willen sünd.</para>
         </listitem>
         <listitem>
            <para>De Familie is vun’n Grund her de natüürlich un lüttste Deel vun de Sellschupp un hett Anrecht up Schuul dörch de Sellschupp un den Staat.</para>
         </listitem>
      </orderedlist>
   </article>
   <article number="17">
      <title>Artikel 17</title>
      <orderedlist>
         <listitem>
            <para>Elk un een hett dat Recht up Egendoom, för sik un ok mit anner Lüüd tosamen.</para>
         </listitem>
         <listitem>
            <para>Keeneen dröff ahn Grund sien Egendoom wegnahmen warrn.</para>
         </listitem>
      </orderedlist>
   </article>
   <article number="18">
      <title>Artikel 18</title>
      <para>Elk un een hett dat Recht up de Frieheit vun de Gedanken, vun dat Geweten un vun den Gloven. Daarto hört de Frieheit, sien Gloven un sien Övertügen to wesseln. Ok hett elk un een de Frieheit, sien Gloven orrer sien Över tügen alleen orrer mit anner tosamen to bekennen. Dat kann he apentlik doon för all orrer privaat dörch Lehr, Utöven, Gottesdeenst orrer anner Doon in düsse Richt.</para>
   </article>
   <article number="19">
      <title>Artikel 19</title>
      <para>Elk un een hett dat Recht up frie Menen un daarup, sien Menen frie to seggen. Daarto hört de Frieheit, sien Menen ahn Inschränken künnig to maken, ok hört daarto, över  dräger vun elkeen Aart över all Scheden hen Informatschonen un Gedankengoot to söken, to bekamen un wiedertogeven.</para>
   </article>
   <article number="20">
      <title>Artikel 20</title>
      <orderedlist>
          <listitem>
            <para>Elk un een hett dat Recht, sik  to versammeln un sik in Verenigen  to doon.</para>
         </listitem>
         <listitem>
            <para>Keeneen mutt dat lieden, dat he een Verenigen toslaan ward, ahn dat he dat will.</para>
         </listitem>
     </orderedlist>
   </article>
   <article number="21">
      <title>Artikel 21</title>
      <orderedlist>
         <listitem>
            <para>Elk un een hett dat Recht, an de Saken, de all anlangt in’t Land, mittodoon. Dat kann he sülven doon, orrer dörch Vertreders, de frie wählt worrn sünd.</para>
         </listitem>
         <listitem>
            <para>Elk un een hett dat Recht, dat he in sien Land glieken Togang hett na apentlik Ämter.</para>
         </listitem>
         <listitem>
            <para>De Willen vun’t Volk is de Grundlaag för dat Achten vun de apentlik Gewalt. Düsse Willen wiest sik dörch Wahlen, de stüttig dörchföhrt ward, de nich verkehrt ward un de allgemeen un gliek sünd un wo elk un een sien Stimm geheem afgeven kann. De Wahl kann ok anners dörchföhrt warrn, wenn se man frie un na düsse Grundsätz is.</para>
         </listitem>
      </orderedlist>
   </article>
   <article number="22">
      <title>Artikel 22</title>
      <para>Elk un een hett as Maat vun de Sellschupp dat Recht up soziaal Sekerheit. Elk un een hett Anrecht up wirtschaftlich, soziaal un kulturell Rechten, de dat bruukt, dat sien Wüürd bestahn blifft un dat Egen vun sien Persoon frie klaarkamen kann. Daarföör  de Staat wat binnen den Staat doon, dat he dat rekent, wat sien Organisatschonen un sien Hanneln daarför dögen. Dat gellt ok för de Tosamenarbeit vun de Staaten.</para>
   </article>
   <article number="23">
      <title>Artikel 23</title>
      <orderedlist>
         <listitem>
            <para>Elk un een hett dat Recht up Arbeit, dat een sik frie sien Profeschoon utsöken kann, wat dat bi sien Arbeit gerecht togeiht un wat een tofreden mit de Ümstänn vun de Arbeit sien kann. He hett dat Recht up Schuul, wenn he sien Arbeit quiet geiht.</para>
         </listitem>
         <listitem>
            <para>Elk un een hett dat Recht up datsülvige Geld för desülvige Arbeit. Dat gellt ahn Ünnerscheed.</para>
         </listitem>
         <listitem>
            <para>Elk un een, de arbeit, hett dat Recht up een Verdeenst, de recht un billich is. De Verdeenst schall langen daarför, dat he un sien Familie een Leven föhren köönt, wat de Wüürd för se as Minschen sekert is. Sünst mutt holpen warrn dörch anner Schuul för de soziaal Sekerheit.</para>
         </listitem>
         <listitem>
            <para>Elk un een hett dat Recht, Gillen för de Schuul vun sien Arbeit to billen orrer Gillen bi totreden, dat een sien Interessen wahren kann.</para>
         </listitem>
      </orderedlist>
   </article>
   <article number="24">
      <title>Artikel 24</title>
      <para>Elk un een hett dat Recht daarup, dat een sik verhalen kann un up Frietiet.  de Arbeits tiet mutt een Maat hebben,  sinnig is, un dat bruukt Feern, de betahlt ward un stüttig sünd.</para>
   </article>
   <article number="25">
      <title>Artikel 25</title>
      <orderedlist>
         <listitem>
            <para>Elk un een hett dat Recht, wat een Leven för den Minschen un sien Familie föhrt warrn kann, dat Sundheit un Gootgahn garanteert. Daar to hört Eten un Drinken, Tüüch, Hüsung, Behanneln dörch den Dokter un wat anners wat nödig is an soziaal Deensten. Ok hört daarto dat Recht up Sekerheit, wenn een sien Arbeit quiet geiht, krank orrer versehrt ward, Wittfru orrer Wittmann ward, old ward un anners wat mehr, wenn een ahn Schuld sien Ünnerhalts middel quiet geiht.</para>
         </listitem>
         <listitem>
            <para>Modders un Kinner hebbt Anrecht up sünnerlich Föddern un Help. All Kinner, eendoont wat se in de Eh orrer buten de Eh baren sünd, hebbt sülvig soziaal Schuul.</para>
         </listitem>
      </orderedlist>
   </article>
   <article number="26">
      <title>Artikel 26</title>
      <orderedlist>
         <listitem>
            <para>Elk un een hett dat Recht up Sik-Billen. Sik-Billen dröff keen Geld kösten, dat gellt tominst för den Ünnerricht in de Grundschool un för dat, wat elk un een weten mutt. Elk un een mutt na de Grundschool hen. Ünnerricht för de Lehr tiet mutt apen för elk un een maakt warrn. Dat gellt ok för  Ünnerricht an de Hoge School, wenn een daar dat Tüüg to hett.</para>
         </listitem>
         <listitem>
            <para>Dat Maal för Sik-Billen is, dat elk un een dat Egen vun sien Per soon heel un deel upfolden kann. Ok geiht dat daarüm, wat dat mehr ward mit dat An sehn vun de Minschenrechten un de Grund frieheiten. Sik-Billen mutt daar to bi drägen, dat Ver nimm, Toleranz un Fründ schupp mang de Nat schonen un mang Koppels vun Lüüd vun ver scheden Raas orrer Glo ven föddert ward. Daar to hört, wat dat Doon vun de Ver een ten Nat  daarför, dat de Freden bestahn blifft, ok föddert ward.</para>
         </listitem>
         <listitem>
            <para>De Öllern hebbt allereerst dat Recht, de Aart vun Sik-Billen uttosöken, de ehr Kinner hebben schüllt.</para>
         </listitem>
      </orderedlist>
   </article>
   <article number="27">
      <title>Artikel 27</title>
      <orderedlist>
         <listitem>
            <para>Elk un een hett dat Recht, frie an dat Kultuurleven vun de Gemeenschupp mittodoon, sik an de Künst to högen un deeltohebben an dat Wiederkamen vun de Wetenschupp un wat daarvun maakt ward.</para>
         </listitem>
         <listitem>
            <para>Elk un een hett dat Recht up Schuul an de Saken, de een sik utdacht orrer maakt hett, un ok an den Verdeenst daaran. Dat gellt för de, de Warken för de Wetenschupp, de Literatuur orrer de Kunst maakt hebbt.</para>
         </listitem>
      </orderedlist>
   </article>
   <article number="28">
      <title>Artikel 28</title>
      <para>Elk un een hett dat Anrecht up een soziaal un internatschonaal Ornung, in de de Rechten un Frieheiten ut düsse Verklaren heel un deel anslaan.</para>
   </article>
   <article number="29">
      <title>Artikel 29</title>
      <orderedlist>
         <listitem>
            <para>Elk un een steiht in de Plicht tegenöver de Gemeenschupp un bloots in de Gemeen schupp is dat Up folden vun dat frie Egen vun de Persoon heel un deel möglich.</para>
         </listitem>
         <listitem>
            <para>Elk un een is bi’t Utöven vun sien Rechten un Frieheiten bloots inschränkt dörch Gesetten, de egens daarför daar sünd, dat An erkennen un dat Achten vun de Rechten un Frieheiten vun anner Minschen to sekern, wat dat henlangt mit dat gerechte Maat vun de Moraal, mit de apentlik Ornung un dat Goot gahn för elk un een in een demokraatsch Sell schupp.</para>
         </listitem>
         <listitem>
            <para>Düsse Rechten un Frieheiten dröfft nienich utöövt warrn in Insaag to de Malen un Grundsätz vun de Vereenten Natschonen.</para>
         </listitem>
      </orderedlist>
   </article>
   <article number="30">
      <title>Artikel 30</title>
      <para>Keeneen vun de Artikels, de in düsse Verklaren fastleggt worrn sünd, dröff so utleggt warrn, wat se för een Staat, een Koppel Lüüd orrer een Persoon jichtenseen Recht begrünnt, wat to doon orrer wat to maken, wat daarup ruut lööpt, de Rechten un Frieheiten ut düsse Verklaren bikant to smieten.</para>
   </article>
</udhr>