<?xml version="1.0" encoding="UTF-8"?>

<!--© The Office of the High Commisioner for Human Rights-->

<udhr iso639-3='vmw' xml:lang='vmw' key='vmw' n='Makhuwa' dir='ltr' iso15924='Latn' xmlns="http://www.unhchr.ch/udhr">
  <title>Edeklarasau ya molumwenku ya Edireito sa Mutthu</title>

  <note>
    <para>Etthariheliwe Kulaleiya n&#x2019;Assembleya Geral Nlamulo 217A (III) ya 20 ya Dezembro ya 1948.</para>
  </note>

  <preamble>
    <title>WOPAJERANI</title>
    <para>Okhala wira osaamiha n&#x2019;edignidade ya kunla pinatamu n&#x2019;editeito sawe soolikana ni sakhwawe eri variyari wa eliberdade, wa esaria ni murettele mulumwenkuni;</para>
    <para>Okhala wira ohisuwela n&#x2019;ohisamiha edireito sa mutthu sinniiriha itthu sonanara n&#x2019;ekiiso ya olumwenku onkhala awe pinatamu moota ontthuna awe, ehihasiwaka ni mutthu mukhwawe walaa ni osikhini, pihimmwe okhala etthu yulupale enlompwawe mutthu;</para>
    <para>Okhala wi itthu yulupale okhaviherya edireito sa mutthu variyari v&#x2019;regime ya edireito, ohitthyawele ekhotto wi akhume opuro onihosiwawe;</para>
    <para>Okhala wi v&#x2019;alupale okhaviherya makhalelo amurettele ni ilapo sikina;</para>
    <para>Okhala wi Mupapheloni Ipovo sa Na&#x00E7;&#x00F5;es Unidas Sihimmwe wiwelela edireito sa mutthu, edignidade ni evalor ya pinatamu. Epaphelo yela en&#x2019;himya edireito sikhaleke soolikala alopwana n&#x2019;athiyana ni alipiheraka okhavihera makhalelo oorera, variyari v&#x2019;eliberdade s&#x2019;elapo soothene;</para>
    <para>Okhala wi ilapo soothene sikhanle membro sa Na&#x00E7;&#x00F5;es Unidas sohiwanana olalea, sikhaviheranaka ni Na&#x00E7;&#x00F5;es Unidas, ottitthimiha vinjene sa edireito ya mutthu n&#x2019;eliberdade sawe;</para>
    <para>Okhala wi moota onsuwelehu edireito n&#x2019;eliberdade iya etthu yuplupale wira naakhule saana epaphelo yasinanrehu;</para>
    <para>Assembleia Geral</para>
    <para>Assembleia Geral enalalea ephaphelo ela sa edireto ya mutthu, wi t&#x2019;etthu yorera ottharerela wakunla elapo, n&#x2019;atthu othene akhalanne varohoni itthu ya sihiimwe mpapheloni mu, asomihe ni apheele winnuwiha mattitthimihelo sa edireito ni eliberdade iya, ni alalee okhuma mulaponiwaya, mpaka ilapo sokhopela, wi sisuweliye ni sittharereliye wakunla elapo.</para>
  </preamble>
  <article number="1">
    <title>ARTIKU 1</title>
    <para>Atthu othene aniyaria oolikana ni owilamula moota ontthunaya okhala, variyari v&#x2019;edignidade ni edireito. Akhalanne esaria ni otthokelela, ahaana akhalasaka othene saya vamurettele.</para>
  </article>
  <article number="2">
    <title>ARTIKU 2</title>
    <para>Atthu othene poti othyawelela edireito n&#x2019;eliberdade silempwe mupapheloni mu ahithanliaka yakhala wira atthu ooripa walaa oottela, nnakhala muthiyana walaa mulopwana, opuro onkhala&#x2019;we, oninlompa&#x2019;we muluku, epoliitika entthara&#x2019;we, muthajiri walaa musikhini.</para>
    <para>Nenna vaa, khavo onrowa othanliwa mwaha wa epoliitika entthara&#x2019;we, elapo awe, walaa nttetthe oyariwa&#x2019;we, okhalana ni wihikhalana elapo yupum&#x2019;we omantariwa n&#x2019;atthu ookhopela.</para>
  </article>
  <article number="3">
    <title>ARTIKU 3</title>
    <para>Wakunla pinatamu ohaana edireito ya ekumi, eliberdade ni wakiha erutthu awe.</para>
  </article>
  <article number="4">
    <title>ARTIKU 4</title>
    <para>Khavo onrowa okhalihiwa epottha, makhalelo ya epottha, ni moota owakaliha epottha atthu enakhottihiya.</para>
  </article>
  <article number="5">
    <title>ARTIKU 5</title>
    <para>Khavo onrowa ohoosiwa, nnakhala okhalihiwa moota wonanara.</para>
  </article>
  <article number="6">
    <title>ARTIKU 6</title>
    <para>Wakunla mutthu ohaana edireito yosaamihia makhalelo awe wakunla opuro onkhala&#x2019;we.</para>
  </article>
  <article number="7">
    <title>ARTIKU 7</title>
    <para>Atthu othene t&#x2019;olikana variyari va elei, n&#x2019;atthu othene attitthimihiweke n&#x2019;elei. Atthu othene ahaana akhaviheriwaka, mwaha wale ahin&#x2019;tthuna ottitthimiha edeklarasau ila.</para>
  </article>
  <article number="8">
    <title>ARTIKU 8</title>
    <para>Wakunla mutthu ohaana edireito yotthyawelela elei ya elapo enkhalawe wi akihiwe yakhala wira edireito sawe silempwe mwa elei yelapo awe kisettin&#x2019;he saana.</para>
  </article>
  <article number="9">
    <title>ARTIKU 9</title>
    <para>Khavo onrowa otthukiwa ni womoliwa mulaponimwawe, yihiwen&#x2019;he saana etthu etthenka&#x2019;we.</para>
  </article>
  <article number="10">
    <title>ARTIKU 10</title>
    <para>Wakunla mutthu ohaana edireito ntoko atthu akina, wi etthu etthenka&#x2019;we enalamuliwa mwa otribunal, moota ansuwelaya atthu othene, van&#x2019;himwaya edever ni edireito sawe, ni mulattu otthukeliwawe.</para>
  </article>
  <article number="11">
    <title>ARTIKU 11</title>
    <orderedlist>
      <listitem>
        <para>Wakunla mutthu onihim&#x2019;mwa wi oottheka, onkhalihiya wira khivo yin&#x2019;ryawe mpaka anamulamula mulattu woneshesha etthu yin&#x2019;ryawe, ehilialaka okarantiri eproseso ya edefesa sawe.</para>
      </listitem>
      <listitem>
        <para>Khavo onrowa otthukeliwa etthu ehikhalale mulattu mwa elapo enkhala&#x2019;we nnakhala ilapo sa okhopela. Nenna va, khavo onrowa winnuwiheriwa epena&#x2019;we khuvikana ele yahimmwa okathi otthenk&#x2019;awe.</para>
      </listitem>
    </orderedlist>
  </article>
  <article number="12">
    <title>ARTIKU 12</title>
    <para>Khavo onrowa ovehiwa okomantheene owan&#x2019;nhawe, n&#x2019;amusi awe, otthukuliwa iwarakha sawe, nnakhala wihisamihiya moota onkhala&#x2019;we. Elei yohaana omwakiha mutthu onrowa ovehiwa moota yola.</para>
  </article>
  <article number="13">
    <title>ARTIKU 13</title>
    <orderedlist>
      <listitem>
        <para>Wakunla mutthu ohaana edireito yothanla opuro onphela&#x2019;we okhala, n&#x2019;hina mwa Estado eri awe.</para>
      </listitem>
      <listitem>
        <para>Wakunla mutthu ohaana edireito yothama elapo eri awe, poti okhala elapo awe, ni edireito yotthikela mulaponi mwawe.</para>
      </listitem>
    </orderedlist>
  </article>
  <article number="14">
    <title>ARTIKU 14</title>
    <orderedlist>
      <listitem>
        <para>Wakunla mutthu onoomoliwa n&#x2019;autoridade ohaana edireito yoveka ni okhala ilapo sa okhopela.</para>
      </listitem>
      <listitem>
        <para>Edireito ela kahi ya&#x2019;tthu yinre etthu yonanara variyari v&#x2019;elei yelapo enkhalaya, nnakhala mwamakhalelo a Na&#x00E7;&#x00F5;es Unidas.</para>
      </listitem>
    </orderedlist>
  </article>
  <article number="15">
    <title>ARTIKU 15</title>
    <orderedlist>
      <listitem>
        <para>Wakunla mutthu ohaana edireito yokhalana enacionalidade.</para>
      </listitem>
      <listitem>
        <para>Khavo mutthu onrowa okhottihiwa enacionalidade awe ehinre etthu yonanara, nnakhala oveka enacionalidade ekina.</para>
      </listitem>
    </orderedlist>
  </article>
  <article number="16">
    <title>ARTIKU 16</title>
    <orderedlist>
      <listitem>
        <para>Mulopwana ni muthiyana yennuwakaru ahaana edireto yothelana, akhale ottela ni nooriipa, mutthu a mulaponi ni a elapo yokhopela, walaa akhalee s&#x2019;egreja soovirikana. Okhuma okatthi onthelanaya, mpaka vammwalanaya, edireito saya ti soolikana.</para>
      </listitem>
      <listitem>
        <para>Atthu anthelana, ooweeli ahaana atthunaka wi athelane.</para>
      </listitem>
      <listitem>
        <para>Etthoko t&#x2019;etthu yulupale mulaponi, nenna vaa, yohaana edireito y&#x2019;eprote&#x00E7;&#x00E3;o ni okhaviheriwa n&#x2019;Estado.</para>
      </listitem>
    </orderedlist>
  </article>
  <article number="17">
    <title>ARTIKU 17</title>
    <orderedlist>
      <listitem>
        <para>Wakunla mutthu mekhawe, walaa n&#x2019;akhwawe ohaana edireito yokhalana etthu awe.</para>
      </listitem>
      <listitem>
        <para>Khavo onrowa okhottihiwa etthu yawawe.</para>
      </listitem>
    </orderedlist>
  </article>
  <article number="18">
    <title>ARTIKU 18</title>
    <para>Wakunla mutthu ohaana edireito yotthokelela etthu entthuna awe, ya makhalelo ni moota oninlopawe muluku. Edireito ela en&#x2019;himya wira mutthu ula poti ohiya egreja eri awe khukela entthuna awe, nnakhala moota ontthokekelawe, mekhawe walaa onari n&#x2019;akhwawe, asomihaka walaa amulonpaka muluku.</para>
  </article>
  <article number="19">
    <title>ARTIKU 19</title>
    <para>Wakunla mutthu ohaana edireito y&#x2019;ohimya enimmwa m&#x2019;muru mwawe, ehopipihiwaka ekiiso sa itthu sin&#x2019;himyawe, ni opheela wakhela ni olalea nuulumo nawe, mulaponimwawe ni ilapo sokhopela.</para>
  </article>
  <article number="20">
    <title>ARTIKU 20</title>
    <orderedlist>
      <listitem>
        <para>Wakunla mutthu ohaana edireito yothukumana vamurettele n&#x2019;atthu akhwawe .</para>
      </listitem>
      <listitem>
        <para>Khavo onkelihiya va muthukumano ehitthunale mwanene.</para>
      </listitem>
    </orderedlist>
  </article>
  <article number="21">
    <title>ARTIKU 21</title>
    <orderedlist>
      <listitem>
        <para>Wakunla mutthu ohaana edireito yon&#x2019;holela nakoso okhanle a publico yelapo awe, waala onthanla mutthu onrowa omuholela onpheela wi athanliwe.</para>
      </listitem>
      <listitem>
        <para>Wakunla mutthu ohaana edireito, ni moota wolikana n&#x2019;atthu akina, itthu siniria s&#x2019;atthu othene a mulaponi mwawe.</para>
      </listitem>
      <listitem>
        <para>Evontade ya epovo t&#x2019;enilamula moota oniholela elapo atthu athanliwe. Yaala aniholela, athanliweke va mpantta wamuthanlo, onrowa atthu othene arina edireito yothanla, khiyathanla moota ontthunaya yihoniheraka mutthu oninthanlaya.</para>
      </listitem>
    </orderedlist>
  </article>
  <article number="22">
    <title>ARTIKU 22</title>
    <para>Wakunla mutthu okhala wi membro a esociedade, ohaana edireito yokhaviheriwa n&#x2019;estado, n&#x2019;oveka edireito sawe silempwe muleini siniholela elapo awe ni elapo sokhopela, nenna va, itthu iya siveka awe sikhaleke simphwanhanea mulaponi mwawe.</para>
  </article>
  <article number="23">
    <title>ARTIKU 23</title>
    <orderedlist>
      <listitem>
        <para>Wakunla mutthu ohaana edireito yophwanha muteko, n&#x2019;othanla muteko ola moota wolikana n&#x2019;akhwawe, ni okhaviheriwa ahikhalane muteko.</para>
      </listitem>
      <listitem>
        <para>Atthu othene ahaana edireito yowakhela moota onakhela akhwaya anivarana aya muteko mmosa.</para>
      </listitem>
      <listitem>
        <para>Onivara muteko ohaana edireito yowakhela saana, wi akhale n&#x2019;amusi awe variyari v&#x2019;edignidade ya mutthu, n&#x2019;okhaviheriwa ahikhale saana.</para>
      </listitem>
      <listitem>
        <para>Wakunla mutthu ohaana edireito yothukumana n&#x2019;akhwawe khiyapaka esindicato, ni wilepiha mwa mathukumano akina wira alipihere edireito sawe.</para>
      </listitem>
    </orderedlist>
  </article>
  <article number="24">
    <title>ARTIKU 24</title>
    <para>Wakunla mutthu ohaana edireito yomumula, n&#x2019;okathi wamuteko ohivirikanihe elei, ni edireito yokhalana ifeeria soolinva.</para>
  </article>
  <article number="25">
    <title>ARTIKU 25</title>
    <orderedlist>
      <listitem>
        <para>Wakunla mutthu ohaana edireito sa itthu wi akhale saana n&#x2019;amusi awe ( ekuwo, yoja, enupa,&#x2026;) ni ekumi, okhaviheriya ahikhalane muteko, awereyaka, apahun&#x2019;we, onakhweliye an&#x2019;yawe walaa amwara awe, onoluvanle ni sinamwirenle itthu sothakhala.</para>
      </listitem>
      <listitem>
        <para>Muthiyana orupanle nuule oyanre naanano ohaana edireito yokhaviheriwa saana. Ana othene ayariwe variyari va mulopwana ni muthiyana ahithelanne arina edireito solikana ni sa anamwane akina.</para>
      </listitem>
    </orderedlist>
  </article>
  <article number="26">
    <title>ARTIKU 26</title>
    <orderedlist>
      <listitem>
        <para>Wakunla mutthu ohaana edireito yosoma. Osoma ohaana okhalaka wihinlivia mpaka omaliha myakha sopajera onisuthiya olepa n&#x2019;osoma. Myakha sopajera iya atthu othene ahaana yilepihaka nnakhala vahasivelaka. Sihaana sipankaka esikola sinjene sinakumiha mateekniko. Esikola yulupale yesomi, ehaana otthukuliwa wi atthu othene akeleke moota wolikana, ale othene aniweryasa.</para>
      </listitem>
      <listitem>
        <para>Esikola ekhale opuro oninnuwiha muru ni murima wa mutthu, eninnuwiha edireito n&#x2019;eliberdade sa mutthu. Esikola ela ehaana yinnuwihaka moota onimoona&#x2019;hu pinatamu m&#x2019;khwahu variyari vamurettele n&#x2019;atthu othene, niphelaka wi ninnuwihe miteko sa Na&#x00E7;&#x00F5;es Unidas.</para>
      </listitem>
      <listitem>
        <para>Asipapa ahaana edireito yopajera othanla moota ontthuna&#x2019;ya onsomiha mwanaya.</para>
      </listitem>
    </orderedlist>
  </article>
  <article number="27">
    <title>ARTIKU 27</title>
    <orderedlist>
      <listitem>
        <para>Wakunla mutthu ohaana edireito yotthuna okela mwaneene mmitekoni sinvariya mmwannhawe, ni wakhela itthu sinkhumelela mmitekoni sinvara&#x2019;we.</para>
      </listitem>
      <listitem>
        <para>Atthu othene ahaana edireito yoprotejeria itthu sothene sinvaraya s&#x2019;osuela waya wa osomi.</para>
      </listitem>
    </orderedlist>
  </article>
  <article number="28">
    <title>ARTIKU 28</title>
    <para>Wakunla mutthu ohaana edireito yokhavihera, wi edireito n&#x2019;eliberdade silempwe muwarakhani mu sihikelihiwe iphiro sonanara.</para>
  </article>
  <article number="29">
    <title>ARTIKU 29</title>
    <orderedlist>
      <listitem>
        <para>Pinatamu ohaana idevere mulaponi mwawe, sinrowa omwinnuwiha ni moota anaweha&#x2019;we atthu akhwawe.</para>
      </listitem>
      <listitem>
        <para>Ottharihela idireito n&#x2019;eliberdade silempwe mu, khavo onrowa ovariwa wi alalee edireito ni eliberdade s&#x2019;atthu akina, wi esariya ni makhalelo a murettele yonaneye mulaponi variyari v&#x2019;edomocracia.</para>
      </listitem>
      <listitem>
        <para>Edireito n&#x2019;eliberdade iya sihiraneye sivirikanihaka elei sin&#x2019;holela makhalelo a Na&#x00E7;&#x00F5;es Unidas.</para>
      </listitem>
    </orderedlist>
  </article>
  <article number="30">
    <title>ARTIKU 30</title>
    <para>Khanivo nlamulo na edeklarasau ila ninrowa otthariheleliwa, n&#x2019;estado, mathukumano a&#x2019;tthu, walaa mutthu, epankaka etthu enrowa ovirikaniha idireito ni eliberdade silempwe mu.</para>
  </article>
</udhr>

 