<?xml version="1.0" encoding="UTF-8"?>

<!--© The Office of the High Commisioner for Human Rights-->

<udhr iso639-3='mkd' xml:lang='mk' key='mkd' n='Macedonian' dir='ltr' iso15924='Cyrl' xmlns="http://www.unhchr.ch/udhr">
   <title>УНИВЕРЗАЛНА ДЕКЛАРАЦИЈА ЗА ЧОВЕКОВИТЕ ПРАВА</title>
   <note>
      <para>Усвоена и објавена во Резолуцијата 217 A(III), од 10 декември 1948 година, на Генералното собрание</para>
   </note>
   <preamble>
      <title>ПРЕАМБУЛА</title>
      <para>Бидејќи признавањето на вроденото достоинство, и на еднаквите и неотуѓиви права на сите членови на човештвото се темелите на слободата, правдата и мирот во светот;</para>
      <para>Бидејќи непочитувањето и омаловажувањето на човековите права резултираа со варварски постапки што претставуваат навреда на човековата совест и бидејќи создавањето на свет во кој луѓето ќе ја уживаат слободата на говор и убедување и ќе бидат ослободени од стравот од војна и сиромаштија, се прогласува како најголем идеал на сите луѓе;</para>
      <para>Бидејќи е суштествено човековите права да бидат заштитени со закон, а човекот да не биде принуден последен излез да бара во побуната против тиранијата и угнетувањето;</para>
      <para>Бидејќи е суштествено да се унапредува развојот на пријателските односи меѓу народите;</para>
      <para>Бидејќи народите на Обединетите нации со повелбата ја потврдија нивната верба во основните човекови права, во достоинството и вредноста на човековата личност и во еднаквите права на мажите и жените и се одлучија да го потпомагаат општествениот напредок и подобрите животни стандарди во услови на поголема слобода;</para>
      <para>Бидејќи земјите – членки се обврзаа да го издигнуваат универзалното почитување и следење на човековите права и слободи, во соработка со Обединетите нации;</para>
      <para>Бидејќи општото разбирање на овие права и слободи е од најголемо значење за целосно спроведување на нивната заложба;</para>
      <para>Сега, затоа,</para>
      <para>Генералното собрание</para>
      <para>Ја прогласува оваа Универзална декларација на човековите права како општ стандард, што треба да го достигнат сите луѓе и нации, и за таа цел секој поединец и секој орган на општеството секогаш, имајќи ја на ум оваа Декларација, ќе се стремат преку подучување и образование да го промовираат почитувањето на овие права и слободи и преку прогресивни национални и меѓународни мерки ќе обезбедуваат нивно општо и ефикасно признавање и почитување и меѓу народите на земјите – членки и меѓу народите на териториите под нивна јурисдикција.</para>
   </preamble>
   <article number="1">
      <title>Член 1</title>
      <para>Сите човечки суштества се раѓаат слободни и еднакви по достоинство и права. Тие се обдарени со разум и совест и треба да се однесуваат еден кон друг во духот на општо човечката припадност.</para>
   </article>
   <article number="2">
      <title>Член 2</title>
      <para>Сите права и слободи наведени во оваа Декларација им припаѓаат на сите луѓе, без оглед на нивните разлики, како што се: раса, боја, пол, јазик, религија, политичко или друго убедување, национално или општествено потекло, сопственост, раѓање, или друг статус.</para>
      <para>Натаму, нема да се зема предвид политичкиот, правниот или меѓународниот статус на земјата или територијата на која и припаѓа лицето, без разлика дали земјата е независна, под старателство, без самоуправна власт или под каков и да е друг облик на ограничување на нејзиниот суверенитет.</para>
   </article>
   <article number="3">
      <title>Член 3</title>
      <para>Секој има право на живот, слобода и сигурност.</para>
   </article>
   <article number="4">
      <title>Член 4</title>
      <para>Никој нема да биде роб или потчинет; ропството и трговијата со робови ќе бидат забранети во сите нивни форми.</para>
   </article>
   <article number="5">
      <title>Член 5</title>
      <para>Никој нема да биде подложен на тортура или на суров, нехуман или понижувачки третман или казна.</para>
   </article>
   <article number="6">
      <title>Член 6</title>
      <para>Секој има право насекаде да биде признаен како личност пред законот.</para>
   </article>
   <article number="7">
      <title>Член 7</title>
      <para>Сите луѓе се еднакви пред законот и на сите им припаѓа, без никаква дискриминација, еднаква заштита со закон. На сите им припаѓа еднаква заштита од каква и да е дискриминација, што е во спротивност на оваа Декларација и од какво и да е поттикнување на таква дискриманција.</para>
   </article>
   <article number="8">
      <title>Член 8</title>
      <para>Секој има право на ефикасни правни лекови пред надлежните национални судови за дела што ги кршат основните права што му припаѓаат според уставот или законот.</para>
   </article>
   <article number="9">
      <title>Член 9</title>
      <para>Никој човек нема да биде подложен на произволно апсење, притвор или прогонување.</para>
   </article>
   <article number="10">
      <title>Член 10</title>
      <para>Секој има потполно еднакво право на праведно и јавно судење пред независен и непристрасен суд, при одредувањето на неговите права и обврски и во услови на какво и да е кривично обвинение против него.</para>
   </article>
   <article number="11">
      <title>Член 11</title>
      <orderedlist>
         <listitem>
            <para>Секој обвинет за кривично дело има право да се претпоставува дека е невин се додека не се докаже неговата вина во согласнсот со закон и на јавно судење, на кое тој ги има сите гаранции неопходни за неговата одбрана.</para>
         </listitem>
         <listitem>
            <para>Никој нема да се смета за виновен за кое и да е кривично дело поради дејство или пропуст, што не претставувале кривично дело според националното или меѓународното право во времето кога тоа било сторено. Исто така, не смее да се изрече казна поголема од онаа што се применувала во времето кога било сторено кривичното дело.</para>
         </listitem>
      </orderedlist>
   </article>
   <article number="12">
      <title>Член 12</title>
      <para>Никој нема да биде изложен на произволно вмешување во неговиот приватен и семеен живот, домот или преписката, ниту пак на напади врз неговата чест и углед. Секој има право на правна заштита од таквото вмешување или напади.</para>
   </article>
   <article number="13">
      <title>Член 13</title>
      <orderedlist>
         <listitem>
            <para>Секој има право на слобода на движење и живеалиште во рамките на границите на секоја држава.</para>
         </listitem>
         <listitem>
            <para>Секој има право да ја напушти земјата, вклучувајќи ја и неговата сопствена земја, како и да се врати во својата земја.</para>
         </listitem>
      </orderedlist>
   </article>
   <article number="14">
      <title>Член 14</title>
      <orderedlist>
         <listitem>
            <para>Секој има право во друга држава да бара и да ужива азил поради прогонување.</para>
         </listitem>
         <listitem>
            <para>Луѓето не можат да се повикаат на ова право во случај на прогонување што произлегува од неполитички злосторства или од дејствија што се спротивни на целите и начелата на Обединетите нации.</para>
         </listitem>
      </orderedlist>
   </article>
   <article number="15">
      <title>Член 15</title>
      <orderedlist>
         <listitem>
            <para>Секој има право на државјанство.</para>
         </listitem>
         <listitem>
            <para>Никому не смее произволно да му биде одземено неговото државјанство, ниту пак ќе му се порекне правото да го промени државјанството.</para>
         </listitem>
      </orderedlist>
   </article>
   <article number="16">
      <title>Член 16</title>
      <orderedlist>
         <listitem>
            <para>Полнолетните мажи и жени, без никакви ограничувања врз основа на расата, националноста или религијата, имаат право да стапат во брак и да основаат семејство. Ним им припаѓаат еднакви права пред бракот, за време на бракот и по неговото раскинување.</para>
         </listitem>
         <listitem>
            <para>Бракот ќе се склучи само со слободна и целосна согласност на идните брачни другари.</para>
         </listitem>
         <listitem>
            <para>Семејството е природна и основна ќелија на општеството и има право на заштита од страна на општеството и државата.</para>
         </listitem>
      </orderedlist>
   </article>
   <article number="17">
      <title>Член 17</title>
      <orderedlist>
         <listitem>
            <para>Секој човек има право на сопственост, како самостојно, така и заедно со други.</para>
         </listitem>
         <listitem>
            <para>Никој нема да биде произволно лишен од неговата сопственост.</para>
         </listitem>
      </orderedlist>
   </article>
   <article number="18">
      <title>Член 18</title>
      <para>Секој има право на слобода на мислата, совеста и религија. Ова право ја вклучува и слободата – човекот да ја промени својата религија или убедување, како и слободата – човекот, индивидуално или во заедница со други луѓе, приватно или јавно, да ја манифестира својата религија или убедување преку подучување, практикување, одржување служби или обреди.</para>
   </article>
   <article number="19">
      <title>Член 19</title>
      <para>Секој има право на слобода на мислење и изразување. Ова право ја вклучува и слободата да се застапува одредено мислење без никакво вмешување и да се бараат, да се примаат и да се даваат информации и идеи преку медиумите и без оглед на границите.</para>
   </article>
   <article number="20">
      <title>Член 20</title>
      <orderedlist>
         <listitem>
            <para>Секој има право на слобода на мирни собири и здружување.</para>
         </listitem>
         <listitem>
            <para>Никој не може да биде принуден да членува во некое здружение.</para>
         </listitem>
      </orderedlist>
   </article>
   <article number="21">
      <title>Член 21</title>
      <orderedlist>
         <listitem>
            <para>Секој има право да учествува во управувањето со неговата земја, непосредно или преку слободно избрани претставници.</para>
         </listitem>
         <listitem>
            <para>Секој има право на еднаков пристап кон јавните служби во неговата земја.</para>
         </listitem>
         <listitem>
            <para>Волјата на народот ќе биде основата на власта, волјата на народот ќе се изразува на повремени и автентични избори, што ќе се одржуваат, со универзално и еднакво право на глас и со тајно гласање или според соодветните процедури на слободно гласање.</para>
         </listitem>
      </orderedlist>
   </article>
   <article number="22">
      <title>Член 22</title>
      <para>Секој, како член на општеството, има право на социјана сигурност и има право да ги остваува своите економски, социјални и културни права, неделиви од неговото достоинство и слободниот развој на неговата личност, и тоа преку национални напори и меѓународна соработка и во согласност со поредокот и потенцијалите на секоја држава.</para>
   </article>
   <article number="23">
      <title>Член 23</title>
      <orderedlist>
         <listitem>
            <para>Секој има право на работа, слободен избор на работно место, праведни и поволни услови за работа и заштита од невработеност.</para>
         </listitem>
         <listitem>
            <para>Секој, без каква и да е дискриминација, има право на еднаква плата за иста работа.</para>
         </listitem>
         <listitem>
            <para>Секој кој работи има право на праведен и соодветен надоместок што нему и на неговото семејство ќе им обезбеди достоинствен живот, а кој надоместок ќе биде надополнет, до колку е неопходно, со други средства на социјална заштита.</para>
         </listitem>
         <listitem>
            <para>Секој има право да основа и да се зачленува во синдикати заради заштита на неговите интереси.</para>
         </listitem>
      </orderedlist>
   </article>
   <article number="24">
      <title>Член 24</title>
      <para>Секој има право на одмор и слободно време, вклучувајќи ги тука и разумното ограничување на работното време и правото на повремен платен одмор.</para>
   </article>
   <article number="25">
      <title>Член 25</title>
      <orderedlist>
         <listitem>
            <para>Секој има право на животен стандард што нему и на неговото семејство ќе им обезбеди здравје и добробит, вклучувајќи храна, облека, живеалиште и медицинска грижа и неопходни социјални услуги, и право на осигурување во случај на невработеност, болест, инвалидност, вдовство, старост или во друг случај на недостаточни средства за живот поради околности што се надвор од неговата контрола.</para>
         </listitem>
         <listitem>
            <para>На мајките и на децата им припаѓаат посебна грижа и помош. Сите деца, без оглед на тоа дали се вонбрачни или не, ќе ја уживаат истата социјална заштита.</para>
         </listitem>
      </orderedlist>
   </article>
   <article number="26">
      <title>Член 26</title>
      <orderedlist>
         <listitem>
            <para>Секој има право на образование. Образованието ќе биде бесплатно, барем на ниво на основно образование. Основното образование ќе биде задолжително. Техничкото и стручното образование ќе бидат општо достапни, а пристапот кон високото образование ќе биде достапно за сите врз основа на заслужените оценки.</para>
         </listitem>
         <listitem>
            <para>Образованието ќе биде насочено кон целосниот развој на човековата личност и кон зајакнување и почитување на човековите права и основни слободи. Со него ќе се унапредува разбирањето, толеранцијата и пријателството меѓу сите народи, расни и религиозни групи и ќе се унапредуваат активностите на Обединетите нации за одржување на мирот.</para>
         </listitem>
         <listitem>
            <para>Родителите имаат првенственото право да го изберат видот на образованието што ќе им биде дадено на нивните деца.</para>
         </listitem>
      </orderedlist>
   </article>
   <article number="27">
      <title>Член 27</title>
      <orderedlist>
         <listitem>
            <para>Секој има право слободно да учествува во културниот живот на заедницата, да ужива во уметноста и да го споделува научниот напредок и неговите благодети.</para>
         </listitem>
         <listitem>
            <para>Секој има право на заштита на моралните и материјални интереси што произлегуваат од кое и да е научно, литературно или уметничко дело, чиј автор е тој.</para>
         </listitem>
      </orderedlist>
   </article>
   <article number="28">
      <title>Член 28</title>
      <para>Секој има право на општествен и меѓународен поредок, во кои правата и слободите наведени во оваа Декларација можат да бидат целосно реализирани.</para>
   </article>
   <article number="29">
      <title>Член 29</title>
      <orderedlist>
         <listitem>
            <para>Секој има должности кон заедницата во која единствено е возможен слободниот и целосен развој на неговата личност.</para>
         </listitem>
         <listitem>
            <para>При користењето на своите права и слободи, секој човек ќе подлежи само на такви ограничувања, какви што се определени со закон, со единствена цел да се осигура должното признавање и почитување на правата и слободите на другите и со цел да се задоволат предметните барања во врска со моралот, јавниот ред и општата благостојба во едно демократско општество.</para>
         </listitem>
         <listitem>
            <para>Овие права и слободи во ниту еден случај не можат да бидат користени на начин што е спротивен на целите и принципите на Обединетите нации.</para>
         </listitem>
      </orderedlist>
   </article>
   <article number="30">
      <title>Член 30</title>
      <para>Ниедна одредба од оваа Декларација не може да се толкува, како да и дава какво и да е право на некоја држава, групација или поединец да дејствуваат или да сторат некој акт со цел за рушење на правата или слободите предвидени со оваа Декларација.</para>
   </article>
</udhr>