<?xml version="1.0" encoding="UTF-8"?>

<!--© The Office of the High Commisioner for Human Rights-->

<udhr iso639-3='lat' xml:lang='la' key='lat' n='Latin' dir='ltr' iso15924='Latn' xmlns="http://www.unhchr.ch/udhr">
   <title>DECLARATIONEM HOMINIS IURIUM UNIVERSAM</title>
   <preamble>
      <title>EXORDIUM</title>
      <para>Omnium humanae gentis partium perspecto et cognito consensum fidemque propriae dignitatis atque iurium, quae omni tempore aequa et paria esse debent nec alienari possunt, totius terrae libertatis iustitiae pacis esse initium;</para>
      <para>hominis iurium perspecto et cognito contemptum et neglegentiam ea facinora atrocia tulisse ut morum humanorum conscientiam religionemque minuerint, atque etiam aetatis initium, qua omnes homines loquendi libertate et credendi utantur, nihil terroris indigentiaeque timentes, maximum, quod homo expetiverit, renuntiatum;</para>
      <para>hominis iura perspecto et cognito legum regimine defendi necesse, si cupiunt hominem, ultima ratione, ad nimiae vexationi ac crudeli dominationi reclamitandum non sollicitari;</para>
      <para>Gentium coniunctionibus perspecto et cognito magis magisque in dies faveri necesse;</para>
      <para>Gentium Coniunctarum perspecto et cognito nationes in Constitutione propria iuribus hominis praecipuis fidem se habere confirmavisse, ipsius hominis dignitati et virtuti, aequis inter homines, vel virum vel mulierem, iuribus, praeterea non modo progressioni generis humani communi se favere decrevisse, sed etiam rationibus vivendi in latiore facultate prosperioribus;</para>
      <para>Civitates Socias perspecto et cognito, salva fide, de maxima verecundia et certa observantia hominis iurium et omnium praecipuarum libertatum firmandis, auxilio cum cunctis Gentibus Coniunctis conferendo, esse pollicitas;</para>
      <para>ad eadem officia persolvenda perspecto et cognito communem formam rationemque, et eorundem iurium et libertatum, maximi esse momenti et ponderis;</para>
      <para>itaque</para>
      <para>PUBLICUS NATIONUM COETUS</para>
      <para>HANC DECLARATIONEM HOMINIS IURIUM UNIVERSAM</para>
      <para>PROMULGANT</para>
      <para>Omnibus civibus et gentibus speciem perfectam et communem adipiscendam, ut omnes homines et omnes societatis partes, memoriam Declarationis tenentes, et docendo et instituendo, eorundem iurium et libertatum observantiam reverentiamque augeri conentur, atque, patriis consiliis et externis in dies progredientibus, communem omnium et certam probationem rationemque esse tuta, cum Sociarum Civitatum civium tum civium, quorum fines in iurisdictionis earundem potestate sint et dicione.</para>
   </preamble>
   <article number="1">
      <title>I</title>
      <para>Omnes homines dignitate et iure liberi et pares nascuntur, rationis et conscientiae participes sunt, quibus inter se concordiae studio est agendum.</para>
   </article>
   <article number="2">
      <title>II</title>
      <para>Omnium hominum propria sunt quae iura et libertates in hac DECLARATIONE enuntiantur: generis,vultus, sexus, linguae, religionis, opinionis civilis, nullo discrimine atque sine natione divitiis loco discretis.</para>
      <para>Praeterea nullum discrimen statuetur civitatis forma et iuris aut gentium, regionis aut territorii cuius quidam est, sive ea regio aut territorium sui iuris est vel in administrationis fiduciariae dicione vel non liberum vel in cuiuslibet imperii modi potestate.</para>
   </article>
   <article number="3">
      <title>III</title>
      <para>Suae quisque ipsius vitae, libertatis, incolumitatis potestatem habet.</para>
   </article>
   <article number="4">
      <title>IV</title>
      <para>Homo nemo iugo et servitute oppressus teneri poterit; nullo pacto, servitus et mancipiorum commercium.</para>
   </article>
   <article number="5">
      <title>V</title>
      <para>Homo nemo in cruciatum poterit dari, suppliciis atrocibus adhibendis.</para>
   </article>
   <article number="6">
      <title>VI</title>
      <para>Suae quisque ipsius probationis potestatem habet, ubicumque gentium, personae rationalis et civilis.</para>
   </article>
   <article number="7">
      <title>VII</title>
      <para>Omnes homines ea lege, qua aequo modo defendantur, sunt pares, sine ullo discrimine. Omnes homines lege aequa suae ipsorum defensionis ius habent ab omni discrimine quod eam DECLARATIONEM violet, atque ab omni incitamento ad id discrimen efficiendum.</para>
   </article>
   <article number="8">
      <title>VIII</title>
      <para>Suae quisque ipsius appellationis ad idonea tribunalia patria de facinoribus quae maxima et iusta iura violent ei relata a rei publicae institutis vel legibus, potestatem habet.</para>
   </article>
   <article number="9">
      <title>IX</title>
      <para>Homo nemo sine causa prehendi, custodia teneri, vel exilio poterit affici.</para>
   </article>
   <article number="10">
      <title>X</title>
      <para>Sui quisque, pari iure, iudices aeque ac coram omnibus adeundi potestatem habet, qui non opinioni obnoxii sint sed integri, ut iura officiaque sua constituantur atque criminis contra se iustae causae.</para>
   </article>
   <article number="11">
      <title>XI</title>
      <orderedlist>
         <listitem>
            <para>Suae quisque ipsius innocentiae coniectae, sceleris accusatus, omni de defendenda causa auctoritate comparata et fide accepta, dum culpa ex lege in publico iudicio ostenta erit, potestatem habet.</para>
         </listitem>
         <listitem>
            <para>Homo nemo damnari poterit, si iussum, quod ipso hoc tempore aut ex domestico iure aut ex gentium non fuerit scelus, perpetraverit vel praetermiserit. Item nulla poena maior quam quae, scelere commisso, iure potest dici, irroganda.</para>
         </listitem>
      </orderedlist>
   </article>
   <article number="12">
      <title>XII</title>
      <para>Homo nemo intercessiones, sine causa, adire in suae ipsius vitae genus,familiam, domum, mutuam corresponsionem neque in sui fama detrimenta capere poterit. Suae quisque ipsius tutelae, ex lege contra easdem intercessiones aut detrimenta, potestatem habet.</para>
   </article>
   <article number="13">
      <title>XIII</title>
      <orderedlist>
         <listitem>
            <para>Suae quisque et motus et sedis domiciliique, in omnium civitatum finibus, libertatis potestatem habet.</para>
         </listitem>
         <listitem>
            <para>Suam quisque potestatem habet quamlibet regionem atque suam relinquendi, in eandemque revertendi.</para>
         </listitem>
      </orderedlist>
   </article>
   <article number="14">
      <title>XIV</title>
      <orderedlist>
         <listitem>
            <para>Suae quisque comparationis et usus, inter alias gentes, hospitii potestatem habet, vexationum causa.</para>
         </listitem>
         <listitem>
            <para>Quod ius non appellari potest, cum homo criminibus non publicis perquiratur vel rebus adversis Gentium Coniunctarum consiliis et rationibus.</para>
         </listitem>
      </orderedlist>
   </article>
   <article number="15">
      <title>XV</title>
      <orderedlist>
         <listitem>
            <para>Suae quisque ipsius civitatis potestatem habet.</para>
         </listitem>
         <listitem>
            <para>Homo nemo sua civitate sine causa demi poterit nec civitatis iure mutandae.</para>
         </listitem>
      </orderedlist>
   </article>
   <article number="16">
      <title>XVI</title>
      <orderedlist>
         <listitem>
            <para>Viri et feminae ius est ut, matrimonio aetate idonea, iungantur et familiam habeant, nullo modo generi, civitati, religioni imposito. Quibus de nuptiis, per nuptias, nuptiis dirimendis, paria iura.</para>
         </listitem>
         <listitem>
            <para>Nuptiae constitui possunt ipsis futuris coniugibus libere planeque consentientibus.</para>
         </listitem>
         <listitem>
            <para>Familia, societatis nucleus naturalis et praecipuus, ius utendi praesidio habet societatis et Rei Publicae.</para>
         </listitem>
      </orderedlist>
   </article>
   <article number="17">
      <title>XVII</title>
      <orderedlist>
         <listitem>
            <para>Sui quisque ipsius patrimonii atque inter alios communis potestatem habet.</para>
         </listitem>
         <listitem>
            <para>Homo nemo suis bonis ex arbitrio potest demi.</para>
         </listitem>
      </orderedlist>
   </article>
   <article number="18">
      <title>XVIII</title>
      <para>Suae quisque libertatis potestatem habet, cogitationis conscientiae religionis; ita ut religionem vel sententiam mutet, atque, solus vel communiter, in sacris docendis, exercendis, observandis, publice et privatim, ea possit colere.</para>
   </article>
   <article number="19">
      <title>XIX</title>
      <para>Suae quisque ipsius libertatis potestatem habet, et opinandi et loquendi, de sua sententia nulla molestia affectus, atque nuntios et opiniones indagandi accipiendi divulgandi omnibus modis et nullis impedimentis.</para>
   </article>
   <article number="20">
      <title>XX</title>
      <orderedlist>
         <listitem>
            <para>Suae quisque ipsius libertatis potestatem habet, et iure et honeste conveniendi et congregandi.</para>
         </listitem>
         <listitem>
            <para>Homo nemo, ut congregationi intersit, potest cogi.</para>
         </listitem>
      </orderedlist>
   </article>
   <article number="21">
      <title>XXI</title>
      <orderedlist>
         <listitem>
            <para>Suae quisque rei publicae imperio intersit et per personam ipsam et per legatos sua sponte electos, legibus ferendis.</para>
         </listitem>
         <listitem>
            <para>Sui quisque aditus potestatem habet ad rei publicae officia, exaequatis condicionibus.</para>
         </listitem>
         <listitem>
            <para>Populi consensus principium est publicae potestatis; qui consensus certis temporibus veridicis et paribus omnium suffragiis, per tabellam est declarandus, vel pari iudicio liberi suffragii.</para>
         </listitem>
      </orderedlist>
   </article>
   <article number="22">
      <title>XXII</title>
      <para>Suae quisque ipsius incolumitatis vitae, in hominum societate, potestatem habet etiamque civium conatu et gentium auxilio pro singularum rerum publicarum temperatione et opibus, operis ad rei familiaris et civilis curam et ad doctrinam pertinentis, necessarii ad propriae personae dignitatem et maturitatem.</para>
   </article>
   <article number="23">
      <title>XXIII</title>
      <orderedlist>
         <listitem>
            <para>Suae quisque ipsius industriae potestatem habet, optionis munus solvendi, aequis condicionibus oblatis atque nulla opera intermissa.</para>
         </listitem>
         <listitem>
            <para>Suae quisque mercedis, nullo discrimine, cum pari opera convenientis potestatem habet.</para>
         </listitem>
         <listitem>
            <para>Quicumque in opera est, aequae et idoneae remunerationis ius habet ita ut sibi et familiae pro humana dignitate tutam vitam prospiciat, quae, si oporteat, aliis tutelae et fidei modis cumuletur.</para>
         </listitem>
         <listitem>
            <para>Suae quisque constitutionis propriae potestatem habet, collegiorum operarum, atque accessionis commoda defendendi causa.</para>
         </listitem>
      </orderedlist>
   </article>
   <article number="24">
      <title>XXIV</title>
      <para>Sui quisque corporis et animi relaxationis ius habet, aliquot horis profestis ennumeratis et diebus feriatis, mercede persoluta.</para>
   </article>
   <article number="25">
      <title>XXV</title>
      <orderedlist>
         <listitem>
            <para>Suae quisque ipsius rationis vivendae ius habet, quod bonae et integrae valetudini caveat, commodo suo et familiae, singulari cura victus, vestis, domicilii, et curationis munerum et societatis vitae officiorum utilium; praeterea ius habet eiusdem tutelae, si sine opere fuerit, si in morbo inciderit, si infirmus, viduus, senex aut defectus a copiis, invitus.</para>
         </listitem>
         <listitem>
            <para>Gignendi tempus et puerilis aetas maxima cura custodienda sunt. Omnibus pueris, et matrimonium et extra idem natis, eadem est humanae societatis tutela.</para>
         </listitem>
      </orderedlist>
   </article>
   <article number="26">
      <title>XXVI</title>
      <orderedlist>
         <listitem>
            <para>Suae quisque ipsius doctrinae ius habet, quae de classibus puerilibus est gratuita et praecipua; praeterea doctrina primaria verum necessaria; doctrina, ad artem et munus pertinens, ab omnibus intellegi debet; denique ad ordinem superiorem aeque omnibus pro merito patens.</para>
         </listitem>
         <listitem>
            <para>Toti personae maturitati disciplina est dicanda, iurum et libertatum confirmationi et rationi, qua disciplina omnes gentes, omnia genera, omnes religiones intelligenda, observanda, amanda sunt, atque officiis Coniunctarum Gentium favendum ad pacem servandam.</para>
         </listitem>
         <listitem>
            <para>Parentium potestas est ut disciplinas, quibus liberi imbuantur, elegant.</para>
         </listitem>
      </orderedlist>
   </article>
   <article number="27">
      <title>XXVII</title>
      <orderedlist>
         <listitem>
            <para>Sui quisque ipsius arbitrii ita potestatem habet ut vitae ad societatis doctrinam pertinenti particeps sit et artibus perfruatur, cum scientiae incrementis beneficiisque vehementer studeat.</para>
         </listitem>
         <listitem>
            <para>Suae quisque tutelae ius habet morum rationis utilitatis quae ex suis studiis scientiae litterarum artium efficiantur.</para>
         </listitem>
      </orderedlist>
   </article>
   <article number="28">
      <title>XXVIII</title>
      <para>Suae quisque ipsius disciplinae societatis et gentium qua eiusdem DECLARATIONIS iura et libertates plane fieri possint, potestatem habet.</para>
   </article>
   <article number="29">
      <title>XXIX</title>
      <orderedlist>
         <listitem>
            <para>Omnibus hominibus ad sodalicium officium est praestandum, quo modo mentes animique excoli possint.</para>
         </listitem>
         <listitem>
            <para>Sua quisque ipsius iura exercens et libertates derogationibus lege decretis afficiatur ad iurium aliorum et libertatum cognitionem et obsequium praestanda et ad morum legitimas necessitates explendas atque rei publicae tranquillitatis et communis commodi in populari societate.</para>
         </listitem>
         <listitem>
            <para>Contra Coniunctarum Gentium proposita et principia numquam haec iura et hae libertates exerceri possunt.</para>
         </listitem>
      </orderedlist>
   </article>
   <article number="30">
      <title>XXX</title>
      <para>Cuius DECLARATIONIS nulla res ita potest putari ut quoddam ius exercendae operae vel faciendi facinoris detur cuivis civitati, aliquot hominibus vel uni e multis, ut aliquot iurium et aliquot libertatum eiusdem labefactentur.</para>
   </article>
</udhr>