<?xml version="1.0" encoding="UTF-8"?>

<!--© The Office of the High Commisioner for Human Rights-->

<udhr iso639-3='heb' xml:lang='he' key='heb' n='Hebrew' dir='rtl' iso15924='Hebr' xmlns="http://www.unhchr.ch/udhr">
   <title>הכרזה לכל באי עולם בדבר זכויות האדם</title>
   <preamble>
      <para>הואיל והכרה בכבוד הטבעי אשר לכל בני משפהת האדם ובזכויותיהם השוות והבלתי נפקעות הוא יסוד החופש, הצדק והשלום בעולם.</para>
      <para>הואיל והזלזול בזכויות האדם וביזוין הבשילו מעשים פראיים שפגעו קשה במצפונה של האנושות; ובנין עולם, שבו ייהנו כל יצורי אנוש מחירות הדיבור והאמונה ומן החירות מפחד וממחסור, הוכרז כראש שאיפותיו של כל אדם.</para>
      <para>הואיל והכרח חיוני הוא שזכויות האדם תהיינה מוגנות בכוח שלטונו של החוק, שלא יהא האדם אנוס, כמפלט אחרון, להשליך את יהבו על מרידה בעריצות ובדיכזי.</para>
      <para>הואיל והכרח חיוני הוא לקדם את התפתחותם של יחסי ידידות בין האומות.</para>
      <para>הואיל והעמים המאוגדים בארגון האומות המאוחדות חזרו ואישרו במגילה את אמונתם בזכויות היסוד של האדם, בכבודה ובערכה של אישיותו ובזכות שווה לגבר ולאשה; ומנוי וגמור אתם לסייע לקדמה חברתית ולהעלאת רמת החיים בתוך יתר חירות.</para>
      <para>הואיל והמדינות החברות התחייבו לפעול, בשיתוף עם ארגון האומות המאוחדות, לטיפול יחס כבוד כללי אל זכויות האדם ואל חירויות היסוד והקפדה על קיומן.</para>
      <para>הואיל והבנה משותפת במהותן של זכויות וחירויות אלה הוא תנאי חשוב לקיומה השלם של התחייבות זו.</para>
      <para>לפיכך מכריזש העצרת באזני כל באי העולם את ההכרזש הזאת בדבר זכויות האדם כרמת הישגים כללית לכל העמים והאומות, כדי שכל יחיד וכל גוף חברתי ישווה תמיד לנגד עיניו וישאף לטפח, דרך לימוד וחינוך, יחס של כבוד אל הזכויות ואל החירויות הללו, ולהבטיח באמצעים הדרגתיים, לאומיים ובינלאומיים, שההכרה בעקרונות אלה וההקפדה עליהם תהא כללית ויעילה בקרב אוכלוסי המדינות החברות ובקרב האוכלוסים שבארצות שיפוטם.</para>
   </preamble>
   <article number="1">
      <title>סעיף א.</title>
      <para>כל בני אדם נולדו בני חורין ושווים בערכם ובזכויותיהם. כולם חוננו בתבונה ובמצפון, לפיכך חובה עליהם לנהוג איש ברעהו ברוח של אחוה.</para>
   </article>
   <article number="2">
      <title>סעיף ב.</title>
      <para>כל אדם זכאי לזכויות ולחרויות שנקבעו בהכרזש זו ללא הפליה כלשהיא מטעמי גזע, צבע, מין, לשון, דח, דעה פוליטית או דעה בבעיות אחרות, בגלל מוצא לאומי או חברתי, קנין, לידה או מעמד אחר.</para>
      <para>גדולה מזו, לא יופלה אדם על פי מעמדה המדיני, על פי סמכותה או על פי מעמדה הבינלאומי של המדינה או הארץ שאליה הוא שייך, דין שהארץ היא עצמאית, ובין שהיא נתונה לנאמנות, בין שהיא נטולת שלטון עצמי ובין שריבונותה מוגבלת כל הגבלה אחרת.</para>
   </article>
   <article number="3">
      <title>סעיף ג.</title>
      <para>כל אדם יש לו הזכות לחיים, לחרות ולבטחון אישי.</para>
   </article>
   <article number="4">
      <title>סעיף ד.</title>
      <para>לא יהיה אדם עבד או משועבד; עבדות וסחר עבדים יאסרו לכל צורותיהם.</para>
   </article>
   <article number="5">
      <title>סעיף ה.</title>
      <para>לא יהיה אדם נתון לעינויים, ולא ליחס או לעונש אכזריים, בלתי אנושיים או משפילים.</para>
   </article>
   <article number="6">
      <title>סעיף ו.</title>
      <para>כל אדם זכאי להיות מוכר בכל מקום כאשיות בפני החוק.</para>
   </article>
   <article number="7">
      <title>סעיף ז.</title>
      <para>הכל שווים לפני החוק וזכזאים ללא הפליה להגנה שווה של החוק. הכל זכאים להגנה שווה מפני כל הפליה המפירה את מצוות ההכרזש הזאת ומפני כל הסתה להפליה כזו.</para>
   </article>
   <article number="8">
      <title>סעיף ח.</title>
      <para>כל אחד זכאי לתקנה יעילה מטעם בחי הדין הלאומיים המוסמכים נגד מעשים המפירים את זכויות היסוד שניתנו לו על פי החוקה והחוקים.</para>
   </article>
   <article number="9">
      <title>סעיף ט.</title>
      <para>לא ייאסר אדם, לא ייעצר ולא יוגלה באופן שרירותי.</para>
   </article>
   <article number="10">
      <title>סעיף י.</title>
      <para>כל אדם זכאי, מתוך שויון גמור עם זולתו, למשפט הוגן ופומבי של בית-דין כלתי תלוי וללא משוא פנים בשעה שבאים לקבוע זכויותיו וחובותיו ולברר כל אשמה פלילית שהובאה נגדו.</para>
   </article>
   <article number="11">
      <title>סעיף יא.</title>
      <orderedlist>
         <listitem>
            <para>אדם שנאשם בעבירה פלילית חזקתו שהוא זכאי, עד שלא הוכחה אשמתו כחוק במשפט פומבי שבי ניתנו לו כל הערובות הדרושות להגנתו.</para>
         </listitem>
         <listitem>
            <para>לא יורשע אדם בעבירה פלילית על מעשה או על הזנחה שלא נחשבו בשעתם לעבירה פלילית לפי החוק הלאומי או הבינלאומי. לא יוטל עונש חמור מהעונש שהיה נוהג בזמן שעבר את העבירה הפלילית.</para>
         </listitem>
      </orderedlist>
   </article>
   <article number="12">
      <title>סעיף יב.</title>
      <para>לא יהא אדם נתון להתערבות שרירותית בחייו הפרטיים, במשפחתו, במעונו, בחליפת מכתבים שלו ולא לפגיעה בכבודו או בשמו הפוב. כל אדם זכאי להגנת החוק בפני התערבות או פגיעה באלה.</para>
   </article>
   <article number="13">
      <title>סעיף יג.</title>
      <orderedlist>
         <listitem>
            <para>כל אדם זכאי לחופש תנועה ומגורים בתוך כל מדיוה.</para>
         </listitem>
         <listitem>
            <para>כל אדם זכאי לעזוב כל ארץ, לרבות ארצו, ולחזור אל ארצו.</para>
         </listitem>
      </orderedlist>
   </article>
   <article number="14">
      <title>סעיף יד.</title>
      <orderedlist>
         <listitem>
            <para>כל אדם זכאי לבקש ולמצוא בארצות אחרות מקלט מרדיפות.</para>
         </listitem>
         <listitem>
            <para>אין להסתמך על זכות זו במקרה של האשמה פלילית שמקורה האמיתי במעשי פשע לא-מדיניים או במעשים שהם בניגוד למטרותיהן ולעקרונותיהן של האומות המאוחדות.</para>
         </listitem>
      </orderedlist>
   </article>
   <article number="15">
      <title>סעיף טו.</title>
      <orderedlist>
         <listitem>
            <para>כל אדם זכאי לאזרחות.</para>
         </listitem>
         <listitem>
            <para>לא תישלל מאדם אזרחותו דרך שרירות ולא תקופח דרך שרירות זכותו להחליף את אזרחותו.</para>
         </listitem>
      </orderedlist>
   </article>
   <article number="16">
      <title>סעיף טז.</title>
      <orderedlist>
         <listitem>
            <para>כל איש ואשה שהגיעו לפרקם רשאים לבוא בברית הנשואין ולהקים משפחה, ללא כל הגבלה מטעמי גזע, אזרחות או דת. הם זכאים לזכויות שוות במעשה הנשואין בתקופת הנשואין ובשעת ביפולם.</para>
         </listitem>
         <listitem>
            <para>נישואין יערכו רק מתוך הסמה חופשית ומלאה של בני הזוג המיועדים.</para>
         </listitem>
         <listitem>
            <para>המשפחה היא היחידה הטבעית והבסיסית של החברה וזכאית להגנה של החברה והמדינה.</para>
         </listitem>
      </orderedlist>
   </article>
   <article number="17">
      <title>סעיף יז.</title>
      <orderedlist>
         <listitem>
            <para>כל אדם זכאי להיות בעל קנין, בין לבדו ובין ביחד עם אחרים.</para>
         </listitem>
         <listitem>
            <para>לא יישלל מאדם קנינו דרך שרירות.</para>
         </listitem>
      </orderedlist>
   </article>
   <article number="18">
      <title>סעיף יח.</title>
      <para>כל אדם זכאי לחירות המחשבה, המצפון והדת; חירות זו כוללת את הזכות להמיר את דתו או את אמונתו ולתת בטוי לדתו או לאמונתו, לבדו או כציבור, ברשות היחיד או ברשות הרבים, דרך הוראה, נוהג, פולחן ושמירת מצוות.</para>
   </article>
   <article number="19">
      <title>סעיף יט.</title>
      <para>כל אדם זכאי לחירות הדעה והבטוי, לרבות החירות להחיק בדעות ללא כל הפרעה, ולבקש ידיעות ודעות, ולקבלן ולמסרן בכל הדרכים וללא סייגי גבולות.</para>
   </article>
   <article number="20">
      <title>סעיף ב.</title>
      <orderedlist>
         <listitem>
            <para>כל אדם זכאי לחירות ההתאספות וההתאגדות בדרכי שלום.</para>
         </listitem>
         <listitem>
            <para>לא יכפו על אדם השתייכות לאגודה.</para>
         </listitem>
      </orderedlist>
   </article>
   <article number="21">
      <title>סעיף כא.</title>
      <orderedlist>
         <listitem>
            <para>כל אדם זכאי להשתתף בהנהלת ארצו, בין השתתפות ישירה ובין דרך נציגות שובחרה בבחירות חופשיות.</para>
         </listitem>
         <listitem>
            <para>כל אדם זכאי לשויון בכניסן בכניסה לשירות במנגנון של ארצו.</para>
         </listitem>
         <listitem>
            <para>רצון העם הוא היסוד לסמכותה של הממשלה. העם ידיע את רצונו בבחירות כשרות הנשנות לעיתים מזזמנות, לפי זכות בחירה כללית ושווה ובהצבעה חשאית, או לפי סדר של בחירה חופשית כיוצא בזש.</para>
         </listitem>
      </orderedlist>
   </article>
   <article number="22">
      <title>סעיף כב.</title>
      <para>כל אדם, כחבר החברה, זכאי לבטחון סוציאלי וזכאי לתבוע שהזכויות הכלכליות הסוציאליות והתרבותיות, שהן חיוניות לכבודו כאדם ולהתפתחות החופשית של אישיותו, יובטחו במשמץ לאומי ובשיתוף פעולה בינלאומי בהתאם לארגונה ולאוצרותיה של המדינה.</para>
   </article>
   <article number="23">
      <title>סעיף כג.</title>
      <orderedlist>
         <listitem>
            <para>כל אדם זכאי לעבודה, לבחירה חופשית של עבודתו, לתנאי עבודה צודקים והוגנים ולהגנה מפני אבטלה.</para>
         </listitem>
         <listitem>
            <para>כל אדם, ללא כל הפכיה, זכאי לשכר שווה בעד עבודה שווה.</para>
         </listitem>
         <listitem>
            <para>כל עובד זכאי לשכר צודק והוגן, אשר יבטיח לו ולבני ביתו קיום הראוי לכבוד האדם שיושלם, אם יהיה צורך בכך, על ידי אמצעים אחרים של הגנה סוציאלית.</para>
         </listitem>
         <listitem>
            <para>כל אדם זכאי לאגד אגודות מקצועיות ולהצטרף לאגודות כדי להגן על עניניו.</para>
         </listitem>
      </orderedlist>
   </article>
   <article number="24">
      <title>סעיף כד.</title>
      <para>כל אדם זכאי למנוחה ולפנאי, ובכלל זש הגבלת שעות העבודה במידה המתקבלת על הדעת וחופשה בשכר לעיתים מזומנות.</para>
   </article>
   <article number="25">
      <title>סעיף כה.</title>
      <orderedlist>
         <listitem>
            <para>כל אדם זכאי לרמת חיים נאותה לבריאותם ולרווחתם, שלו ושל בני ביתנ. לרבות מזון, לבוש, שיכון, טיפול רפואי, שירותים סוציאליים כדרוש וזכות לבטחון במקרה של אבטלה, מחלה, אי-כושר לעבודה, אלמון, זקנה או מחסור אחר בנסיבות שאינן תלויות בו.</para>
         </listitem>
         <listitem>
            <para>אמהות וילדות זכאיות לטיפול מיוחד ולסיוע. כל הילדים, בין שנולדו בנשואין או שלא בנשואין, יהנו במידה שווה מהגנה סוציאלית.</para>
         </listitem>
      </orderedlist>
   </article>
   <article number="26">
      <title>סעיף כו.</title>
      <orderedlist>
         <listitem>
            <para>כל אדם זכאי לחינוך. החינוך ינתן חינם, לפחות בשלבים הראשונים והיסודיים; החינוך בשלב הראשון הוא חובה. החינוך הטכני והמקצועי יהיה מצוי לכל, והחינוך הגבוה יהיה פתוח לכל במידה שווה שעל יסוד הכשרון.</para>
         </listitem>
         <listitem>
            <para>החינוך יכוון לפיתוחה המלא של האישיות ולטיפוח יחס כבוד לזכויות האדם ולחירויות היסודיות; החינוך יטפח הבנה, סובלנות וידידות בין כל העמים והקיבוצים הדתיים והגזעיים, ויסייע למאמץ של האומות המאוחדות לקיים את השלום.</para>
         </listitem>
         <listitem>
            <para>להורים זכות בכורה לבחור את דרך החינוך ליליהם.</para>
         </listitem>
      </orderedlist>
   </article>
   <article number="27">
      <title>סעיף כז.</title>
      <orderedlist>
         <listitem>
            <para>אדם זכאי להשתתף תוך חירות בחייו התרבותיים של הציבור, ליהנות מהאמנויות ולהיות שותף בהתקדמות המדע ובברכתו.</para>
         </listitem>
         <listitem>
            <para>כל אדם זכאי לוגנת האינטרסים המוסריים והחמריים הכרוכים בכל יצירה מדעית, ספרותית, או אמנותית שהיא פרי רוחו.</para>
         </listitem>
      </orderedlist>
   </article>
   <article number="28">
      <title>סעיף כח.</title>
      <para>כל אדם זכאי למשטר סוציאלי ובינלאומי, שבו אפשר יהיה לקיים במלואן את הזכויות והחרויות אשר נקבעו בהכזש זו.</para>
   </article>
   <article number="29">
      <title>סעיף כט.</title>
      <orderedlist>
         <listitem>
            <para>כל אדם יש לו חובות כלפי הכלל, כי רק בתוך הכלל נתונה לו האפשרות להתפתחות החופשית והמלאה של אישיותו.</para>
         </listitem>
         <listitem>
            <para>לא יוגבל אדם בזכויותיו ובחירויותיו, פרט לאותן ההגבלות שנקבעו בחוק על מנת להבטיח את ההכרה בזכויות ובחירויות של הזולת ואת יחס הכבוד אליהן, וכן את מילוי הדרישות הצודקות של המוסר, של הסדר הציבורי ושל טובת הכלל בתוך חברה דמוקרטית.</para>
         </listitem>
         <listitem>
            <para>לעולם לא ישתמשו בזכויות ובחירויות אלה בניגוד למטרותיהן ולעקרונותיהן של האומות המאוחדות.</para>
         </listitem>
      </orderedlist>
   </article>
   <article number="30">
      <title>סעיף ל.</title>
      <para>שום דבר בהכרזש זו לא יתפרש כאילו הוא בא להקנות למדינה, לציבור או ליחיד כל זכות שהיא לעסוק בפעולה או לבצע מעשה שתכליתם לקפח כל זכות או חירות מן הזכויות והחירויות הקבועות בהכרש זאת.</para>
   </article>
</udhr>