<?xml version="1.0" encoding="UTF-8"?>

<!--© The Office of the High Commisioner for Human Rights-->

<!--
replaced U+002D - HYPHEN-MINUS by U+2010 ‐ HYPHEN
-->

<udhr iso639-3='zul' xml:lang='zu' key='zul' n='Zulu' dir='ltr' iso15924='Latn' xmlns="http://www.unhchr.ch/udhr">
  <title>UMBHALO OGCWELE WOGUNYAZO LWAMALUNGELO OLUNTU JIKELELE</title>
  <preamble>
    <title>Isandulelo</title>
    <para>Ngokunjalo ukwamukelwa ngokuzuzwa kwesithunzi samalungelo alinganayo najwayelekile awowonke amalunga omndeni wesintu kuyisisekelo senkululeko, sobulungiswa noxolo emhlabeni,</para>
    <para>Ngokunjalo ukunganakwa nokwedelelwa kwamalungelo esintu kube nomphumela wezenzo zobuqaba eseziqede unembeza kubantu, kanye nomhlaba obhekwe isintu ukuba senamele inkululeko yokukhuluma nokukholwa, inkululeko yokungesabi futhi nokufuna kugunyazwe ugqozi kubobonke abantu,</para>
    <para>Ngokunjalo kudingekile, uma umuntu engenakuphoqwa ukulandela umgudu othize, njengendlela yokugcina, avukele ababusi nabacindezeli, ukuze amalungelo esintu avikelwe ngokubusa ngomthetho,</para>
    <para>Ngokunjalo kudingekile ukuba kwenyuswe ukuthuthukiswa kobungane nobudlelwane phakathi kwezizwe,</para>
    <para>Ngokunjalo abantu beNhlangano yeZizwe bayinqinisile inkolo yabo yengqalasizinda yamalungelo oluntu kuCharter, esithunzini nobuntu emalungelweni alinganayo abesilisa nabesifazane futhi bazimisele ukuqhubela phambili inqubekelaphambili yomphakathi namazinga angcono empilo enkululekweni ethe xaxa,</para>
    <para>Ngokunjalo aMalunga eMibuso azibophezele mathupha ukuthuthukisa, ngokubambisana neNhlangano yeZizwe, ukuthuthukiswa kwenhlonipho emhlabeni wonke nokuqashelwa kwamalungelo oluntu nengqalasizinda yenkululeko,</para>
    <para>Ngokunjalo ukuqondwa kahle ngokufanayo kwalamalungelo nenkululeko kubaluleke kakhulu ukuze lokhu kuzibophezela kuqashelwe,</para>
    <para>MANJE, NGAKHOKE</para>
    <para>UMGWAMANDA</para>
    <para>UNQUMA uGunyazo lwaMalungelo oLuntu Jikelele njengezinga elifanayo lokuthuthukiswa kwabantu nezizwe zonke, ekugcineni okuzokwenza ukuthi umuntu ngamunye kunoma isiphi isigaba somphakathi ngokugcina lolawulo emqondweni baphokophelele ngokufundisa nangemfundo ukuphakamisa inhlonipho yalamalungelo nenkululeko futhi nangenqubekelaphambili, ezweni noma emhlabeni jikelele, baqinisekise ukwamukelwa okuvumelekile nokuqashelwa jikelele ndawozombili phakathi kwabantu baMalunga eMibuso qobo lwabo kanye nabantu abangaphansi kwemibuso yabo.</para>
  </preamble>
  <article number="1">
    <title>Isigaba 1</title>
    <para>Bonke abantu bazalwa bekhululekile belingana ngesithunzi nangamalungelo. Bahlanganiswe wumcabango nangunembeza futhi kufanele baphathane ngomoya wobunye.</para>
  </article>
  <article number="2">
    <title>Isigaba 2</title>
    <para>Wonke umuntu kumele awathole wonke lamalungelo nenkululeko ebhalwe kuloluGunyazo, ngale kokwehlukaniswa, ngokobuhlanga, ngokwebala, ngokobulili, ngokolimi, ngokwenkolo, ezombangazwe noma umbono, ubuzwe noma imvelaphi, umhlaba, ukuzalwa noma isiphi‐ke nje esinye isimo.</para>
    <para>Ngaphezu kwaloko, akukho kuhlukaniswa okuyokwenziwa ngenxa yezombangazwe, isimo sokwenganyelwa kwezwe noma imingcele yezwe umuntu ahlala kulo, noma ngabe uzimelegeqe, ubanjelwe, ozibuse noma uphansi kolawulo olunqunyelwe.</para>
  </article>
  <article number="3">
    <title>Isigaba 3</title>
    <para>Wonke umuntu unelungelo lempilo, lenkululeko nelokuphepha.</para>
  </article>
  <article number="4">
    <title>Isigaba 4</title>
    <para>Akekho oyoba isigqila noma agqilazwe, ukuhweba ngezigqila kuyovinjwa ngezindlela zonke.</para>
  </article>
  <article number="5">
    <title>Isigaba 5</title>
    <para>Akekho oyohlukunyezwa noma aphathwe ngobulwane ajeziswe ngokwehliswa isithunzi.</para>
  </article>
  <article number="6">
    <title>Isigaba 6</title>
    <para>Wonke umuntu unelungelo lokwemukelwa nomaphi njengomuntu phambi komthetho.</para>
  </article>
  <article number="7">
    <title>Isigaba 7</title>
    <para>Sonke siyalingana phambi komthetho futhi kufanele umthetho usivikele ngokulinganayo ngale kokubandlulula. Sonke kufanele sivikelwe ngokulinganayo ekubandlululweni, ngokungagcinwa kwaloluGunyazo futhi nasekukhuthazweni kwanoma luhloboluni lobandlululo.</para>
  </article>
  <article number="8">
    <title>Isigaba 8</title>
    <para>Wonke umuntu unelungelo lokuthola usizo oluyilo ezinkantolo ezibekiwe ngezenzo ezephula isisekelo samalungelo anikezwe wona umthethosisekelo noma umthetho.</para>
  </article>
  <article number="9">
    <title>Isigaba 9</title>
    <para>Akekho oyoboshwa, avelelwe noma adingiswe ngokungekho emthethweni.</para>
  </article>
  <article number="10">
    <title>Isigaba 10</title>
    <para>Wonke umuntu kumele alalelwe obala ngokulingana okugcwele nangeqiniso, inkantolo engavuni futhi ezimele, ekutholweni kwamalungelo akhe nezimiselo zakhe noma ngabe iliphi icala abekwe lona.</para>
  </article>
  <article number="11">
    <title>Isigaba 11</title>
    <orderedlist>
      <listitem>
	<para>Wonke umuntu obekwe icala elidinga isijeziso unelungelo lokuthathwa njengomsulwa kuze kutholakale ukuthi impela unecala ngokomthetho enkantolo evulekile lapho enikwe iziqiniseko ezidingekile zokuzivikela.</para>
      </listitem>
      <listitem>
	<para>Akekho oyotholwa enecala ngecala elidinga isijeziso ngenxa yanoma isiphi isenzo noma iphutha elalingelona icala elidinga isijeziso ngaphansi komthetho wezwe noma kazwelonke, ngenkathi lenzeka. Noma anikwe isijeziso esinzinyana kunaleso esasifanele ngenkathi kwenzeka lelocala.</para>
      </listitem>
    </orderedlist>
  </article>
  <article number="12">
    <title>Isigaba 12</title>
    <para>Akekho okuyogaxekwa, ngokungemthetho ezindabeni zakhe zangasese, emndenini, ekhaya noma ezincwadini azithumelayo nazitholayo, noma ukuhlaselwa kwesithunzi nokuhlonipheka kwakhe. Wonke umuntu unelungelo lokuvikelwa kulokho kuhlaselwa nokugxambukela.</para>
  </article>
  <article number="13">
    <title>Isigaba 13</title>
    <orderedlist>
      <listitem>
	<para>Wonke umuntu unelungelo lokuhamba ngenkululeko nokuhlala phakathi kwemingcele ezungeze imibuso ehlukene.</para>
      </listitem>
      <listitem>
	<para>Wonke umuntu unelungelo lokushiya izwe lakhe, futhi abuye abuyele kulo.</para>
      </listitem>
    </orderedlist>
  </article>
  <article number="14">
    <title>Isigaba 14</title>
    <orderedlist>
      <listitem>
	<para>Wonke umuntu unelungelo lokucela ukuhlala akhosele kwamanye amazwe ebalekela ukuphathwa kabuhlungu.</para>
      </listitem>
      <listitem>
	<para>Lelilungelo alinakusetshenziselwa ukubalekela ukushushiswa okufanele okuvela ngamacala angahlangene nezombangazwe noma ngezenzo ezingqubuzana nezinhloso nemigomo yeNhlangano yeZizwe.</para>
      </listitem>
    </orderedlist>
  </article>
  <article number="15">
    <title>Isigaba 15</title>
    <orderedlist>
      <listitem>
	<para>Wonke umuntu unelungelo lobuzwe.</para>
      </listitem>
      <listitem>
	<para>Akekho oyokwenqatshelwa ngokungemthetho noma ancishwe ilungelo lokuguqula ubuzwe bakhe.</para>
      </listitem>
    </orderedlist>
  </article>
  <article number="16">
    <title>Isigaba 16</title>
    <orderedlist>
      <listitem>
	<para>Abesilisa nabesifazane asebeneminyaka efanele yobudala banelungelo lokuganana bakhe unmdeni, ngale kwezihibe zobuhlanga, ubuzwe noma inkolo. Kufanele babenamalungelo alinganayo ngokomshado, ngenkathi beshadile noma usuhlakazekile umshado.</para>
      </listitem>
      <listitem>
	<para>Umshado kuyongenwa kuwo kuphela ngenkululeko nangemvume ephelele yalabo abashadayo.</para>
      </listitem>
      <listitem>
	<para>Umndeni uyimvelo nesizinda somphakathi okufanele uvikelwe umphakathi noMbuso.</para>
      </listitem>
    </orderedlist>
  </article>
  <article number="17">
    <title>Isigaba 17</title>
    <orderedlist>
      <listitem>
	<para>Wonke umuntu unelungelo lobunikazi bempahla eyedwa noma ehlanganyele nabanye.</para>
      </listitem>
      <listitem>
	<para>Akekho oyokwephucwa ngokungekho emthethweni impahla yakhe.</para>
      </listitem>
    </orderedlist>
  </article>
  <article number="18">
    <title>Isigaba 18</title>
    <para>Wonke umuntu unelungelo lokucabanga ngenkululeko, unembeza nenkolo, lelilungelo lihlanganisa inkululeko yokuguqula ukholo noma inkolelo noma ngabe eyedwa noma nabanye emphakathini, obala noma ngasese, ukucacisa inkolo noma ukukholwa kwakhe ngokufundisa, ngokwenza, nokukhonza nangokulandela.</para>
  </article>
  <article number="19">
    <title>Isigaba 19</title>
    <para>Wonke umuntu unelungelo lokuveza umbono ngenkululeko, lelilungelo lihlanganisa inkululeko yokubeka imibono ngaphandle kokuthikanyezwa, futhi nokuthungatha, ukwamukela nokukhipha ulwazi nemiqondo nganoma iyiphi indlela yokusakaza ngale kwezihibe.</para>
  </article>
  <article number="20">
    <title>Isigaba 20</title>
    <orderedlist>
      <listitem>
	<para>Wonke umuntu unelungelo lokuhlanganyela ngokukhululeka embuthanweni woxolo.</para>
      </listitem>
      <listitem>
	<para>Akekho oyophoqwa ukuba yilunga lenhlangano.</para>
      </listitem>
    </orderedlist>
  </article>
  <article number="21">
    <title>Isigaba 21</title>
    <orderedlist>
      <listitem>
	<para>Wonke umuntu unelungelo lokubamba iqhaza kuhulumeni wezwe lakhe, ngokwakhe ngqo noma ngabakhulumeli abakhethwe ngokukhululekile.</para>
      </listitem>
      <listitem>
	<para>Wonke umuntu unelungelo elilinganayo lokuthola usizo lomphakathi olufanayo ezweni lakhe.</para>
      </listitem>
      <listitem>
	<para>Intando yabantu yiyo eyoba isizinda segunya likahulumeni. Lentando iyovezwa okhethweni lwempela ngezikhathi ezithile oluyoba ujikelele futhi lufane ndawozonke. Luyokwenziwa ngokhetho oluyimfihlo noma ngenqubo yokhetho olukhululekile.</para>
      </listitem>
    </orderedlist>
  </article>
  <article number="22">
    <title>Isigaba 22</title>
    <para>Wonke umuntu, njengelunga lomphakathi, unelungelo lukuphepha emphakathini futhi kufanele aziwe, ngemizamo yezwe nokubambisana kukazwelonke futhi nangokuhambisana nezinhlangano nemithombo yeMibuso ehlukene, kwezomnotho, amalungelo amasiko nenhlalo angenakulahlwa ngesithunzi sakhe nokuthuthukisa ubuyena ngenkululeko.</para>
  </article>
  <article number="23">
    <title>Isigaba 23</title>
    <orderedlist>
      <listitem>
	<para>Wonke umuntu unelungelo lokusebenza, nokuzikhethela ngenkululeko umsebenzi, nezimo zomsebenzi ezivunelekile nezilungile futhi nokuvikelwa uma elahlekelwe umsebenzi.</para>
      </listitem>
      <listitem>
	<para>Wonke umuntu, ngaphandle kokubandlululwa, unelungelo lokuhola imali efanayo ngomsebenzi ofanayo.</para>
      </listitem>
      <listitem>
	<para>Wonke umuntu osebenzayo unelungelo lomholo ofanele novumelekile ukuqinisekisa ubukhona besithunzi sobuntu bakhe nomndeni wakhe, kulekelelwa, uma kundingekile, ezinye izindlela zokuvikeleka komphakathi.</para>
      </listitem>
      <listitem>
	<para>Wonke umuntu unelungelo lokubumba noma lokuba ilunga lenyunyana ukuze kuvikeleke izidingo zakhe.</para>
      </listitem>
    </orderedlist>
  </article>
  <article number="24">
    <title>Isigaba 24</title>
    <para>Wonke umuntu unelungelo lokuphumula nokungcebeleka, kuhlangene nemikhawuko yamahora okusebenza, namakhefu akhokhelwayo ezikhathini ezithize.</para>
  </article>
  <article number="25">
    <title>Isigaba 25</title>
    <orderedlist>
      <listitem>
	<para>Wonke umuntu unelungelo lezinga lempilo nenhlalakahle eyenelisayo yakhe nomndeni wakhe, khuhlangene nokudla, okokwembatha, izindlu, ukunakekelwa ngezokwelashwa kanye nemisebenzi yomphakathi, nelungelo lokuvikeleka uma engasebenzi, egula, ekhubazeka, eshonelwa, eguga noma‐ke ikuphi ukukhubazeka okungamehlela ngesimo angenamandla okusinqanda.</para>
      </listitem>
      <listitem>
	<para>Omama nabantwana kumele banakekelwe futhi balekelelwe ngokunqala impela. Bonke abantwana noma bezalwe ngaphandle komshado bayothola ukuvikelwa okufanayo emphakathini.</para>
      </listitem>
    </orderedlist>
  </article>
  <article number="26">
    <title>Isigaba 26</title>
    <orderedlist>
      <listitem>
	<para>Wonke umuntu unelungelo lemfundo. Imfundo iyotholakala ngesihle, okungenani emabangeni aphansi ayingqalasizinda. Imfundo eyisingeniso iyoba ngeyempoqo. Imfundo yobuchwepheshe neyenzululwazi iyokwenziwa ibe khona ngokwejwayelekile bese kuthi imfundo ephakeme itholakale kubobonke ngobunjalo babo.</para>
      </listitem>
      <listitem>
	<para>Imfundo iyoqonda ekuthuthukiseni ubuntu ngokugcwele nasekuqiniseni inhlonipho yamalungelo abantu nengqalasizinda yenkululeko. Iyothuthukisa ukuzwana, ukubekezelelana nobungane phakathi kwezizwe, kwamaqembu ezinhlanga nezenkolo, futhi iyoqhubela phambili imikhankaso yeNhlangano yeZizwe ekugcineni uxolo.</para>
      </listitem>
      <listitem>
	<para>Abazali banelungelo lokuqala lokukhetha uhlobo lwemfundo eyonikezwa abantwana babo.</para>
      </listitem>
    </orderedlist>
  </article>
  <article number="27">
    <title>Isigaba 27</title>
    <orderedlist>
      <listitem>
	<para>Wonke umuntu unelungelo elikhululekile lokuzimbandakanya empilweni yamasiko omphakathi, athokozele amakhono, ahlomule entuthukweni yezesayensi nasezinzuzweni zayo.</para>
      </listitem>
      <listitem>
	<para>Wonke umuntu unelungelo lokuvikeleka kwezifiso ezisemqoka ezingumphumela womkhiqizo wezobusayensi, wombhalo okukanye wekhono elithize abengumsunguli wako.</para>
      </listitem>
    </orderedlist>
  </article>
  <article number="28">
    <title>Isigaba 28</title>
    <para>Wonke umuntu emphakathini nasemhlabeni kumele athole lamalungelo nenkululeko echazwe kuloluGunyazo.</para>
  </article>
  <article number="29">
    <title>Isigaba 29</title>
    <orderedlist>
      <listitem>
	<para>Wonke umuntu uneqhaza emphakathini okuwukuphela kwendawo lapho ukukhululeka nokuthuthuka kwakhe kungenzeka khona.</para>
      </listitem>
      <listitem>
	<para>Ekusebenziseni amalungelo nenkululeko yakhe, umuntu uyokwenza lokho okulinganiselwe njengokulawula komthetho, ngenhloso eyodwa yokuqinisekisa ukwamukelwa nenhlonipho yamalungelo nenkululeko yabanye abantu, futhi nokuhlangabezana nezidingo ezinobulungiswa nobuqotho, ukuqonda komphakathi kanye nezenhlalakahle jikelele emphakathini wentando yeningi.</para>
      </listitem>
      <listitem>
	<para>Lamalungelo nenkululeko akunakusetshenziswa ngokuphambana nezinhloso nemigomo yeNhlangano yeZizwe.</para>
      </listitem>
    </orderedlist>
  </article>
  <article number="30">
    <title>Isigaba 30</title>
    <para>Akukho lutho okukuloluGunyazo okuyohunyushwa ngokuthi kuthi uMbuso mumbe, iqembu noma umuntu unelungelo lokwenza noma isiphi isenzo sokuthikameza noma imaphi amalungebo nenkululeko echazwe ngaphezulu.</para>
  </article>
</udhr>
