<?xml version="1.0" encoding="UTF-8"?>

<!--© The Office of the High Commisioner for Human Rights-->

<udhr iso639-3='azj' xml:lang='az-Cyrl' key='azj_cyrl' n='Azerbaijani, North (Cyrillic)' dir='ltr' iso15924='Cyrl' xmlns="http://www.unhchr.ch/udhr">
   <title>ИНСАН ҺҮГУГЛАРЫ ҺАГГЫНДА ҮМУМИ БӘЈАННАМӘ</title>
   <preamble>
      <title>ПРЕАМБУЛА</title>
      <para>Бәшәр аиләсинин бүтүн үзвләринә хас олан ләјагәт һиссинин вә онларын бәрабәр вә ајрылмаз һүгугларынын танынмасынын азадлыг, әдаләт вә үмуми сүлһүн әсасы олдуғуну нәзәрә алараг,</para>
      <para>инсан һүгугларына етинасызлыг вә нифрәтин бәшәријјәти дәһшәтә ҝәтирән барбаризм һәрәкәтләринә сәбәб олдуғуну вә инсанларын сөз вә етигад азадлығына малик, горху вә еһтијаҹдан азад олдуглары дүнјанын јарадылмасынын бәшәријјәтин ән али истәји олдуғуну нәзәрә алараг,</para>
      <para>инсанын сон васитә кими истибдад вә зүлмә гаршы гијама галхмаға мәҹбур олмамасыны тәмин етмәк үчүн инсан һүгугларынын ганунун һакимијјәти илә мүдафиә олунмасынын зәрурилијини нәзәрә алараг,</para>
      <para>халглар арасында меһрибан мүнасибәтләрин инкишафыны дәстәкләмәјин ваҹиблијини нәзәрә алараг,</para>
      <para>Бирләшмиш Милләтләрин халгларынын БМТ Низамнамәсиндә әсас инсан һүгугларына, инсан шәхсијјәтинин ләјагәт вә дәјәринә, киши вә гадынларын һүгуг бәрабәрлијинә инамларыны тәсдиг етдикләрини вә даһа ҝениш азадлыг шәраитиндә сосиал тәрәгги вә һәјат шәраитинин јахшылашдырылмасына јардым етмәји гәт етдикләрини нәзәрә алараг,</para>
      <para>үзв дөвләтләрин БМТ илә әмәкдашлыг шәраитиндә инсан һүгугларына вә әсас азадлыглара үмуми һөрмәт вә онлара әмәл олунмасына јардым етмәји өһдәләринә ҝөтүрдүкләрини нәзәрә алараг,</para>
      <para>бу һүгуг вә азадлыгларын характеринин там шәкилдә дәрк олунмасынын һәмин өһдәлијин һәртәрәфли јеринә јетирилмәси үчүн бөјүк әһәмијјәт кәсб етдијини нәзәрә алараг,</para>
      <para>БМТ Баш Ассамблејасы</para>
      <para>Инсан һүгуглары Һаггында Үмуми Бәјаннамәни, һәр бир кәсин вә ҹәмијјәтин һәр бир органынын бу Бәјаннамәни рәһбәр тутараг маарифчилик вә тәдрис јолу илә һәмин һүгуг вә азадлыглара һөрмәт олунмасына јардым етмәси вә милли вә бејнәлхалг сәвијјәдә тәрәггипәрвәр тәдбирләр јолу илә, һәм тәшкилатын үзвү олан халглары, һәм дә онларын јурисдиксијасы алтында олан әразиләрин халглары арасында үмумиликдә вә еффектив танынмасы вә һәјата кечирилмәсинә сәј ҝөстәрмәләри мәгсәдилә бүтүн халглар вә бүтүн дөвләтләрин јеринә јетирмәјә ҹан атмалы олдуглары вәзифә кими бәјан едир.</para>
   </preamble>
   <article number="1">
      <title>Маддә 1</title>
      <para>Бүтүн инсанлар  ләјагәт вә һүгугларына ҝөрә азад вә бәрабәр доғулурлар. Онларын шүурлары вә виҹданлары вар вә бир-бирләринә мүнасибәтдә гардашлыг руһунда давранмалыдырлар.</para>
   </article>
   <article number="2">
      <title>Маддә 2</title>
      <para>Һәр бир шәхс иргиндән, дәрисинин рәнҝиндән, ҹинсиндән, дилиндән, дининдән, сијаси вә диҝәр әгидәсиндән, милли вә ја сосиал мәншәјиндән, әмлак, сосиал мөвге вә диҝәр вәзијјәтиндән асылы олмајараг бу Бәјаннамәдә  елан олунмуш бүтүн һүгуг вә азадлыглара малик олмалыдыр.</para>
      <para>Бундан әлавә, һәмин шәхсин мәнсуб олдуғу өлкәнин вә ја әразинин, һәмин әразинин мүстәгил, гәјјумлуг алтында олан, өзүидарәолунмајан вә ја суверенлији һәр һансы шәкилдә мәһдудлашмыш олмасындан асылы олмајараг, сијасы, һүгуги вә бејнәлхалг статусундан асылы олараг һеч бир ајры-сечкилик гојулмамалыдыр.</para>
   </article>
   <article number="3">
      <title>Маддә 3</title>
      <para>Һәр бир шәхсин јашамаг, азадлыг вә шәхси тохунулмазлыг һүгугу вар.</para>
   </article>
   <article number="4">
      <title>Маддә 4</title>
      <para>Һеч ким көлә вә ја асылы вәзијјәтдә сахланыла билмәз; гулдарлыг вә гул тиҹарәти бүтүн формаларда гадаған едилир.</para>
   </article>
   <article number="5">
      <title>Маддә 5</title>
      <para>Һеч ким ишҝәнҹәјә вә ја гәддар, гејри-инсани вә ја онун ләјагәтини алчалдан мүнасибәтә вә ҹәзаја мәруз галмамалыдыр.</para>
   </article>
   <article number="6">
      <title>Маддә 6</title>
      <para>Һәр бир шәхс һарада олмасындан асылы олмајараг өзүнүн һүгуг субјектлтилијинин танынмасы һүгугуна маликдир.</para>
   </article>
   <article number="7">
      <title>Маддә 7</title>
      <para>Бүтүн инсанлар ганун гаршысында бәрабәрдирләр вә ганун тәрәфиндән бәрабәр мүдафиә һүгугуна маликдирләр. Бүтүн инсанлар бу Бәјаннамәни позан һәр һансы ајры-сечкиликдән вә белә ајры-сечкилијә һәр һансы ҹәһддән бәрабәр мүдафиә олунма һүгугуна маликдирләр.</para>
   </article>
   <article number="8">
      <title>Маддә 8</title>
      <para>Һәр бир шәхс Конститусијанын вә ја ганунун она вердији һүгугларын позулмасы заманы сәләаһијјәтли милли мәһкәмәләр тәрәфиндән һүгугларынын бәрпа олунмасы һүгугуна маликдир.</para>
   </article>
   <article number="9">
      <title>Маддә 9</title>
      <para>Һеч ким өзбашына һәбсә, тутулмаја вә ја сүрҝүнә мәруз гала билмәз.</para>
   </article>
   <article number="10">
      <title>Маддә 10</title>
      <para>Һәр бир шәхс онун һүгуг вә вәзифәләринин тәјини вә она гаршы ирәли сүрүлмүш ҹинајәт иттиһамынын әсаслылығынын мүәјјәнләшдирилмәси үчүн онун ишинин мүстәгил вә битәрәф мәһкәмәдә, там бәрабәрлик әсасында, ашкарлыг вә әдаләтин бүтүн тәләбләринин ҝөзләнилмәси шәраитиндә бахылмасы һүгугуна маликдир.</para>
   </article>
   <article number="11">
      <title>Маддә 11</title>
      <orderedlist>
         <listitem>
            <para>Ҹинајәт төрәтмәкдә иттиһам олунан һәр бир шәхс ҝүнаһы она мүдафиә үчүн бүтүн имканларын тәмин олундуғу ачыг мәһкәмә истинтагында гануни шәкилдә сүбут олунанадәк ҝүнаһсыз һесаб едилмәк һүгуна маликдир.</para>
         </listitem>
         <listitem>
            <para>Һеч бир кәс милли ганунвериҹилик вә ја бејнәлхалг һүгуга әсасән төрәдилдији заман ҹинајәт һесаб едилмәјән һәрәкәт вә ја һәрәкәтсизлик үчүн ҹинајәтдә иттиһам олуна билмәз. Ејни заманда ҹинајәтин төрәдилдији  заман тәтбиг олуна биләҹәк ҹәзадан даһа ағыры тәтбиг олуна билмәз.</para>
         </listitem>
      </orderedlist>
   </article>
   <article number="12">
      <title>Маддә 12</title>
      <para>Һеч ким шәхси вә аилә һәјатына мүдахиләјә, евинин тохунулмазлығына, мәктублашмасынын ҝизлилијинә, шәрәф вә нүфузуна өзбашына гәсдә мәруз гала билмәз. Һәр бир шәхсин белә мүдахилә вә гәсдән ганун тәрәфиндән мүдафиә олунмаг һүгугу вар.</para>
   </article>
   <article number="13">
      <title>Маддә 13</title>
      <orderedlist>
         <listitem>
            <para>Һәр бир шәхс һәр бир өлкә һүдудунда сәрбәст һәрәкәт етмәк вә јашајыш јери сечмәк һүгугуна маликдир.</para>
         </listitem>
         <listitem>
            <para>Һәр бир шәхс өз өлкәси дә дахил олмагла истәнилән өлкәни тәрк етмәк вә өз өлкәсинә гајытмаг һүгугуна маликдир.</para>
         </listitem>
      </orderedlist>
   </article>
   <article number="14">
      <title>Маддә 14</title>
      <orderedlist>
         <listitem>
            <para>Һәр бир шәхс диҝәр өлкәләрдә тәгибдән сығынаҹаг ахтармаг вә бу сығынаҹагдан истифадә етмәк һүгугуна маликдир.</para>
         </listitem>
         <listitem>
            <para>Бу һүгуг һәгигәтән дә гејри-сијаси ҹинајәт вә ја Бирләшмиш Милләтләр Тәшкилатынын мәгсәд вә принсипләринә зидд һәрәкәт төрәдилмәсинә әсасланан тәгибләр заманы истифадә олуна билмәз.</para>
         </listitem>
      </orderedlist>
   </article>
   <article number="15">
      <title>Маддә 15</title>
      <orderedlist>
         <listitem>
            <para>Һәр бир шәхс вәтәндашлыг һүгугуна маликдир.</para>
         </listitem>
         <listitem>
            <para>Һеч ким өзбашына олараг вәтәндашлыгдан вә вәтәндашлығыны дәјишмәк һүгугундан мәһрум едилә билмәз.</para>
         </listitem>
      </orderedlist>
   </article>
   <article number="16">
      <title>Маддә 16</title>
      <orderedlist>
         <listitem>
            <para>Јеткинлик јашына чатмыш кишиләр вә гадынлар ирги, милли вә дини әламәтләринә ҝөрә һеч бир мәһдудијјәт гојулмадан никаһа дахил олмаг вә аилә гурмаг һүгугуна маликдирләр. Онлар никаһа дахил оларкән, никаһ мүддәтиндә вә онун позулмасы заманы ејни һүгуглардан истифадә едирләр.</para>
         </listitem>
         <listitem>
            <para>Никаһ, никаһа дахил олан һәр ики тәрәфин азад вә там разылығы оларса бағлана биләр.</para>
         </listitem>
         <listitem>
            <para>Аилә ҹәмијјәтин тәбии вә башлыҹа груп ваһидидир вә ҹәмијјәт вә дөвләт тәрәфиндән мүдафиә олунма һүгугуна маликдир.</para>
         </listitem>
      </orderedlist>
   </article>
   <article number="17">
      <title>Маддә 17</title>
      <orderedlist>
         <listitem>
            <para>Һәр бир шәхсин һәм тәкбашына, һәм дә диҝәрләри илә бирликдә мүлкијјәтә саһиб олма һүгугу вар.</para>
         </listitem>
         <listitem>
            <para>Һеч ким өзбашына олараг мүлкијјәтдән мәһрум едилә билмәз.</para>
         </listitem>
      </orderedlist>
   </article>
   <article number="18">
      <title>Маддә 18</title>
      <para>Һәр бир шәхс  дүшүнҹә, виҹдан вә дин азадлығы һүгугуна маликдир; бу һүгуга өз динини вә етигадыны дәјишмәк азадлығы вә өз дининә вә инанҹларына тәһсил, дуа вә дини вә ритуал ајинләр заманы тәкликдә вә ја башгалары илә бирликдә, ашкар вә ја фәрди шәкилдә етигад етмәк азадлығы дахилдир.</para>
   </article>
   <article number="19">
      <title>Маддә 19</title>
      <para>Һәр бир шәхс әгидә вә ону сәрбәст ифадә етмәк азадлығы һүгугуна маликдир; бу һүгуга манеәсиз олараг әгидәјә малик олмаг вә информасија вә идејалары дөвләт сәрһәдләриндән асылы олмајараг истәнилән васитәләрлә ахтармаг, әлдә етмәк вә јајмаг азадлығы дахилдир.</para>
   </article>
   <article number="20">
      <title>Маддә 20</title>
      <orderedlist>
         <listitem>
            <para>Һәр бир шәхс динҹ јығынҹаглар вә ассосиасијалар азадлығы һүгугуна маликдир.</para>
         </listitem>
         <listitem>
            <para>2.Һеч бир шәхс һәр һансы бир ассосиасијаја гошулмаға мәҹбур едилә билмәз.</para>
         </listitem>
      </orderedlist>
   </article>
   <article number="21">
      <title>Маддә 21</title>
      <orderedlist>
         <listitem>
            <para>Һәр бир шәхс дөвләтин идарә олунмасында билаваситә вә ја азад шәкилдә сечилмиш нүмајәндәләр васитәсилә иштирак етмәк һүгугуна маликдир.</para>
         </listitem>
         <listitem>
            <para>2.Һәр бир шәхс өз өлкәсиндә дөвләт хидмәтиндә гуллуг етмәк үчүн бәрабәр  имкана малик олмаг һүгугуна маликдир.</para>
         </listitem>
         <listitem>
            <para>Халгын ирадәси игтидар һакимијјәтинин әсасы олмалыдыр; бу ирадә өз  ифадәсини ҝизли сәсвермә јолу илә, үмуми вә бәрабәр сечки һүгугу вә ја сәсвермәнин азадлығыны тәмин едән диҝәр ејнимәналы формалар әсасында кечирилән мүтамади вә сахталашдырылмамыш сечкиләрдә тапмалыдыр.</para>
         </listitem>
      </orderedlist>
   </article>
   <article number="22">
      <title>Маддә 22</title>
      <para>Һәр бир шәхс ҹәмијјәтин үзвү кими сосиал мүдафиә һүгугуна вә милли сәјләр вә бејнәлхалг әмәкдашлыг јолу илә вә һәр бир дөвләтин структуру вә ресурсларына ујғун олараг онун ләјагәтинин мүдафиәси вә шәхсијјәтинин азад инкишафы үчүн игтисади, сосиал вә мәдәни саһәләрдә һүгуглара маликдир.</para>
   </article>
   <article number="23">
      <title>Маддә 23</title>
      <orderedlist>
         <listitem>
            <para>Һәр бир шәхсин әмәк, сәрбәст иш јери сечмәк, әдаләтли вә јахшы иш шәраити вә ишсизликдән мүдафиә һүгугу вар.</para>
         </listitem>
         <listitem>
            <para>Һәр бир шәхс һеч бир ајры-сечкилик олмадан ејни иш үчүн ејни әмәк һаггы алмаг һүгугуна маликдир.</para>
         </listitem>
         <listitem>
            <para>Һәр бир ишләјән шәхс, әмәјинин лазым ҝәләрсә диҝәр сосиал мүдафиә васитәләрилә тамамланан, онун өзүнүн вә аиләсинин лајигли доланышығыны тәмин едә билән әдаләтли вә гәнаәтбәхш өдәнилмәси һүгугуна маликдир.</para>
         </listitem>
         <listitem>
            <para>Һәр бир шәхсин һәмкарлар иттифагы јаратмаг вә өз сосиал марагларыны  мүдафиә етмәк үчүн һәмкарлар иттифагларына дахил олмаг һүгугу вар.</para>
         </listitem>
      </orderedlist>
   </article>
   <article number="24">
      <title>Маддә 24</title>
      <para>Һәр бир шәхсин истираһәт вә асудә вахт, о ҹүмләдән иш ҝүнүнүн ағлабатан һүдуду вә өдәнилән мүтамади мәзунијјәт һүгугу вар.</para>
   </article>
   <article number="25">
      <title>Маддә 25</title>
      <orderedlist>
         <listitem>
            <para>Һәр бир шәхс онун өзүнүн вә аиләсинин сәһһәт вә рифаһыны тәмин етмәк үчүн лазым олан, гида, ҝејим, тибби хидмәт вә лазыми сосиал тәминат да дахил олмагла һәјат сәвијјәси һүгугуна вә ишсизлик, хәстәлик, әлиллик, дул галма, гоҹалыг вә ондан асылы олмајан сәбәбләр үзүндән јашајыш васитәләринин итирилмәси заманы тәминат һүгугуна маликдир.</para>
         </listitem>
         <listitem>
            <para>Аналыг вә ушаглыг хүсуси гајғы вә јардым алмаг һүгугуна маликдирләр.  Һәм никаһ нәтиҹәсиндә һәм дә никаһдан кәнар доғулмуш ушаглар ејни сосиал мүдафиәдән истифадә етмәлидирләр.</para>
         </listitem>
      </orderedlist>
   </article>
   <article number="26">
      <title>Маддә 26</title>
      <orderedlist>
         <listitem>
            <para>Һәр бир шәхсин тәһсил һүгугу вар. Ән азы ибтидаи вә үмуми тәһсил пулсуз олмалыдыр. Ибтидаи тәһсил иҹбари олмалыдыр. Һәр кәс техники вә пешә тәһсили алмаг имканына малик олмалыдыр, али тәһсил дә һәр кәсин габилијјәти әсасында һамыја ејни дәрәҹәдә мүјәссәр олмалыдыр.</para>
         </listitem>
         <listitem>
            <para>Тәһсил инсан шәхсијјәтинин там инкишафына вә инсан һүгуглары вә  әсас азадлыглара һөрмәтин артырылмасына јөнәлдилмәлидир. Тәһсил халглар, ирги вә дини груплар арасында гаршылыглы анлашманын, дөзүмлүлүјүн вә достлуғун мөһкәмләндирилмәсинә вә Бирләшмиш Милләтләрин сүлһү горума саһәсиндә фәалијјәтинә јардым етмәлидир.</para>
         </listitem>
         <listitem>
            <para>Валидејнләр өз азјашлы ушагларынын тәһсил нөвүнү сечмәкдә үстүнлүјә маликдирләр.</para>
         </listitem>
      </orderedlist>
   </article>
   <article number="27">
      <title>Маддә 27</title>
      <orderedlist>
         <listitem>
            <para>Һәр бир шәхс ҹәмијјәтин мәдәни һәјатында сәрбәст иштирак етмәк,  инҹәсәнәтдән һәзз алмаг, елми тәрәггидә иштирак етмәк вә онун фајдасындан истифадә етмәк һүгугуна маликдир.</para>
         </listitem>
         <listitem>
            <para>Һәр бир шәхс мүәллифи олдуғу елми, әдәби, вә инҹәсәнәт әсәрләринин нәтиҹәсиндә мејдана чыхан мадди вә мәнәви мәнафеләринин горунмасы һүгугуна маликдир.</para>
         </listitem>
      </orderedlist>
   </article>
   <article number="28">
      <title>Маддә 28</title>
      <para>Һәр бир шәхсин бу Бәјаннамәдә әкс олунмуш һүгуг вә азадлыгларын там тәмин олундуғу сосиал вә бејнәлхалг дүзүм һүгугу вар.</para>
   </article>
   <article number="29">
      <title>Маддә 29</title>
      <orderedlist>
         <listitem>
            <para>Һәр бир шәхс јалныз онун азад вә там инкишафы мүмкүн олдуғу ҹәмијјәт гаршысында вәзифәләр дашыјыр.</para>
         </listitem>
         <listitem>
            <para>Өз һүгуг вә азадлыгларыны һәјата кечирәркән һәр бир шәхс јалныз елә мәһдудијјәтләрә мәруз гала биләр ки, онлар ганун тәрәфиндән диҝәрләринин һүгуг вә азадлыгларынын танынмасы вә һөрмәт олунмасынын  тәмин едилмәси вә демократик ҹәмијјәтин әхлаги, иҹтимаи асајиш вә үмуми рифаһ тәләбләрини өдәмәк мәгсәдилә тәјин едилмиш олсун.</para>
         </listitem>
         <listitem>
            <para>Бу һүгуг вә азадлыгларын һәјата кечирилмәси Бирләшмиш Милләтләр Тәшкилатынын мәгсәд вә принсипләринә зидд олмамалыдыр.</para>
         </listitem>
      </orderedlist>
   </article>
   <article number="30">
      <title>Маддә 30</title>
      <para>Бу Бәјаннамәдә һеч нә һәр һансы дөвләтә, шәхсләр групуна вә ајры-ајры шәхсләрә Бәјаннамәндә елан олунмуш һүгуг вә азадлыгларын мәһвинә  јөнәлмиш һәр һансы фәалијјәтлә мәшғул олмаг вә ја һәр һансы һәрәкәти төрәтмәк һүгугунун верилмәси кими тәфсир олуна билмәз.</para>
   </article>
</udhr>
