<?xml version="1.0" encoding="UTF-8"?>

<!--© The Office of the High Commisioner for Human Rights-->

<udhr iso639-3='taj' xml:lang='taj' key='taj' n='Tamang, Eastern' dir='ltr' iso15924='Deva' xmlns="http://www.unhchr.ch/udhr">
  <title>म्हीसे याङसे तामजुगुला (ताममाला) जम्बुलीङकोरकी का-लेङमो</title>

   <article number="1">
    <title>वो-१</title>
    <para>म्होक्कोन (गोदोप) नोन म्हीम केपान्हापा हेन्छे नुन हाङपाङवा (स्वतन्त्र) याङवा हीन्ना । थे म्होक्कोनला (गोदोपला) च्योच्यो याङताम थेन महत्व मुला । थेनीकादेरी सेमबाङ (विचार शक्ति) देन थु-सेमसाङ मुबासे थेनीजुगुसे ह्राङन्हाङरी नुन थेत्माला सेमलेङमोग्याम्से (भवनाबाट) ग्ये लातोबान मुला ।</para>
  </article>
</udhr>
