<?xml version="1.0" encoding="UTF-8"?>

<!--© The Office of the High Commisioner for Human Rights-->

<udhr iso639-3='bem' xml:lang='bem' key='bem' n='Bemba' dir='ltr' iso15924='Latn' xmlns="http://www.unhchr.ch/udhr">
   <title>IFYASOSELE IFYALO PALWA NSAMBU SHA MUNTU</title>
   <preamble>
      <title>AMASHIWI YAKUBALILAPO</title>
      <para>Apo kwaba ukwishiba ubucindami bwa muntu nomulinganya pamo ne nsambu shishifwile kufumyapo ku muntunse nge shinte lya buntungwa, umulinganya pamo nomutende pano isonde,</para>
      <para>Apo uku kana posako mano nokusula insambu sha muntu fya lenga imicitile ya bunkalwe yikalifya amatontonkanyo ya bantu, elyo nokupilibula imikalile ya mu calo umo abantu bonse bengala sekelamo mu nsambu sha kulanda nokusumina ifyo balefwaya ukubikapo nokula ikala ukwabula icintinya nokubulilwa fyalisoswa nge fikabila nganshi umuntu onse,</para>
      <para>Apo cikankala, nga cakuti umuntu tali nokula patikishiwa ukuilubula, nge nshila yakushalikishako, ukulasangukila aba buluku nabalya banyantilila abanabo, mukuti insambu sha muntu shifwile ukucingililwa na mafunde,</para>
      <para>Apo caba cikankala ukutwala pantanshi icumfwano pakati ka fyalo,</para>
      <para>Apo abantu bamu kabungwe kafyalo fyaikatana muli kalata balibwekeshapo isubilo mu nsambu, mu bucindami no bukankala bwa muntu pamo nomulingaya pakati ka baume nabanakashi pamo nokuipela ukutwalilila abuyantanshi mu mikalila isuma mu butungwa ubukalamba,</para>
      <para>Apo ifyalo fyaba ba membala fyali ipela ukufikilisha, ukupitila mukwampana pamo nakabungwe ka fyalo fya ikatana, ukutwala pantanshi ukula cindika nokukonka pafya nsambu sha muntu ne nsambu shimbi pano isonde,</para>
      <para>Apo pakwishiba ishi nsambu nobuntungwa ecikankala sana pakuti ici cilayo cinga fikilishiwa ukupwililika,</para>
      <para>Nomba, eyapa UKULONGANA KWAFYALO FYONSE kwasosa, Ifyasosele ifyalo fyonse palwa nsambu sha muntu nge cilingile ukufikilishiwa ku muntu naku fyalo fyonse, pakuti cila muntu ne ncende yonse mu calo aikala, ukulaibukisha ifi fyasoswa lyonse, nokwesha ukulafunda nokusambilila mu kutwala pantanshi ukucindika ishi nsambu bo buntungwa, elyo mukubomfya inshila shalinga, ifyalo nafyo ukumona ukuti ifi fyaishibikwa nokukonkwa isonde lyonse, ku bantu baba mu fyalo fyaba bumembala ukubikapo nefyalo fitungululwa kuli bambi.</para>
   </preamble>
   <article number="1">
      <title>Icikomo 1</title>
      <para>Abantu bonse bafyalwa abalubuka nokulingana mu mucinshi nensambu. Balikwata amano nokutontonkanya, eico bafwile ukulacita ifintu ku banabo mu mutima wa bwananyina.</para>
   </article>
   <article number="2">
      <title>Icikomo 2</title>
      <para>Cila muntu ali linga ukukwata ishi nsambu no buntungwa filelondololwa, ukwabula akapatulula kali konse ngaka mutuntu, inkanda, umwaume nangu umwanakashi, ululimi, uko apepa, ifyo atontonkanya pa fikansa fya calo, uko atula ku calo, ifyuma akwata, uko afyalwa nangu akapatulula akali konse.</para>
      <para>Kabili, takuli kapatulula kali nokucitwa pa mulandu wafikansa fya calo, ifyo balubulula imilandu nangu umucinshi icalo afumako cakwata ku fyalo fimbi, cibe cila iteka, cilatekwa nangu capelwa ku calo cimbi ukutekwa.</para>
   </article>
   <article number="3">
      <title>Icikomo 3</title>
      <para>Cila muntu alikwata insabu ya mweo, ukucita ico alefwaya elyo noku icingilila umwine.</para>
   </article>
   <article number="4">
      <title>Icikomo 4</title>
      <para>Takuli nangu umo ukuba umusha nangu mu busha. Ubusha nokushitishana mu busha fili nokubindwa mu nshila ili yonse.</para>
   </article>
   <article number="5">
      <title>Icikomo 5</title>
      <para>Tapali nangu umo atwile kucitwa kunkalwe, ukucushiwa nokucitwa nge nama paku kandwa.</para>
   </article>
   <article number="6">
      <title>Icikomo 6</title>
      <para>Onse alikwata insambu ukwishibikwa ukuli konse ngo muntu pa menso ya cilye.</para>
   </article>
   <article number="7">
      <title>Icikomo 7</title>
      <para>Bonse bali lingana pa menso ya cilye kabili balikwata insambu ukwabula akapatulula, ukupokolwa mu mulinganya pa menso ya cilye. Bonse balikwata insambu yakupokololwa mu mulinganya ku kapatulula akali konse ukupula muli uku kusosa ukubikapo ukupokololwa nakuli balya batunka bambi ukuti bale patulula.</para>
   </article>
   <article number="8">
      <title>Icikomo 8</title>
      <para>Onse alikwata insambu kucingililwa ne filye fyalinga lintu afyengwa ku micitile ipula mu mafunde ya mupela insambu ukulingana na mafunde ya mu calo.</para>
   </article>
   <article number="9">
      <title>Icikomo 9</title>
      <para>Takuli muntu afwile kukakwa ukwabula umulandu, ukusungwa bu citente nangu ukuba imbutushi ukwabula umulandu.</para>
   </article>
   <article number="10">
      <title>Icikomo 10</title>
      <para>Onse alilinga mu mulinganya wine wine ukumulubulwisha ukwabula ulufyengo palwalala naba shi cilye bashi lemenena lubali lumo, lintu balepituluka mu nsambu shakwe nefyalinga ukucita nga nacita umulandu uli onse.</para>
   </article>
   <article number="11">
      <title>Icikomo 11</title>
      <orderedlist>
         <listitem>
            <para>Onse uwapelwa umulandu alikwata insambu ukutunganishiwa uwakaele ukushinta lintu bamushinina ukulingana namafunde pa cilye capa lwalala ukwabula ukulesha inshila shonse enga pusukililamo.</para>
         </listitem>
         <listitem>
            <para>Takuli muntu ali nokupelwa umulandu nokukandwa pa cilubo cishali mulandu lindu cacitike panshita iyo, cibe nimu calo cakwe nangu kufyalo fimbi. Nangu ukumulundilako ukukandwa ukucila fintu akandilwe panshita icilubo cacitike.</para>
         </listitem>
      </orderedlist>
   </article>
   <article number="12">
      <title>Icikomo 12</title>
      <para>Takuli kula fulunganya kumaka inkama ya muntu, ulupwa lwakwe, kung'anda nangu amakalata ukubikapo nokonaula ishina lyakwe mukulanda ifyabipa pali ena. Onse alikwata insambu yakucingililwa ku mafunde ku fimfulunganya fya musango ngoyu nangu ukusanswa.</para>
   </article>
   <article number="13">
      <title>Icikomo 13</title>
      <orderedlist>
         <listitem>
            <para>Onse alikwata insambu yakwenda nokwikala konse uko atemwa mu calo aikala.</para>
         </listitem>
         <listitem>
            <para>Onse alikwata insambu ukufuma mu cala, nangu calo cakwe pamo nokubwelela ku calo ca kumwabo.</para>
         </listitem>
      </orderedlist>
   </article>
   <article number="14">
      <title>Icikomo 14</title>
      <orderedlist>
         <listitem>
            <para>Onse alikwata insambu yakufwaya nokusekelamo ukusungwa nge mbutushi mu efyalo fimbi ukubutuka ulufyengo uko afuma.</para>
         </listitem>
         <listitem>
            <para>Lelo iyi nsambu tainga bomba umuntu nga alebutuka imilandu ishikumine ku fikansa fya calo nangu ku micitile isha linga nefya imininapo ifyalo fyaikatana.</para>
         </listitem>
      </orderedlist>
   </article>
   <article number="15">
      <title>Icikomo 15</title>
      <orderedlist>
         <listitem>
            <para>Onse alikwata insambu yakuba no mutundu.</para>
         </listitem>
         <listitem>
            <para>Tapali nangu umo ku maka ali nokupokwa umutundu wakwe wa calo nangu ukumukanya insambu yakwe yakwalula uyu mutundu.</para>
         </listitem>
      </orderedlist>
   </article>
   <article number="16">
      <title>Icikomo 16</title>
      <orderedlist>
         <listitem>
            <para>Abaume na banakashi nga bafika pa mushinku wa kupa tabafwile kuleshiwa kupana nokula panga indupwa kumulandu wa nkanda, uko bafuma nangu uko bapepa. Bonse balikwata insambu sha lingana ku cupo, lintu bali ku cupo ukushinta nalintu icupo capwa.</para>
         </listitem>
         <listitem>
            <para>Icupo cili nokucitwa abalefwaya ukupana nga basuminishanya abene beka.</para>
         </listitem>
         <listitem>
            <para>Indupwa nge ntulo ya mutundu ne calo shalilinga ukucingililwa nabekala calo pamo no buteko.</para>
         </listitem>
      </orderedlist>
   </article>
   <article number="17">
      <title>Icikomo 17</title>
      <orderedlist>
         <listitem>
            <para>Onse alikwata insambu yakukwata ifipe umwine eka nangu naba nankwe.</para>
         </listitem>
         <listitem>
            <para>Tapali ali nakupokwa ifipe kumaka.</para>
         </listitem>
      </orderedlist>
   </article>
   <article number="18">
      <title>Icikomo 18</title>
      <para>Onse alikwata insambu yakukwata amatontonkanyo, ukutontonkanya no kupepa; iyi nsambu yalundapo neya kwalula ukwakupepa nangu amatontonkanyo ukubikapo neyakuti, atemwa eka nangu na bambi uko ekala, cibe nimu bumfisolo nangu palwalala ukulondolola amashiwi yakwa lesa nangu amatontonkanyo ukupitila mu kufunda, imicitile pamo nokupepa.</para>
   </article>
   <article number="19">
      <title>Icikomo 19</title>
      <para>Onse alikwata insambu ukulanda ifyo aletontonkanya, neyi nsambu ilundapo neya kukwata amatontonkanyo ukwabula ukuleshiwa pamo neya kukwata, ukufwaya, ukupokelela pamo nokupelako bamo ilyashi namatontonkanyo ukubomfya umulabasa uli onse pakati ka fyalo.</para>
   </article>
   <article number="20">
      <title>Icikomo 20</title>
      <orderedlist>
         <listitem>
            <para>Onse alikwata insambu yakulongana nokwangala mu mutelelwe.</para>
         </listitem>
         <listitem>
            <para>Takuli nangu umo afwile ukupatikishiwa ukuba membala wa kabungwe ashilefwaya.</para>
         </listitem>
      </orderedlist>
   </article>
   <article number="21">
      <title>Icikomo 21</title>
      <orderedlist>
         <listitem>
            <para>Onse alikwata insambu yakutungulula mu buteko bwa calo cakwe atemwa umwine eka nangu abasalwa, abaku mwimininako.</para>
         </listitem>
         <listitem>
            <para>Onse alikwata insambu yakusekelamo mu fintu ubuteko bwa calo cakwe bupekanisha abekala calo.</para>
         </listitem>
         <listitem>
            <para>Ubufwayo bwa bantu emaka ubuteko buli nokukwata, ici cakulamonwa ukupitila mukulakwata ukusala ubufi munshita, nabantu bakumenye imyaka yakusala bafwile basala ifyo batemenwe ukwabula ukwebwa (secret ballot) nangu ukubomfya inshila shimbi shishalinga ifi.</para>
         </listitem>
      </orderedlist>
   </article>
   <article number="22">
      <title>Icikomo 22</title>
      <para>Onse alikwata insambu yakusungwa lilya akota, kabili ukupitila mu maka ya calo cakwe nangu ukubombela pamo ne fyalo fimbi ukulingana namaka cila calo cikwete, ukusanga ubukumu, imikalile isuma pamo ne ntambi sha cifyalilwa ukulingana nomucinshi mukuitwala pantanshi umwine.</para>
   </article>
   <article number="23">
      <title>Icikomo 23</title>
      <orderedlist>
         <listitem>
            <para>Onse alikwata insambu yakukwata incito atemenwe nokubomba munshila yabula ukufyengwa kabili nokupokololwa ukutamfiwa incito.</para>
         </listitem>
         <listitem>
            <para>Onse ukwabula akapatula alikwata insambu yakufola amalipilo yalinga pa ncito imo ine.</para>
         </listitem>
         <listitem>
            <para>Onse abomba alikwata insambu yakupoka amalipilo yalingile pakuti ena nolupwa lwakwe lwingala ikala bwino, naya malipilo nga yacepa, ukubomfya inshila shimbi sahsuminishiwa ukula sangilamo indalama shimbi nangu ukumulundulako indalama afola.</para>
         </listitem>
         <listitem>
            <para>(missing)</para>
         </listitem>
      </orderedlist>
   </article>
   <article number="24">
      <title>Icikomo 24</title>
      <para>Onse alikwata insambu yakutusha nokwangala ukubikapo ukbomba insa ishalinga nokulaya pali cuti yakulipilwa.</para>
   </article>
   <article number="25">
      <title>Icikomo 25</title>
      <orderedlist>
         <listitem>
            <para>Onse alikwata insambu yakwikala bwino nolupwa lwakwe mu bumi, ukubikapo nefya kulya, ing'anda nokulaya ku cipatala atemwa ku sukulu, pamo ne nsambu yaku cingililwa lintu aba pabulofwa, alwala alemana, afwilwa, akota nangu aba mubwafya kumulandu wafintu fimo ashinga citapo nangu cimo.</para>
         </listitem>
         <listitem>
            <para>Banamayo pabukulu pamo nabana banono balikwata insambu yakutangatwa bwino nokwafwiwa, Abana bonse, abafyalwa mukati nangu kunse ya fyupo, bafwile ukusekelamo fimo fine ifili nga amasukulu nangu ifipatala.</para>
         </listitem>
      </orderedlist>
   </article>
   <article number="26">
      <title>Icikomo 26</title>
      <orderedlist>
         <listitem>
            <para>Onse alikwata insambu yaku sambilila. Takufwile kuba kulipila ku masambililo mu masukulu yanono. Onse alefwaika uku sambililako mu masukulu yanono cibe alefwaya nangu iyo. Amasukulu yakusambililamo isha ncito yafwile yabako pamo namasukulu yakalamba (University) kuli balya balingile ukuyako.</para>
         </listitem>
         <listitem>
            <para>Amasambililo yafwile yalenga umuntu umwine ukuitwala pantanshi ifyo afwaya nokukosha ukucindika insambu sha muntu no buntungwa. Amasambililo yafwile ukutwala pantanshi ukumfwana, ukubelela na bucibusa pakati ka fyalo, ukwikatanya abantu bapusana inkanda nangu uko bapepa kabili nokutwala pantanshi imilimo ya fyalo fyaikatana pakusungilila umutende.</para>
         </listitem>
         <listitem>
            <para>Abafyashi balikwata insambu ya ntanshi ukusala amasambililo balefwaya abana babo ukukwata.</para>
         </listitem>
      </orderedlist>
   </article>
   <article number="27">
      <title>Icikomo 27</title>
      <orderedlist>
         <listitem>
            <para>onse alikwata insambu yakucitako ifya ntambi sha cifyalilwa, ukusekelamo mufya kulenga nefya kupanga panga kuntu aikala pamo nokusekelamo mufyaleta abasungu (scientific advancement and its benefits).</para>
         </listitem>
         <listitem>
            <para>Onse alikwata insambu yakucingililwa apo aiminina nangu umo alefwaya ukumwenamo ukupitila mu fintu apanga, ukulemba nangu ukulenga nga fyafuma mu mano yakwe.</para>
         </listitem>
      </orderedlist>
   </article>
   <article number="28">
      <title>Icikomo 28</title>
      <para>Onse alikwata insambu ukwikala kuntu aikala nangu mu calo umo insambu nobutungwa shasoswa, shafikilishiwa ukwabula ukushako.</para>
   </article>
   <article number="29">
      <title>Icikomo 29</title>
      <orderedlist>
         <listitem>
            <para>Onse alikwata umulimo kuntu aikala uko umwine eka ukwabula ukumufenenkesha enga itwala pantanshi ifyo afwaya.</para>
         </listitem>
         <listitem>
            <para>Pakukwata ishi nsambu, onse afwile ukukonka amafunde pamulandufye wa kwishiba nokucindika insambu sha bambi pakuti kwingaba imbelo shisuma, nomutelelwe mu calo umo bonse bakwata insambu yakulandapo.</para>
         </listitem>
         <listitem>
            <para>Ishi nsambu nobuntungwa teti shibomfiwe ukupula mubufwayo ne fyaimininapo ifyalo fya ikatana.</para>
         </listitem>
      </orderedlist>
   </article>
   <article number="30">
      <title>Icikomo 30</title>
      <para>Tapali nangu cmo muli uku kusosa icinga pilibulwa ukuti icalo icili conse, ibumba lya bantu nangu umuntu umo nakwata insambu ukucita icili conse icakwiminina pa koanula insambu no buntungwa filondolelwe nokulembwa.</para>
   </article>
</udhr>