<?xml version="1.0" encoding="UTF-8"?>

<!--© The Office of the High Commisioner for Human Rights-->

<udhr iso639-3='nzi' xml:lang='nzi' key='nzi' n='Nzema' dir='ltr' iso15924='Latn' xmlns="http://www.unhchr.ch/udhr">
  <title>EWIADEAMRA NOLOBƆLƐ MƆƆ FALE SONLA NWO ADENLENYIANLƐ NE MƆ LA ANWO</title>
  <preamble>
    <title>MƆLEBƐBO</title>
    <para>Wɔ mekɛ ala mɔɔ Maanle Maanle mɔɔ wɔ Eku ye anu la gyinlabelɛ nee pɛpɛzɛlɛ nee anwoadenlenyianlɛ a fa atianwolilɛ, pɛpɛlilɛ nee anzondwolɛ ba ewiade anu la,</para>
    <para>Wɔ mekɛ ala mɔɔ menli ɛmbu sonla nwo adenlenyianlɛ ne mɔ bie amaa ɔlua zo nyɛleɛ mgbane mgbane dɔɔnwo ɛsisi ɛmaa menli adwenle ɛzɛkye, nee ewiade ne mɔɔ ɛlɛba mɔɔ sonla biala banyia adenle aha edwɛkɛ biala mɔɔ ɔdaye ɔkulo, nee diedi biala mɔɔ ɔdaye ɔkulo kɛ ɔdie ɔdi na ɔnzulo la, ɛmaa bɛla ye ali kɛ, ɛhye a le awienvolɛma anyelazo kpole kpalɛ la,</para>
    <para>Wɔ mekɛ ala mɔɔ ɔhyia, saa bɛnrɛhyɛ sonla bɛnrɛmaa ɔnrɛho ɔnrɛtia ɛsisilɛ nee atisesebɛyɛlɛ, kɛ ɔwɔ kɛ mɛla bɔ sonla nwo adenlenyianlɛ ne mɔ anwo bane la,</para>
    <para>Wɔ mekɛ ala mɔɔ ɔhyia kɛ bɛmaa agɔnwolɛyɛlɛ wɔ Maanle Maanle avinli kɛnyia anyuhɔlɛ la,</para>
    <para>Wɔ mekɛ ala mɔɔ Maamgbole Koyɛlɛ ne anu amra ɛva bɛ diedi mɔɔ wɔ sonla nwo adenlenyianlɛ ne mɔ, ye gyinlabelɛ nee ye dibilɛ nee mrenya nee mraalɛ adenlenyianlɛ pɛpɛ ne mɔ anu la ɛwula sonla nwo adenlenyianlɛ nwo mɛla ne mɔɔ bɛfɛlɛ ye "Kyata" (Charter) ne anu na bɛlie bɛdo nu kɛ bɛboa bɛamaa menli anyia anyuhɔlɛ nee tɛnlabelɛ kpalɛ wɔ atianwolilɛ bɔkɔɔ nu la,</para>
    <para>Wɔ mekɛ ala mɔɔ Maanle Maanle mɔɔ wɔ Maamgbole Koyɛlɛ Eku ne anu nee Maamgbole Koyɛlɛ ne ɛbo ɛwɔkɛ kɛ bɛmaa awie biala anye azɔ sonla nwo adenlenyianlɛ nee atianwolilɛ ne mɔ na bɛali zolɛ kpalɛ la,</para>
    <para>Wɔ mekɛ ala mɔɔ adenlenyianlɛ nee atianwolilɛ ɛhye mɔ anwo ndelebɛbo kpalɛ hyia kpole kpalɛ maa ɛwɔkɛbɔlɛ ne azolilɛ anzɛɛ munlililɛ ne la,</para>
    <para>Ati, Kɛkala</para>
    <para>MAAMGBOLE KOYƐLƐ AYIA NE</para>
    <para>bɔ nolo kɛ</para>
    <para>Ewiadeamra Nolobɔlɛ Mɔɔ Fale Sonla Nwo Adenlenyianlɛ Nwo Ɛhye</para>
    <para>le debie ko mɔɔ yelie yedo nu yemaa awie biala nee Maanle biala, amaa awie biala nee Eku biala mɔɔ dahuu kɛva. Nolobɔlɛ ɛhye kɛzie ye adwenle nu la abɔ mɔdenle alua ngilehilelɛ nee ndetelɛ zo yeamaa nidi ara adenlenyianlɛ nee atianwolilɛ ɛhye mɔ anwo, na eza yealua ngɔzo ndenle zo, Maanle nee Maanle Maanle zo, yeaboa yeamaa menli mɔɔ wɔ Maanle Maanle mɔɔ wɔ Eku ne anu nee Maanle Maanle mɔɔ Eku ne sie bɛ la anu amra amuala alie ado nu kpalɛ na bɛali zolɛ kpalɛ.</para>
  </preamble>
  <article number="1">
    <title>Edwɛkɛkpɔkɛ 1</title>
    <para>Menli muala di bɛ ti anwo na eza noko bɛsɛ wɔ dibilɛ nee adenlenyianlɛ nu. Bɛlɛ ndwenlenwo nee adwenle, yemɔti ɔwɔ kɛ bɛkile adiemayɛlɛ bɛmaa bɛ nwo ngoko.</para>
  </article>
  <article number="2">
    <title>Edwɛkɛkpɔkɛ 2</title>
    <para>Sonla ko biala lɛ adenle nyia adenlenyianlɛ nee atianwolilɛ ne mɔ mɔɔ bɛva bɛwula Sonla Nwo Adenlenyianlɛ Nwo Nolobɔlɛ ɛhye anu la amuala bie. Ɔnle kɛ ngakyile anzɛɛ ngilehilenu anzɛɛ nyeyenu biala mɔɔ fale menli ekpunli, menli ngakyile, nrenya anzɛɛ raalɛ, aneɛ, Nyamenlezonlenlɛ, maanyɛlɛ anzɛɛ adwenle bie, Maanle anzɛɛ menli abohilelɛ, agyapadeɛ, awolɛ anzɛɛ gyinlabelɛ gyɛne biala anwo la bie ba.</para>
    <para>Eza noko ɔnke kɛ bɛkile ngakyile anzɛɛ nyeyenu biala wɔ maanyɛlɛ, mɛlazolilɛ nu, anzɛɛ maanle zo gyinlabelɛ nu wɔ maanle ne anzɛɛ ɛleka mɔɔ sonla ne de la anu. Saa maanle ne di ɔ ti anwo o, saa maanle gyɛne a nea zo o, saa ɔnli ɔ ti anwo o, ɔnle kɛ ngakyile anzɛɛ ngilehilenu biala ba nu.</para>
  </article>
  <article number="3">
    <title>Edwɛkɛkpɔkɛ 3</title>
    <para>Ɔwɔ kɛ awie biala nyia ngoane, fanwodi nee sonla nwo banebɔlɛ.</para>
  </article>
  <article number="4">
    <title>Edwɛkɛkpɔkɛ 4</title>
    <para>Ɔnle kɛ bɛyɛ awie biala kanra. Ɔwɔ kɛ bɛtua aanrayɛlɛ nee aanra ɛdɔnelɛ wɔ adenle biala anu.</para>
  </article>
  <article number="5">
    <title>Edwɛkɛkpɔkɛ 5</title>
    <para>Ɔnle kɛ bɛkile awie biala nyane anzɛɛ bɛyɛ ye atisesebɛ, amumuyɛ anzɛɛ bɛgua ɔ nyunlu aze anzɛɛ bɛtwi ɔ nyunlu.</para>
  </article>
  <article number="6">
    <title>Edwɛkɛkpɔkɛ 6</title>
    <para>Kɛ mɔɔ mɛla se la, ɛleka biala mɔɔ awie biala lua la ɔwɔ kɛ bɛnwu kɛ ɔdaye ɔle sonla.</para>
  </article>
  <article number="7">
    <title>Edwɛkɛkpɔkɛ 7</title>
    <para>Kɛ mɔɔ mɛla se la, menli kɔsɔɔti sɛ pɛpɛ mɔɔ ɔnle kɛ ngakyile anzɛɛ ngilehilenu biala ba mɛla ne mɔɔ bɔ bɛ nwo bane pɛpɛ la anu. Menli kɔsɔɔti lɛ adenle nyia bɛ nwo banebɔlɛ pɛpɛ mɔɔ ko tia ngilehilenu anzɛɛ nyeyenu mɔɔ tia Nolobɔlɛ ɛhye nee debie biala mɔɔ maa zɛhae nyeyenu ne adenle la.</para>
  </article>
  <article number="8">
    <title>Edwɛkɛkpɔkɛ 8</title>
    <para>Sonla biala lɛ adenle kɛ saa awie yɛ debie mɔɔ tia anwoadenlenyianlɛ ne mɔ mɔɔ maamulɛ nwo mɛla anzɛɛ mɛla ɛva ɛmaa ye la a, ɔwɔ kɛ kɔɔto ne mɔ pepɛ die ye.</para>
  </article>
  <article number="9">
    <title>Edwɛkɛkpɔkɛ 9</title>
    <para>Ɔnle kɛ bɛkye sonla, bɛfa sonla bɛsie anzɛɛ bɛye sonla bɛfi maanle ne anu wɔ mekɛ mɔɔ ɔtɛfonle mɛla anzɛɛ mɛla ɛmmaa adenle la.</para>
  </article>
  <article number="10">
    <title>Edwɛkɛkpɔkɛ 10</title>
    <para>Wɔ awie biala adenlenyianlɛ nee ye gyima ne mɔ anwo adwenlevalɛ nwo anzɛɛ saa bɛka kɛ awie biala ɛyɛ ɛtane a ɔwɔ kɛ kɔɔto mɔɔ di ɔ ti anwo na ɔnli mɔguazo la di ye edwɛkɛ wɔ bagua nu.</para>
  </article>
  <article number="11">
    <title>Edwɛkɛkpɔkɛ 11</title>
    <orderedlist>
      <listitem>
	<para>Sonla biala mɔɔ bɛkɛha kɛ yeyɛ ɛtane mɔɔ ɔdi kɛ bɛtwe ɔ nzo la lɛ adenle ka kɛ ɔnze edwɛkɛ ne anwo bie kyesɛ bɛdi ye edwɛkɛ wɔ bagua nu kɔɔto na kɔɔto ne bua ye fɔlɛ kɛ mɔɔ mɛla se la. Wɔ kɔɔto ɛkɛ ne ɔwɔ kɛ ɔnyia ninyɛne mɔɔ ɔfa ɔpepɛ ɔdie ɔ nwo la kolaa.</para>
      </listitem>
      <listitem>
	<para>Ɔnle kɛ bɛbua sonla biala fɔlɛ wɔ nyɛleɛ ɛtane biala mɔɔ wɔ mekɛ mɔɔ ɔyɛle zɔhane nyɛleɛ ne la ɛnee ɔnle ɛtane mɔɔ ɔtia maanle anzɛɛ maanle maanle mɛla la anwo. Anzɛɛ ɔnle kɛ bɛtwe sonla ne anzo bɛmaa ɔtɛla mɔɔ bɛpɛ bɛdo ɛkɛ ne wɔ mekɛ mɔɔ ɔyɛle ɛtane ne la.</para>
      </listitem>
    </orderedlist>
  </article>
  <article number="12">
    <title>Edwɛkɛkpɔkɛ 12</title>
    <para>Ɔnle kɛ menli fa bɛ nloa wulowula awie feabo, ye abusua, ye sua nu edwɛkɛ nu anzɛɛ ɔnle kɛ bɛkenga ye ahɛlata anzɛɛ bɛbɔ ye anyiemgba bɛsɛkye ye anyunlunyia. Sonla zɛhae lɛ adenle maa mɛla ne pepɛ die ye anzɛɛ bɔ ɔ nwo bane wɔ zɛhae akpɔsemadi ɛbɛla ne mɔ anwo.</para>
  </article>
  <article number="13">
    <title>Edwɛkɛkpɔkɛ 13</title>
    <orderedlist>
      <listitem>
	<para>Sonla biala lɛ adenle ɔfi ɛleka mɔɔ ɔde la ɔkɔtɛnla ɛleka biala mɔɔ ɔkulo la.</para>
      </listitem>
      <listitem>
	<para>Sonla biala lɛ adenle ɔfi maanle biala anu nee ye maanle nu ɔkɔ maanle gyɛne nu na ɔkola ɔsia ɔba ye maanle nu.</para>
      </listitem>
    </orderedlist>
  </article>
  <article number="14">
    <title>Edwɛkɛkpɔkɛ 14</title>
    <orderedlist>
      <listitem>
	<para>Sonla biala lɛ adenle kɛ saa ɔlɛnwu amaneɛ wɔ ye maanle nu a ɔkola ɔnriandi ɔkɔ maanle gyɛne nu ɔmaa bɛmaa ye ɛleka ɔtɛnla anzɛɛ bɛbɔ ɔ nwo bane.</para>
      </listitem>
      <listitem>
	<para>Saa amaneɛ ne mɔɔ ahenle ne ɛlɛnwu ye la ɛnvi anzɛɛ ɛnlua maanyɛlɛ ti anzɛɛ ye nyɛleɛ ne tia Maamgbole Koyɛlɛ mɛla ne nee ye bodane ne mɔ a, yemɔ maanle gyɛne ne ɛnlɛ adenle kɛ ɔkɛlie ye azie anzɛɛ ɔkɛbɔ ɔ nwo bane.</para>
      </listitem>
    </orderedlist>
  </article>
  <article number="15">
    <title>Edwɛkɛkpɔkɛ 15</title>
    <orderedlist>
      <listitem>
	<para>Sonla biala lɛ adenle kɛ ɔyɛ ekulomani.</para>
      </listitem>
      <listitem>
	<para>Ɔnle kɛ bɛbu ekulomani biala kɛ ɔle ɛyɛvolɛ la. Eza noko ɔnle kɛ bɛsi awie biala mɔɔ kpondɛ kɛ ɔkakyi ye ekulomaniyɛlɛ la adenle wɔ mekɛ mɔɔ mɛla ɛmmaa adenle la.</para>
      </listitem>
    </orderedlist>
  </article>
  <article number="16">
    <title>Edwɛkɛkpɔkɛ 16</title>
    <orderedlist>
      <listitem>
	<para>Mrenya nee mraalɛ mɔɔ bɛkɛdwu agyalɛhɔlɛ la, saa bɛle duzu menli o, saa bɛvi duzu maanle nu o, anzɛɛ saa bɛkɔ duzu asɔne o, bɛlɛ adenle bɛgya bɛ nwo na bɛbɔ ɛdane. Bɛ mu nwiɔ bɛlɛ adenle pɛpɛ wɔ agyalɛ nwo, wɔ bɛ agyalɛ nee bɛ ewolebɔlɛ nu.</para>
      </listitem>
      <listitem>
	<para>Ɔwɔ kɛ menli nwiɔ ne die to nu kolaa na bɛagya bɛ nwo.</para>
      </listitem>
      <listitem>
	<para>Kunli nee yelɛ nee bɛ mra a le ekpunli mɔɔ bɔ sua ɛkyekyelɛ bo anzɛɛ ekpunli mɔɔ tɛlɛ yɛ menli dɔɔnwo a, yemɔti ɔwɔ kɛ menli ekpunli ne nee maanle ne mɔɔ bɛwɔ nu la sinza bɛ.</para>
      </listitem>
    </orderedlist>
  </article>
  <article number="17">
    <title>Edwɛkɛkpɔkɛ 17</title>
    <orderedlist>
      <listitem>
	<para>Sonla biala lɛ adenle kɛ ɔnyia ɔ ti anwo agyapadeɛ, eza noko ɔlɛ adenle kɛ ɔ nee awie mɔ bɔ nu nyia agyapadeɛ.</para>
      </listitem>
      <listitem>
	<para>Ɔnle kɛ awie biala hwele ye agyapadeɛ wɔ mekɛ mɔɔ mɛla ɛmmaa adenle la.</para>
      </listitem>
    </orderedlist>
  </article>
  <article number="18">
    <title>Edwɛkɛkpɔkɛ 18</title>
    <para>Sonla biala lɛ adenle kɛ ɔdwenle adwenle biala na ɔsonle debie biala mɔɔ ɔkulo la, eza ɔlɛ adenle ɔkakyi ye Nyamenlezonlenlɛ ne anzɛɛ ye diedi ne nee fanwodi, yɛɛ akee noko ɔlɛ ɔ nwo adenle kɛ ɔ ngome anzɛɛ ɔ nee menli wɔ bagua anzɛɛ fealera nu ɔkile yɛ asɔne anzɛɛ ye diedi ne wɔ ngilehilelɛ, nyɛleɛ, ɛzonlenlɛ nee boɛnleanlɛ nu.</para>
  </article>
  <article number="19">
    <title>Edwɛkɛkpɔkɛ 19</title>
    <para>Sonla biala lɛ adenle kɛ ɔdwenle na ɔka edwɛkɛ mɔɔ ɔkulo la; eza ɔlɛ ɔ nwo adenle kɛ ɔfa adwenle biala mɔɔ ngyegyelɛ biala ɛnle nwo na ɔdua nolobɔlɛ ndenle ne mɔ biala anu ɔkpondɛ, ɔtie na ɔka edwɛkɛ ɔkile menli na ɔmaa bɛ adwenle mɔɔ ngyegyelɛ biala ɛnle nwo a.</para>
  </article>
  <article number="20">
    <title>Edwɛkɛkpɔkɛ 20</title>
    <orderedlist>
      <listitem>
	<para>Sonla biala lɛ adenle kɔ ayia anzɛɛ eku mɔɔ anzondwolɛ wɔ nu la bie.</para>
      </listitem>
      <listitem>
	<para>Ɔnle kɛ bɛhyɛ sonla bɛmaa ɔkɔ eku nu.</para>
      </listitem>
    </orderedlist>
  </article>
  <article number="21">
    <title>Edwɛkɛkpɔkɛ 21</title>
    <orderedlist>
      <listitem>
	<para>Sonla biala lɛ adenle boa wɔ ye maanle ne ɛbulɛ nu, ɔlɛ adenle ɔtu ɔ nwo ɔsie ɛkɛ ɔmaa bɛtu yɛ ɔkɔ Mɛlalilɛ Ayia ne bie anzɛɛ ɔboa ɔmaa bɛtu menli bɛkɔ Mɛlalilɛ Ayia ne.</para>
      </listitem>
      <listitem>
	<para>Sonla biala lɛ adenle nyia maanle gyimayɛlɛ nwo nvasoɛ wɔ ye maanle ne anu.</para>
      </listitem>
      <listitem>
	<para>Ezuavolɛ ne ɛhulolɛdeɛ ne a le Arane tumi ne a, bɛkile bɛ ɛhulolɛdeɛ ɛhye wɔ mekɛ biala nee nɔhalɛ ɛmadolɛ mɔɔ awie biala nyia adenle to ye deɛ wɔ feabo nu anzɛɛ wɔ ndenle biala anu mɔɔ ngyegyelɛ biala ɛnle nu la.</para>
      </listitem>
    </orderedlist>
  </article>
  <article number="22">
    <title>Edwɛkɛkpɔkɛ 22</title>
    <para>Awie biala mɔɔ wɔ menli ekpunli avinli la ɔwɔ kɛ maanle ne sinza ye eza ɔwɔ kɛ maanle ne dua ye mɔdenlebɔ nee maanle maanle moalɛ zo, nee kɛ maanle ko biala ye maamulɛ, agyapadeɛ, ezukoa, menli nee maandeɛ gyinlabelɛ ne si de la azo maa sonla ko biala nyia ninyɛne mɔɔ hyia ye anyunlunyia nee ye boɛyɛlɛ nwo la.</para>
  </article>
  <article number="23">
    <title>Edwɛkɛkpɔkɛ 23</title>
    <orderedlist>
      <listitem>
	<para>Sonla biala lɛ adenle yɛ gyima mɔɔ okulo la, Akee noko ɔlɛ adenle kɛ ɔnyia gyima ne anwo ahunlundwolɛ. Eza noko ɔwɔ kɛ maanle ne boa maa awie biala nyia gyima mɔɔ gyima ne ɛnvi ɔ sa a.</para>
      </listitem>
      <listitem>
	<para>Sonla biala lɛ adenle kɛ gyima mɔɔ ɔkɛyɛ la ɔnyia nwolɛ ahatualɛ kɛ mɔɔ saa awie gyɛne a yɛle gyima zɔhane a anrɛɛ ɔkɛnyia ye la.</para>
      </listitem>
      <listitem>
	<para>Sonla biala mɔɔ yɛ gyima la ɔwɔ kɛ nyia nwolɛ ahatualɛ kpalɛ mɔɔ ɔkola ɔfa ɔnea ɔ ye nee ɔ mra amaa bɛ tɛnlabelɛ nu ayɛ kpalɛ a. Eza noko ɔwɔ kɛ ɔnyia ɛzinzalɛ ne mɔɔ maanle ne fa sinza menli la bie.</para>
      </listitem>
      <listitem>
	<para>Sonla biala lɛ adenle boa gyimayɛlɛ Eku nu wɔ ye ɛhulolɛndeɛ ɛzinzalɛ ti.</para>
      </listitem>
    </orderedlist>
  </article>
  <article number="24">
    <title>Edwɛkɛkpɔkɛ 24</title>
    <para>Sonla biala lɛ adenle kɛ ɔdie ye ɛnwomenle bie na ɔdielie ɔ nye, na ɔnyia mekɛ ezinra mɔɔ ɔfa ɔyɛ gyima na eza noko ɔnyia mekɛ mɔɔ saa ɔyɛ gyima dedee a ɔfa ɔdie ye ɛnwomenle bie na bɛtua ye nwolɛ kakɛ la a.</para>
  </article>
  <article number="25">
    <title>Edwɛkɛkpɔkɛ 25</title>
    <orderedlist>
      <listitem>
	<para>Sonla biala lɛ adenle kɛ ɔ nee ɔ ye nee ɔ mra nyia tɛnlabelɛ kpalɛ mɔɔ fale bɛ ngoane, aleɛ, ɛdanlɛ, dabelɛ nee ayileyɛlɛ nee ninyɛne mɔɔ hyia maa bɛ la anwo. Ɔwɔ kɛ bɛnyia moalɛ wɔ mekɛ mɔɔ bɛnyɛ gyima, anwonyane kɛbɔ bɛ, bɛngola gyima yɛ, kunli anzɛɛ yelɛ kɛwu, bɛkɛyɛ mgbanyinli anzɛɛ ɔlua ndenle bie azo bɛngola bɛnnea bɛ nwo la.</para>
      </listitem>
      <listitem>
	<para>Ɔwɔ kɛ mrɛladane nee ngakula nyia moalɛ nee ɛnleanlɛ kpalɛ. Kakula biala, saa bɛgyale ɔ nli anzɛɛ bɛangya ɔ nli na bɛawo na bɛawo ye o, ɔwɔ kɛ bɛnea ye anzɛɛ bɛsinza ye kɛ mɔɔ ɔfɛta la.</para>
      </listitem>
    </orderedlist>
  </article>
  <article number="26">
    <title>Edwɛkɛkpɔkɛ 26</title>
    <orderedlist>
      <listitem>
	<para>Sonla biala lɛ adenle sukoa nwoma. Ɔnle kɛ bɛtua nwomazukoalɛ nwo kakɛ biala, bɔbɔ wɔ mɔlebɛbo nwomazukoalɛ deɛ ne anwo. Ɔwɔ kɛ mɔlebɛbo nwomazukoalɛ ne yɛ nhyɛ maa kakula biala. Ɔwɔ kɛ menli nyia adenle sukoa mbulalɛ nee milahyinli nee gyima nwo nwoma. Eza noko awie biala mɔɔ bɔ mɔdenle la kola sukoa nwoma kpole.</para>
      </listitem>
      <listitem>
	<para>Ɔwɔ kɛ nwomazukoalɛ maa awie biala tɛnlabelɛ nu yɛ kpalɛ na ɔmaa sonla nwo adenlenyianlɛ nee ye atianwolilɛ ne mɔ enililɛ gyinla kpundii. Ɔwɔ kɛ nwomazukoalɛ maa ndelebɛbo, bɛ kunlu ɛlilɛ nee agɔnwolɛyɛlɛ ba maanle maanle avinli, menli anzɛɛ asɔne asɔne avinli na ɔboa ɔmaa Maamgbole Koyɛlɛ gyima ne mɔɔ ɔlɛdi mɔɔ ɔfale anzondwolɛ nwo la di munli.</para>
      </listitem>
      <listitem>
	<para>Awovolɛma lɛ adenle kɛ bɛmaa bɛ mra sukoa nwoma mɔɔ bɛkulo kɛ bɛ mra ne mɔ sukoa la.</para>
      </listitem>
    </orderedlist>
  </article>
  <article number="27">
    <title>Edwɛkɛkpɔkɛ 27</title>
    <orderedlist>
      <listitem>
	<para>Sonla biala lɛ adenle kɛ ɔdaye ɔyɛ maandeɛ nyɛleɛ biala mɔɔ bɛyɛ wɔ maanle anzɛɛ sua ne azo la bie, na eza ɔnyia ninyɛne ɛdolɔlɛ nee abɔdeɛ nwo nrɛlɛbɛ nwo anyuhɔlɛ nvasoɛ ne mɔ bie.</para>
      </listitem>
      <listitem>
	<para>Sonla biala lɛ adenle kɛ ɔnyia debie mɔɔ ɔkɛhɛlɛ mɔɔ fale abɔdeɛ nwo nrɛlɛbɛ, nwoma anzɛɛ debie mɔɔ ɔkɛdolɔ la anwo banebɔlɛ.</para>
      </listitem>
    </orderedlist>
  </article>
  <article number="28">
    <title>Edwɛkɛkpɔkɛ 28</title>
    <para>Sonla biala lɛ adenle kɛ ɔ nee menli nee maanle maanle nu amra di ngitanwo amaa yeanyia adenlenyianlɛ nee atianwolilɛ ne mɔ mɔɔ wɔ Sonla Nwo Adenlenyianlɛ Nwo Nolobɔlɛ ɛhye anu la nwo nvasoɛ kpalɛ.</para>
  </article>
  <article number="29">
    <title>Edwɛkɛkpɔkɛ 29</title>
    <orderedlist>
      <listitem>
	<para>Sonla biala lɛ gyima yɛ fa maa ye menli mɔɔ ɔwɔ bɛ avinli la amaa ɔlua zo yeahola yeanyia anyuhɔlɛ anzɛɛ yeali munli.</para>
      </listitem>
      <listitem>
	<para>Saa sonla biala fa ye adenlenyianlɛ nee atianwolilɛ ne mɔ ayɛ gyima a, ɛnee ɔngile kɛ ɔlɛ adenle ɔbulu mɛla zo; ɔwɔ kɛ ɔdi ɔ gɔnwo mɔ adenlenyianlɛ nee atianwolilɛ ne mɔ eni na ɔbɔ ye ɛbɛla kɛ mɔɔ maanle ne mɔɔ ɔwɔ nu la mɛla ne mɔ mɔɔ fale bɛnwonililɛ, anzondwolɛ nee ye boɛyɛlɛ ne se la.</para>
      </listitem>
      <listitem>
	<para>Ɔnle kɛ bɛdua adenlenyianlɛ nee atianwolilɛ ɛhye mɔ azo bɛyɛ ninyɛne mɔɔ ɔtietia anzɛɛ ɔbulu bodane nee ndenle ne mɔ mɔɔ Maamgbole Koyɛlɛ ne ɛhyehyɛ ɛdo ɛkɛ la azo.</para>
      </listitem>
    </orderedlist>
  </article>
  <article number="30">
    <title>Edwɛkɛkpɔkɛ 30</title>
    <para>Debie biala mɔɔ wɔ Sonla Nwo Adenlenyianlɛ Nwo Nolobɔlɛ ɛhye anu la ɛngyi ɛkɛ ne ɛmmaa maanle ko, anzɛɛ menli ekpunli ko anzɛɛ sonla ko angome mɔɔ ɔmaa ye adenle ɔyɛ debie ɔsɛkye adenlenyianlɛ nee atianwolilɛ ne mɔ mɔɔ bɛhyehyɛ bɛdo ɛkɛ ne la a.</para>
  </article>
</udhr>
