<?xml version="1.0" encoding="UTF-8"?>

<!--© The Office of the High Commisioner for Human Rights-->

<udhr iso639-3='sme' xml:lang='se' key='sme' n='Saami, North' dir='ltr' iso15924='Latn' xmlns="http://www.unhchr.ch/udhr">
   <title>OLMMOŠVUOIGATVUOĐAID OPPAMÁILMMÁLAS JULGAŠTUS</title>
   <preamble>
      <para>Danne go friddjavuođa, vanhurskkisvuođa ja ráfi vuođđu máilmmis lea buot olmmošgoddái gullevaččaid lunddolaš olmmošárvvu dovddiidus ja sin dássásaš ja massemeahttun vuoigatvuođaid dovddiidus,</para>
      <para>danne go olgguštus olmmošvuoigatvuođain ja badjelgeahččanvuohta daid hárrái lea mielddisbuktán veahkájoaš daguid, mat leat suorggahan olmmošgotti oamedovddu, ja danne go álbmogiid alimus joksanmearrin lea dovddastuvvon dakkáraš máilmmi ovdašaddu, gos lea sárdnun- ja oskufriddjavuohta ja gos lea balus ja heađis friddjavuohta,</para>
      <para>danne go lea vealtameahttun dárbbašlaš suodjalit olmmošvuoigatvuođaid lága bokte, amaset olbmot fertet manimuš heađisteaset stuimádaga noastit bággoválddi ja soardu vuostá,</para>
      <para>danne go lea deaŧalaš ovddidit ustitlaš gaskavuođaid gárgedusa náššuvnnaid gaskkas,</para>
      <para>danne go Ovttastuvvon Naššuvnnaid álbmogat lihtu bokte ođđasis duođaštit sin oskkuset olbmo vuođđovuoigatvuođaide, olmmošoktagasa árvui ja mávssolašvuhtii, olmmáiolbmo ja nissonolbmo dássásaš vuoigatvuođaide, ja leat soahpan ovddidit sosiálalaš ovdáneami ja buorránaddit eallineavttuid stuorit friddjavuođa siste,</para>
      <para>danne go miellahttostádat leat geatnegahttán iežaset, Ovttastuvvon Náššuvnllaiguin ovttasbarggadettiin, váfistit olmmošvuoigatvuođaid oppalaš gudnejahttojumi ja doahttaleami,</para>
      <para>danne go dáid vuoigatvuođaid ja friddjavuođaid oktasaš ipmárdusas lea stuorimus mávssolašvuohta dan fertemuša duohtandahkamis,</para>
      <para>de danne</para>
      <para>OAIVEČOAHKKIN</para>
      <para>dákko bokte almmuha</para>
      <para>dán olmmošvuoigatvuođaid oppamáilmmálaš julggaštusa oktasaš joksanmearrin buot álbmogiidda ja buot naššuvnnaide vai juohke olmmošoktagas ja juohke servodateisseváldi, álo muittus anedettiin dán julggaštusa, vikkašii oahpahusa ja bajásgeassima bokte ovddidit gudnejahttojumi dáid vuoigatvuođaid ja friddjavuođaid hárrái, ja naššuvnnalaš ja internaššuvnnalaš doaibmabijuid bokte váfistit ahte dat šaddet oppalaččat ja fámolaččat dovddastuvvot ja doahttaluvvot sihke miellahttostáhtaid iežas álbmoga siste ja daid lágaváldi vuolde orru rádjosiid álbmogiid siste.</para>
   </preamble>
   <article number="1">
      <title>Artihkkal 1.</title>
      <para>Buot olbmot leat riegádan friddjan ja olmmošárvvu ja olmmošvuoigatvuođaid dáfus. Sii leat jierbmalaš olbmot geain lea oamedovdu ja sii gálggaše leat dego vieljačagat.</para>
   </article>
   <article number="2">
      <title>Artihkkal 2.</title>
      <para>Juohkehaš lea vuoigaduvvon buot daid vuoigatvuođaide ja friddjavuođaide, mat dán julggaštusas leat namahuvvon, almmá mange vealahaga, náli, ivnni, sohkabeali, giela, oskku, politihkalaš dahje eará miellaguottu, naššuvnnalaš dahje sosiálalaš surggiideami, opmodaga, riegádeami dahje eará dilálašvuođa dáfus.</para>
      <para>Orruneatnama dahje -guovllu politihkalaš, lágaválddálaš dahje internaššuvnnalaš dilli maiddá ii galgga váikkuhit vealahusa, lehkos dat eanan dahje guovlu iešstivrejeaddji dahje earáid geahču vuolde dahje muđui mange láhkái earáid hálddus stivrra dáfus.</para>
  </article>
   <article number="3">
      <title>Artihkkal 3.</title>
      <para>Juohke olbmos lea vuoigatvuohta eallimii, friddjavuhtii ja persovnnalaš oadjebasvuhtii.</para>
   </article>
   <article number="4">
      <title>Artihkkal 4.</title>
      <para>Ii oktage galgga dollojuvvot šlávvan dahje bággu bálvalusas. Šlávvavuohta ja šlávvagávppi joraheapmi, vaikko guđege vuogi mielde, galgá leat gildojuvvon.</para>
   </article>
   <article number="5">
      <title>Artihkkal 5.</title>
      <para>Ii oktage galgga illastusa vuollái dagahuvvot dahje goaves, olmmošmeahttun dahje vuolideaddji gieđahallama dahje ráŋggáštusa vuollái.</para>
   </article>
   <article number="6">
      <title>Artihkkal 6.</title>
      <para>Juohke olbmos lea juohke sajis vuoigatvuohta dasa, ahte son galgá dovddastuvvot olmmošoktagassan lága ovddas.</para>
   </article>
   <article number="7">
      <title>Artihkkal 7.</title>
      <para>Buohkat leat lága ovddas dássásaččat ja almmá mangelágán vealahusa haga lea buohkain vuoigatvuohta oažžut seammá láhkasuodjalusa. Buohkain lea dássásaš vuoigatvuohta oažžut lága suodjalusa buotlágán vealahusa vuostá, man bokte dát julggaštus rihkkojuvvo, ja juohkelágán ávžžullusa vuostá danlágán vealahusa dahkamii.</para>
   </article>
   <article number="8">
      <title>Artihkkal 8.</title>
      <para>Juohkehaččas lea vuoigatvuohta oažžut ulmmálaš veahki dohkálaš naššuvnnalaš duopmostuoluin dakkáraš daguid vuostá mat rihkkot daid vuođđodahkki vuoigatvuođaid, mat leat sutnje addon vuođđoásahusa dahje lága bokte.</para>
   </article>
   <article number="9">
      <title>Artihkkal 9.</title>
      <para>Ii oktage galgga sahte sivas gitta váldojuvvot, giddagassii biddjojuvvot dahje riikkabáhtarussii áddjojuvvot.</para>
   </article>
   <article number="10">
      <title>Artihkkal 10</title>
      <para>Go geange vuoigatvuođat ja geatnegasvuođat galget mearriduvvot, ja go su vuostá nostojuvvon ráŋggáštuslivahis galgá merrejuvvot, de juohke olbmos lea ollislaš dássásaš vuoigatvuohta oažžut vánhurskkis ja almmolaš ášševuodjima sorjjasmeahttun ja bealátgeahtes duopmostuolo ovddas.</para>
   </article>
   <article number="11">
      <title>Artihkkal 11.</title>
      <orderedlist>
         <listitem>
            <para>Juohke olbmos guhte ráŋggáštusvuloš daguin sivahuvvo, lea vuoigatvuohta lohkkojuvvot vigiheapmin gitta dasságo su sivalašvuohta lea nanuduvvon almmolaš duopmostuolu riektemeanuin, main sus leat leamaš buot dat dáhkádusat mat leat dárbbašlaččat iežas bealuštussii.</para>
         </listitem>
         <listitem>
            <para>Ii oktage galgga dubmejuvvot ráŋggáštussii dakkár dagu dahje šláibmahusa ovddas, mii dahkuáiggi ii lean ráŋggáštusvuloš naššuvnnalaš lága mielde dahje álbmotrievtti mielde. Iige galgga garraset duomu sáhttit cealkit go dan mii lágas leai mearriduvvon dalle go ráŋggáštusvuloš dahku dáhpáhuvai.</para>
         </listitem>
      </orderedlist>
   </article>
   <article number="12">
      <title>Artihkkal 12.</title>
      <para>Ii oktage galgga gillát evttolaš seaguheami iežas olitahašeallimii, bearrašii, ruktui dahje reivelonohallamii, iige alageavvama gudni dahje máinnolmasvuođa ala. Juohkeilaš lea vuoigaduvvon lága suodjalussii dakkár seaguheami dahje alageavvama vuostá.</para>
   </article>
   <article number="13">
      <title>Artihkkal 13.</title>
      <orderedlist>
         <listitem>
            <para>Juohkehaččas lea vuoigatvuohta friddja johtalit ja friddja válljet alccesis orrunsaji stáhta rájiid siskkobealde.</para>
         </listitem>
         <listitem>
            <para>Juohkehaččas lea vuoigatvuohta vuolgit riikkas eret, maiddái iežas riikkas, ja máhccat ruoktot su iežas riikii.</para>
         </listitem>
      </orderedlist>
   </article>
   <article number="14">
      <title>Artihkkal 14.</title>
      <orderedlist>
         <listitem>
            <para>Juohkehaččas lea vuoigatvuohta vierroriikkain ohcat ja oažžut dorvobáikki doarrádallama sivas.</para>
         </listitem>
         <listitem>
            <para>Dát vuoigatvuohta ii sáhte čurvojuvvot doarjjan go riektedoarrádallama duođalaš vuođđun leat eahpepolitihkalaš rihkkosat dahje dagut, mat leat Ovttastuvvon Náššuvnnaid ulbmiliid ja vuođđojurdagiid vuostá.</para>
         </listitem>
      </orderedlist>
   </article>
   <article number="15">
      <title>Artihkkal 15.</title>
      <orderedlist>
         <listitem>
            <para>Juohkehaččas lea vuoigatvuohta stáhtaboargárvuhtii.</para>
         </listitem>
         <listitem>
            <para>Ii ovttasge galgga evttolaččat váldojuvvot eret stáhtaboargárvuohta, dahje biehttaluvvot vuoigatvuohta molsut stáhtaboargarvuođa.</para>
         </listitem>
      </orderedlist>
   </article>
   <article number="16">
      <title>Artihkkal 16.</title>
      <orderedlist>
         <listitem>
            <para>Dievasahkásaš olmmáiolbmuin ja nissonolbmuin lea vuoigatvuohta náitalit ja vuođđudit bearraša almmá mange ráddjehusailaga mii boahtá nális, náššuvnnalašvuođas dahje oskkus. Sis lea gáibádus dássásaš vuoigatvuođaide náitosa dáfus, náitosa áiggi ja náitosa háddjehusa maŋŋá.</para>
         </listitem>
         <listitem>
            <para>Náittosvuhtii mannan galgá dušše dalle dáhpáhuvvat go friddja ja ollislaš mieđáhus guktuid saddi beallelačcaid bealis lea duođaštuvvon.</para>
         </listitem>
         <listitem>
            <para>Bearaš lea servodaga lunddolas vuođđooktavuohta ja servodat ja stáhta galgá dan suodjalit.</para>
         </listitem>
      </orderedlist>
   </article>
   <article number="17">
      <title>Artihkkal 17.</title>
      <orderedlist>
         <listitem>
            <para>Juolliieilaččas lea vuoigatvuohta opmodaga eaiggáduššat, okto dahje earrásiiguin searválagaid.</para>
         </listitem>
         <listitem>
            <para>Ii ovttasge galgga su opmodaga evttolaččat eret váldojuvvot.</para>
         </listitem>
      </orderedlist>
   </article>
   <article number="18">
      <title>Artihkkal 18.</title>
      <para>Juohkehaččas lea vuoigatvuohta jurddašan-, oamedovddu- ja oskufriddjavuhtii. Dát vuoigatvuohta sisttisdoallá friddjavuođa religiovnna dahje oskku ovdandoallamii juogo okto dahje earrásiiguin searválagaid, almmolaččat dahje oktasaččat, oallpalleami bokte, meanuid bokte, bálvalusa bokte ja religiovnnalaš vieruid basuhemiin.</para>
   </article>
   <article number="19">
      <title>Artihkkal 19.</title>
      <para>Juohkehaččas lea vuoigatvuohta oaivil- ja sátnefriddjavuhtii. Dát vuoigatvuohta sisttisdoallá friddjavuođa čuoččuhit oaiviliid almmá earrásiid seaguhushága, ja friddjavuođa ohcat, vuostáváldit ja almmuhit dieđuid ja oainnuid juohkelágán almmuhusgaskomiid čađa, beroškeahttá riikarájiin.</para>
   </article>
   <article number="20">
      <title>Artihkkal 20</title>
      <orderedlist>
          <listitem>
            <para>Juohkehaččas lea vuoigatvuohta ráfálaš čoahkkimiin ja ovttastumiin friddja oassádallat.</para>
         </listitem>
         <listitem>
            <para>Ii oktage galgga bággejuvvot searvat makkárge ovttastupmái.</para>
         </listitem>
     </orderedlist>
   </article>
   <article number="21">
      <title>Artihkkal 21</title>
      <orderedlist>
         <listitem>
            <para>Juohkehaččas lea vuoigatvuohta lea osolaš iežas riikka stivrejumis, juogo vuigestaga dahje friddja válljejuvvon ovddasteddjiid bokte.</para>
         </listitem>
         <listitem>
            <para>Juohkehaččas lea dássásaš vuoigatvuohta beassat iežas riikka almmolaš doaimmaide.</para>
         </listitem>
         <listitem>
            <para>Álbmoga dáhttu lea almmolaš válddi vuođđu. Dát dáhttu galgá dovdosii boahtit mearreáigásaš ja duođalaš válggain main oppalaš ja dássásaš jienastanvuoigatvuohta čiegus jienasteapmi dahje eará ovttaárvosaš friddja jienastanvuohki.</para>
         </listitem>
      </orderedlist>
   </article>
   <article number="22">
      <title>Artihkkal 22</title>
      <para>Servodatmiellahttun lea juohkehaččas vuoigatvuohta sosiálalaš oadjebasvuhtii ja juohkehaš sáhttá gáibidit ahte dat ekonomalaš, sosiálalaš ja kultuvrralaš buorit, mat leat vealtameahttun dárbbašlaččat olbmo árvui ja su persovnnalaš friddja ovdáneapmái, duohtandahkkojuvvojit naššuvnnalaš doaibmabijuid bokte ja internaššuvnnalaš ovttasbarggu bokte vuhtiiválddedettiin juohke sierralaš stáhta organisašuvnna ja veahkkeváriid.</para>
   </article>
   <article number="23">
      <title>Artihkkal 23</title>
      <orderedlist>
         <listitem>
            <para>Juohkehaččas lea dássásaš vuoigatvuohta oažžut barggu, beassat friddja válljet alccesis fitnu, oažžut vánhurskkis ja buriid bargoeavttuid ja oažžut suodjalusa bargguhisvuođa vuostá.</para>
         </listitem>
         <listitem>
            <para>Almmá mange vealahusahaga lea juohkehaččas vuoigatvuohta oažžut seammá bálkká seammá barggu ovddas.</para>
         </listitem>
         <listitem>
            <para>Juohke barggolaččas lea vuoigatvuohta oažžut vánhurskkis ja govttolaš mávssu, mii dáhkida sutnje alccesis ja su bearrašii olmmošárvvolaš áigáboađu, ja mii, juos dárbbašlažžan čájehuvvo, ollistuvvo eará sosiálalaš suodjalusa bokte.</para>
         </listitem>
         <listitem>
            <para>Juohkehaččas lea vuoigatvuohta vuođđudit fágaservviid, ja miellahttun searvat dakkáriidda, suodjalan dihte iežas beroštumiid.</para>
         </listitem>
      </orderedlist>
   </article>
   <article number="24">
      <title>Artihkkal 24</title>
      <para>Juohkehaččas lea vuoigatvuohta vuoigatvuohta vuoiŋŋadussii ja luopmoáigái: dan vuoigatvuođa vuollái gullá maiddái bargoáiggi govttolaš ráddjehus ja mearreáigásaš bálkkáhuvvon luopmu.</para>
   </article>
   <article number="25">
      <title>Artihkkal 25</title>
      <orderedlist>
         <listitem>
            <para>Juohkehaččas lea vuoigatvuohta dan muddosaš eallindássái, ahte dat dáhkida su ja su bearraša dearvvašvuođa ja buorredili borramuša, biktasiid, ásodaga ja dearvvašfuola dáfus, ja maiddái dárbbašlaš sosiálalaš addosiid dáfus ja velá lassin oadjebasvuođa dáfus go bargguhisvuohta , buohcuvuođa, bargolámisvuohta, leaskavuohta, boarisvuohta dahjege muđui birgenvádjitvuohta deaivida, masa olmmoš ieš ii leat sivalaš.</para>
         </listitem>
         <listitem>
            <para>Etniin ja mánáin lea vuoigatvuohta sierralaš ovddasmorrašii ja veahkkái. Buot mánáin, lehkoset sii dal riegádan náittosvuođa siskkobealde dahje olggobealde, galgá lea seammá sosiálalaš suodjalus.</para>
         </listitem>
      </orderedlist>
   </article>
   <article number="26">
      <title>Artihkkal 26.</title>
      <orderedlist>
         <listitem>
            <para>Juohkehaččas lea vuoigatvuohta oahpahussii. Oahpahus galgá addojuvvot almmá mávssushága, goit álgo- ja vuođđooahpahusa dáfus. Álgooahpahus galgá leat bákkolaš. Buohkain galgá leat vejolašvuohta fidnooahpahusa oažžut ja buohkaide galgá leat dássásaš vejolašvuohta váldit alit oahpahusa veajuideaset mielde.</para>
         </listitem>
         <listitem>
            <para>Oahpahus galgá atnit joksanmearrin gárgedit olmmošlaš persovnnalašvuođa ja nannudit olmmošvuoigatvuođaid ja vuođđodahkki friddjavuođaid gudnejahttojumi. Dat galgá ovddidit ipmárdusa, subálašvuođa ja ustitvuođa buot naššuvnnaid, buot nállejuhkosiid ja buot religiovnna juhkosiid gaskkas ja dat galgá ovdánahttit Ovttastuvvon Naššuvnnaid barggu bisuhan dihte ráfi.</para>
         </listitem>
         <listitem>
            <para>Vánhemiin lea vuosttassadjásaš vuoigatvuohta válljet sin mánáideaset várás oahpahusvuogi.</para>
         </listitem>
      </orderedlist>
   </article>
   <article number="27">
      <title>Artihkkal 27.</title>
      <orderedlist>
         <listitem>
            <para>Juohkehaččas lea vuoigatvuohta friddja oassádallat servodaga kultuvrralaš eallimis, návddašit máhttádiin ja šaddat osolažžan dieđalaš ovdáneapmái ja daid buriide, mat das čuvvot.</para>
         </listitem>
         <listitem>
            <para>Juohkehačcas lea vuoigatvuohta oažžut daidda vuoiŋŋalaš ja ávnnaslaš beroštumiide suodjalusa, mat čuvvot boađusin vaikko guđelágán dieđalas, girjjálaš dahje máhtolaš dahkosis, maid guhtege ieš lea ávdnen.</para>
         </listitem>
      </orderedlist>
   </article>
   <article number="28">
      <title>Artihkkal 28.</title>
      <para>Juohkehaš sáhttá gáibidit dakkár sosiálalaš ja internašuvnnalaš ortnega mii ollislaččat sáhttá duohtandahkat daid vuoigatvuođaid ja friddjavuođaid , mat dán julggaštusas leat namuhuvvon.</para>
   </article>
   <article number="29">
      <title>Artihkkal 29.</title>
      <orderedlist>
         <listitem>
            <para>Juohkellaččas leat dat geatnegasvuođat servodaga guovdu, mat aittonassii dahket vejolažžan persovnnalašvuođa friddja ja dievaslaš ovdáneami.</para>
         </listitem>
         <listitem>
            <para>Geavahettiin vuoigatvuođaidis ja návddašettiin friddjavuođaidis ii leat oktage earálágán ráddjehusa vuloš, go dakkáriid mat lága bokte leat mearriduvvon aittonassii dáhkidan dihte earrásiid vuoigatvuođaid ja friddjavuođaid dárbbašlaš dovdiidusa ja gudnejahttojumi ja deavdin dihte daid gáibádusaid maid morála, almmolaš ortnet ja oppalaš buorredilli demokráhtalaš servodagas rievttuid mielde ovdandivvu.</para>
         </listitem>
         <listitem>
            <para>Diet vuoigatvuođat ja friddjavuođat eai guđege dáhpáhusas sáhte adnojuvvot vuostá Ovttastuvvon Náššsuvnnaid ulbmiliid ja vuođđojurdagiid.</para>
         </listitem>
      </orderedlist>
   </article>
   <article number="30">
      <title>Artihkkal 30.</title>
      <para>Ii mihkkige dán julggaštusas sáhte nu dulkojuvvot ahte dat vuoigada ovttage stáhta, juhkosa dahje olmmošoktagasa oassádallat dakkár doaimmas, dahje dahkat dakkár dagu, mii duššindagašii ovttage dain vuoigatvuođain dahje friddjavuođain mat leat namahuvvon Julggaštusas.</para>
   </article>
</udhr>
