<?xml version="1.0" encoding="UTF-8"?>

<!--© The Office of the High Commisioner for Human Rights-->

<udhr iso639-3='hin' xml:lang='hi' key='hin' n='Hindi' dir='ltr' iso15924='Deva' xmlns="http://www.unhchr.ch/udhr">
   <title>मानव अधिकारों की सार्वभौम घोषणा</title>
   <note>
      <para>१० दिसम्बर १९४८ को यूनाइटेड नेशन्स की जनरल असेम्बली ने मानव अधिकारों की सार्वभौम घोषणा को स्वीकृत और घोषित किया । इसका पूर्ण पाठ आगे के पृष्ठों में दिया गया है । इस ऐतिहासिक कार्य के बाद ही असेम्बली ने सभी सदस्य देशों से अपील की कि वे इस घोषणा का प्रचार करें और देशों अथवा प्रदेशों की राजनैतिक स्थिति पर आधारित भेदभाव का विचार किए बिना, विशेषतः स्कूलों और अन्य शिक्षा संस्थाओं में इसके प्रचार, प्रदर्शन, पठन और व्याख्या का प्रबन्ध करें ।</para>
      <para>इसी घोषणा का सरकारी पाठ संयुक्त राष्ट्रों की इन पांच भाषाओं में प्राप्य हैः—अंग्रेजी, चीनी, फ्रांसीसी, रूसी और स्पेनिश । अनुवाद का जो पाठ यहां दिया गया है, वह भारत सरकार द्वारा स्वीकृत है ।</para>
   </note>
   <preamble>
      <title>प्रस्तावना</title>
      <para>चूंकि मानव परिवार के सभी सदस्यों के जन्मजात गौरव और समान तथा अविच्छिन्न अधिकार की स्वीकृति ही विश्व-शान्ति, न्याय और स्वतन्त्रता की बुनियाद है,</para>
      <para>चूंकि मानव अधिकारों के प्रति उपेक्षा और घृणा के फलस्वरूप ही ऐसे बर्बर कार्य हुए जिनसे मनुष्य की आत्मा पर अत्याचार किया गया, चूंकि एक ऐसी विश्व-व्यवस्था की उस स्थापना को ( जिसमें लोगों को भाषण और धर्म की आज़ादी तथा भय और अभाव से मुक्ति मिलेगी ) सर्वसाधारण के लिए सर्वोच्च आकांक्षा घोषित किया गया है,</para>
      <para>चूंकि अगर अन्याययुक्त शासन और जुल्म के विरुद्घ लोगों को विद्रोह करने के लिए—उसे ही अन्तिम उपाय समझ कर—मजबूर नहीं हो जाना है, तो कानून द्वारा नियम बनाकर मानव अधिकारों की रक्षा करना अनिवार्य है,</para>
      <para>चूंकि राष्ट्रों के बीच मैत्रीपूर्ण सम्बन्धों को बढ़ाना ज़रूरी है,</para>
      <para>चूंकि संयुक्त राष्ट्रों के सदस्य देशों की जनताओं ने बुनियादी मानव अधिकारों में, मानव व्यक्तित्व के गौरव और योग्यता में और नरनारियों के समान अधिकारों में अपने विश्वास को अधिकार-पत्र में दुहराया है और यह निश्चय किया है कि अधिक व्यापक स्वतन्त्रता के अन्तर्गत सामाजिक प्रगति एवं जीवन के बेहतर स्तर को ऊंचा किया जाया,</para>
      <para>चूंकि सदस्य देशों ने यह प्रतिज्ञा को है कि वे संयुक्त राष्ट्रों के सहयोग से मानव अधिकारों और बुनियादी आज़ादियों के प्रति सार्वभौम सम्मान की वृद्घि करेंगे,</para>
      <para>चूंकि इस प्रतिज्ञा को पूरी तरह से निभाने के लिए इन अधिकारों और आज़ादियों का स्वरूप ठीक-ठीक समझना सबसे अधिक ज़रूरी है । इसलिए, अब,</para>
      <para>सामान्य सभा</para>
      <para>घोषित करती है कि</para>
      <para>मानव अधिकारों की यह सार्वभौम घोषणा सभी देशों और सभी लोगों की समान सफलता है । इसका उद्देश्य यह है कि प्रत्येक व्यक्ति और समाज का प्रत्येक भाग इस घोषणा को लगातार दृष्टि में रखते हुए अध्यापन और शिक्षा के द्वारा यह प्रयत्न करेगा कि इन अधिकारों और आज़ादियों के प्रति सम्मान की भावना जाग्रत हो, और उत्तरोत्तर ऐसे राष्ट्रीय तथा अन्तर्राष्ट्रीय उपाय किये जाएं जिनसे सदस्य देशों की जनता तथा उनके द्वारा अधिकृत प्रदेशों की जनता इन अधिकारों की सार्वभौम और प्रभावोत्पादक स्वीकृति दे और उनका पालन करावे ।</para>
   </preamble>
   <article number="1">
      <title>अनुच्छेद १.</title>
      <para>सभी मनुष्यों को गौरव और अधिकारों के मामले में जन्मजात स्वतन्त्रता और समानता प्राप्त है । उन्हें बुद्धि और अन्तरात्मा की देन प्राप्त है और परस्पर उन्हें भाईचारे के भाव से बर्ताव करना चाहिए ।</para>
   </article>
   <article number="2">
      <title>अनुच्छेद २.</title>
      <para>सभी को इस घोषणा में सन्निहित सभी अधिकारों और आज़ादियों को प्राप्त करने का हक़ है और इस मामले में जाति, वर्ण, लिंग, भाषा, धर्म, राजनीति या अन्य विचार-प्रणाली, किसी देश या समाज विशेष में जन्म, सम्पत्ति या किसी प्रकार की अन्य मर्यादा आदि के कारण भेदभाव का विचार न किया जाएगा ।</para>
      <para>इसके अतिरिक्त, चाहे कोई देश या प्रदेश स्वतन्त्र हो, संरक्षित हो, या स्त्रशासन रहित हो या परिमित प्रभुसत्ता वाला हो, उस देश या प्रदेश की राजनैतिक, क्षेत्रीय या अन्तर्राष्ट्रीय स्थिति के आधार पर वहां के निवासियों के प्रति कोई फ़रक़ न रखा जाएगा ।</para>
   </article>
   <article number="3">
      <title>अनुच्छेद ३.</title>
      <para>प्रत्येक व्यक्ति को जीवन, स्वाधीनता और वैयक्तिक सुरक्षा का अधिकार है ।</para>
   </article>
   <article number="4">
      <title>अनुच्छेद ४.</title>
      <para>कोई भी ग़ुलामी या दासता की हालत में न रखा जाएगा, ग़ुलामी-प्रथा और ग़ुलामों का व्यापार अपने सभी रूपों में निषिद्ध होगा ।</para>
   </article>
   <article number="5">
      <title>अनुच्छेद ५.</title>
      <para>किसी को भी शारीरिक यातना न दी जाएगी और न किसी के भी प्रति निर्दय, अमानुषिक या अपमानजनक व्यवहार होगा ।</para>
   </article>
   <article number="6">
      <title>अनुच्छेद ६.</title>
      <para>हर किसी को हर जगह क़ानून की निग़ाह में व्यक्ति के रूप में स्वीकृति-प्राप्ति का अधिकार है ।</para>
   </article>
   <article number="7">
      <title>अनुच्छेद ७.</title>
      <para>क़ानून की निग़ाह में सभी समान हैं और सभी बिना भेदभाव के समान क़ानूनी सुरक्षा के अधिकारी हैं । यदि इस घोषणा का अतिक्रमण करके कोई भी भेद-भाव किया जाया उस प्रकार के भेद-भाव को किसी प्रकार से उकसाया जाया, तो उसके विरुद्ध समान संरक्षण का अधिकार सभी को प्राप्त है ।</para>
   </article>
   <article number="8">
      <title>अनुच्छेद ८.</title>
      <para>सभी को संविधान या क़ानून द्वारा प्राप्त बुनियादी अधिकारों का अतिक्रमण करने वाले कार्यों के विरुद्ध समुचित राष्ट्रीय अदालतों की कारगर सहायता पाने का हक़ है ।</para>
   </article>
   <article number="9">
      <title>अनुच्छेद ९.</title>
      <para>किसी को भी मनमाने ढंग से गिरफ़्तार, नज़रबन्द या देश-निष्कासित न किया जाएगा ।</para>
   </article>
   <article number="10">
      <title>अनुच्छेद १०.</title>
      <para>सभी को पूर्णतः समान रूप से हक़ है कि उनके अधिकारों और कर्तव्यों के निश्चय करने के मामले में और उन पर आरोपित फौज़दारी के किसी मामले में उनकी सुनवाई न्यायोचित और सार्वजनिक रूप से निरपेक्ष एवं निष्पक्ष अदालत द्वारा हो ।</para>
   </article>
   <article number="11">
      <title>अनुच्छेद ११.</title>
      <orderedlist>
         <listitem tag="(१)">
            <para>प्रत्येक व्यक्ति, जिस पर दण्डनीय अपराध का आरोप किया गया हो, तब तक निरपराध माना जाएगा, जब तक उसे ऐसी खुली अदालत में, जहां उसे अपनी सफ़ाई की सभी आवश्यक सुविधाएं प्राप्त हों, कानून के अनुसार अपराधी न सिद्ध कर दिया जाया ।</para>
         </listitem>
         <listitem tag="(२)">
            <para>कोई भी व्यक्ति किसी भी ऐसे कृत या अकृत (अपराध) के कारण उस दण्डनीय अपराध का अपराधी न माना जाएगा, जिसे तत्कालीन प्रचलित राष्ट्रीय या अन्तर्राष्ट्रीय क़ानून के अनुसार दण्डनीय अपराध न माना जाए और न उससे अधिक भारी दण्ड दिया जा सकेगा, जो उस समय दिया जाता जिस समय वह दण्डनीय अपराध किया गया था ।</para>
         </listitem>
      </orderedlist>
   </article>
   <article number="12">
      <title>अनुच्छेद १२.</title>
      <para>किसी व्यक्ति की एकान्तता, परिवार, घर या पत्रव्यवहार के प्रति कोई मनमाना हस्तक्षेप न किया जाएगा, न किसी के सम्मान और ख्याति पर कोई आक्षेप हो सकेगा । ऐसे हस्तक्षेप या आधेपों के विरुद्ध प्रत्येक को क़ानूनी रक्षा का अधिकार प्राप्त है ।</para>
   </article>
   <article number="13">
      <title>अनुच्छेद १३.</title>
      <orderedlist>
         <listitem tag="(१)">
            <para>प्रत्येक व्यक्ति को प्रत्येक देश की सीपाओं के अन्दर स्वतन्त्रतापूर्वक आने, जाने और बसने का अधिकार है ।</para>
         </listitem>
         <listitem tag="(२)">
            <para>प्रत्येक व्यक्ति को अपने या पराये किसी भी देश को छोड़नो और अपने देश को वापस आनो का अधिकार है ।</para>
         </listitem>
      </orderedlist>
   </article>
   <article number="14">
      <title>अनुच्छेद १४.</title>
      <orderedlist>
         <listitem tag="(१)">
            <para>प्रत्येक व्यक्ति को सताये जाने पर दूसरे देशों में शरण लेने और रहने का अधिकार है ।</para>
         </listitem>
         <listitem tag="(२)">
            <para>इस अधिकार का लाभ ऐसे मामलों में नहीं मिलेगा जो वास्तव में गैर-राजनीतिक अपराधों से सम्बन्धित हैं, या जो संयुक्त राष्ट्रों के उद्देश्यों और सिद्धान्तों के विरुद्ध कार्य हैं ।</para>
         </listitem>
      </orderedlist>
   </article>
   <article number="15">
      <title>अनुच्छेद १५.</title>
      <orderedlist>
         <listitem tag="(१)">
            <para>प्रत्येक व्यक्ति को किसी भी राष्ट्र-विशेष को नागरिकता का अधिकार है ।</para>
         </listitem>
         <listitem tag="(२)">
            <para>किसी को भी मनमाने ढंग से अपने राष्ट्र की नागरिकता से वंचित न किया जाएगा या नागरिकता का यरिवर्तन करने से मना न किया जाएगा ।</para>
         </listitem>
      </orderedlist>
   </article>
   <article number="16">
      <title>अनुच्छेद १६.</title>
      <orderedlist>
         <listitem tag="(१)">
            <para>बालिग़ स्त्री-पुरुषों को बिना किसी जाति, राष्ट्रीयता या धर्म की रुकावटों के आपस में विवाह करने और परिवार को स्थापन करने का अधिकार है । उन्हें विवाह के विषय में वैवाहिक जीवन में, तथा विवाह विच्छेड के बारे में समान अधिकार है ।</para>
         </listitem>
         <listitem tag="(२)">
            <para> विवाह का इरादा रखने वाले स्त्री-पुरुषों की पूर्ण और स्वतन्त्र सहमित पर ही विवाह हो सकेगा ।</para>
         </listitem>
         <listitem tag="(३)">
            <para>परिवार समाज की स्वाभाविक और बुनियादी सामूहिक इकाई है और उसे समाज तथा राज्य द्वारा संरक्षण पाने का अधिकार है ।</para>
         </listitem>
      </orderedlist>
   </article>
   <article number="17">
      <title>अनुच्छेद १७.</title>
      <orderedlist>
         <listitem tag="(१)">
            <para>प्रत्येक व्यक्ति को अकेले और दूसरों के साथ मिलकर सम्मति रखने का अधिकार है ।</para>
         </listitem>
         <listitem tag="(२)">
            <para>किसी को भी मनमाने ढंग से अपनी सम्मति से वंचित न किया जाएगा ।</para>
         </listitem>
      </orderedlist>
   </article>
   <article number="18">
      <title>अनुच्छेद १८.</title>
      <para>प्रत्येक व्यक्ति को विचार, अन्तरात्मा और धर्म की आज़ादी का अधिकार है । इस अधिकार के अन्तर्गत अपना धर्म या विश्वास बदलने और अकेले या दूसरों के साथ मिलकर तथा सार्वजनिक रूप में अथवा निजी तोर पर अपने धर्म या विश्वास को शिक्षा, क्रिया, उपासना, तथा व्यवहार के द्वारा प्रकट करने की स्वतन्त्रता है ।</para>
   </article>
   <article number="19">
      <title>अनुच्छेद १९.</title>
      <para>प्रत्येक व्यक्ति को विचार और उसकी अभिव्यक्ति की स्वतन्त्रता का अधिकार है । इसके अन्तर्गत बिना हस्तक्षेप के कोई राय रखना और किसी भी माध्यम के ज़रिए से तथा सीमाओं की परवाह न कर के किसी की मूचना और धारणा का अन्वेषण, प्रहण तथा प्रदान सम्मिलित है ।</para>
   </article>
   <article number="20">
      <title>अनुच्छेद २०.</title>
      <orderedlist>
         <listitem tag="(१)">
            <para>प्रत्येक व्यक्ति को शान्ति पूर्ण सभा करने या समिति बनाने की स्वतन्त्रता का अधिकार है ।</para>
         </listitem>
         <listitem tag="(२)">
            <para>किसी को भी किसी संस्था का सदस्य बनने के लिए मजबूर नहीं किया जा सकता ।</para>
         </listitem>
      </orderedlist>
   </article>
   <article number="21">
      <title>अनुच्छेद २१.</title>
      <orderedlist>
         <listitem tag="(१)">
            <para>प्रत्येक व्यक्ति को अपने देश के शासन में प्रत्यक्ष रूप से या स्वतन्त्र रूप से चुने गए प्रतिनिधियों के ज़रिए हिस्सा लेने का अधिकार है ।</para>
         </listitem>
         <listitem tag="(२)">
            <para>प्रत्येक व्यक्ति को अपने देश की सरकारी नौकरियों को प्राप्त करने का समान अधिकार है ।</para>
         </listitem>
         <listitem tag="(३)">
            <para>सरकार की सत्ता का आधार जनता की दच्छा होगी । इस इच्छा का प्रकटन समय-समय पर और असली चुनावों द्वारा होगा । ये चुनाव सार्वभौम और समान मताधिकार द्वारा होंगे और गुप्त मतदान द्वारा या किमी अन्य समान स्वतन्त्र मतदान पद्धति से कराये जाएंगे ।</para>
         </listitem>
      </orderedlist>
   </article>
   <article number="22">
      <title>अनुच्छेद २२.</title>
      <para>समाज के एक सदस्य के रूप में प्रत्येक व्यक्ति को सामाजिक सुरक्षा का अधिकार है और प्रत्येक व्यक्ति को अपने व्यक्तित्व के उस स्वतन्त्र विकास तथा गोरव के लिए—जो राष्ट्रीय प्रयत्न या अन्तर्राष्ट्रीय सहयोग तथा प्रत्येक राज्य के संगठन एवं साधनों के अनुकूल हो—अनिकार्यतः आवश्यक आर्थिक, सामाजिक, और सांस्कृतिक अधिकारों की प्राप्ति का हक़ है ।</para>
   </article>
   <article number="23">
      <title>अनुच्छेद २३.</title>
      <orderedlist>
         <listitem tag="(१)">
            <para>प्रत्येक व्यक्ति को काम करने, इच्छानुमार रोज़गार के चुनाव, काम की उचित और सुविधाजनक परिस्थितियों को प्राप्त करने और बेकारी से संरक्षण पाने का हक़ है ।</para>
         </listitem>
         <listitem tag="(२)">
            <para>प्रत्येक व्यक्ति को समान कार्य के लिए बिना किसी भेदभाव के समान मज़दूरी पाने का अधिकार है ।</para>
         </listitem>
         <listitem tag="(३)">
            <para>प्रत्येक व्यक्ति को जो काम करता है, अधिकार है कि वह इतनी उचित और अनुकूल मज़दूरी पाए, जिससे वह अपने लिए और अपने परिवार के लिए ऐसी आजीविका का प्रबन्ध कर मके, जो मानवीय गौरव के योग्य हो तथा आवश्यकता होने पर उसकी पूर्ति अन्य प्रकार के सामाजिक संरक्षणों द्वारा हो सके ।</para>
         </listitem>
         <listitem tag="(४)">
            <para>प्रत्येक व्यक्ति को अपने हितों की रक्षा के लिए श्रमजीवी संघ बनाने और उनमें भाग लेने का अधिकार है ।</para>
         </listitem>
      </orderedlist>
   </article>
   <article number="24">
      <title>अनुच्छेद २४.</title>
      <para>प्रत्येक व्यक्ति को विश्राम और अवकाश का अधिकार है । इसके अन्तर्गत काम के घंटों की उचित हदबन्दी और समय-समय पर मज़दूरी सहित छुट्टियां सम्मिलित है ।</para>
   </article>
   <article number="25">
      <title>अनुच्छेद २५.</title>
      <orderedlist>
         <listitem tag="(१)">
            <para>प्रत्येक व्यक्ति को ऐसे जीवनस्तर को प्राप्त करने का अधिकार है जो उसे और उसके परिवार के स्वास्थ्य एवं कल्याण के लिए पर्याप्त हो । इसके अन्तर्गत खाना, कपड़ा, मकान, चिकित्सा-सम्बन्धी सुविधाएं और आवश्यक सामाजिक सेवाएं सम्मिलित है । सभी को बेकारी, बीमारी, असमर्थता, वैधव्य, बुढापे या अन्य किसी ऐसी परिस्थिति में आजीविका का साधन न होने पर जो उसके क़ाबू के बाहर हो, सुरक्षा का अधिकार प्राप्त है ।</para>
         </listitem>
         <listitem tag="(२)">
            <para>जच्चा और बच्चा को खास सहायता और सुविधा का हक़ है । प्रत्येक बच्चे को चाहे वह विवाहिता माता से जन्मा हो या अविवाहिता से, समान सासाजिक संरक्षण प्राप्त होगा ।</para>
         </listitem>
      </orderedlist>
   </article>
   <article number="26">
      <title>अनुच्छेद २६.</title>
      <orderedlist>
         <listitem tag="(१)">
            <para>प्रत्येक व्यक्ति को शिक्षा का अधिकार है । शिक्षा कम से कम प्रारम्भिक और बुनियादी अवस्थाओं में निःशुल्क होगी । प्रारम्भिक शिक्षा अनिवार्य होगी । टेक्निकल, यांत्रिक और पेशों-सम्बन्धी शिक्षा साधारण रूप से प्राप्त होगी और उच्चतर शिक्षा सभी को योग्यता के आधार पर समान रूप से उपलब्ध होगी ।</para>
         </listitem>
         <listitem tag="(२)">
            <para>शिक्षा का उद्देश्य होगा मानव व्यक्तित्व का पूर्ण विकास और मानाव अधिकारों तथा बुनियादी स्वतन्त्रताओं के प्रति सम्मान को पुष्टि । शिक्षा द्वारा राष्ट्रों, जातियों अथवा घार्मिक समूहों के बीच आपसी सद्भावना, सहिष्णुता और मंत्री का विकास होगा और शांति बनाए रखने के लिए संयुक्त राष्ट्रों के प्रयत्नों के आगे बढ़ाया जाएगा ।</para>
         </listitem>
         <listitem tag="(३)">
            <para>माता-पिता को सबसे पहले इस बात का अक्षिकार है कि वे चुनाव कर सकें कि किस क़िस्म की शिक्षा उनके बच्चों को दी जाएगी ।</para>
         </listitem>
      </orderedlist>
   </article>
   <article number="27">
      <title>अनुच्छेद २७.</title>
      <orderedlist>
         <listitem tag="(१)">
            <para> प्रत्येक व्यक्ति को स्वतन्त्रतापूर्वक समाज के सांस्कृतिक जीवन में हिस्सा लेने, कलाओं का आनन्द लेने, तथा वैज्ञानिक उन्नति और उसकी सुविधाओं में भाग लेने का हक़ है ।</para>
         </listitem>
         <listitem tag="(२)">
            <para>प्रत्येक व्यक्ति को किसी भी ऐसी वैज्ञानिक, साहित्यिक या कलास्मक कृति मे उत्पन्न नैतिक और आर्थिक हितों की रक्षा का अधिकार है जिसका रचयिता वह स्वयं हो ।</para>
         </listitem>
      </orderedlist>
   </article>
   <article number="28">
      <title>अनुच्छेद २८.</title>
      <para>प्रत्येक व्यक्ति को ऐसी सामाजिक और अन्तर्राष्ट्रीय व्यवस्था की प्राप्ति का अधिकार है जिसमें इस घोषणा में उल्लिखित अधिकारों और स्वतन्त्रताओं को पूर्णतः प्राप्त किया जा सके ।</para>
   </article>
   <article number="29">
      <title>अनुच्छेद २९.</title>
      <orderedlist>
         <listitem tag="(१)">
            <para>प्रत्येक व्यक्ति का उसी समाज के प्रति कर्तव्य है जिसमें रहकर उसके व्यक्तित्व का स्वतन्त्र और पूर्ण विकास संभव हो ।</para>
         </listitem>
         <listitem tag="(२)">
            <para>अपने अधिकारों और स्वतन्त्रताओं का उपयोग करते हुए प्रत्येक व्यक्ति केवल ऐसी ही सीमाओं द्वारा बद्ध होगा, जो कानून द्वारा निश्चित की जाएंगी और जिनका एकमात्र उद्देश्य दूसरों के अधिकारों और स्वतन्त्रताओं के लिये आदर और समुचित स्वीकृति की प्राप्ति होगा तथा जिनकी आवश्यकता एक प्रजातन्त्रात्मक समाज में नैतिकता, सार्वजनिक व्यवस्था और सामान्य कल्याण की उचित आवश्यकताओं को पूरा करना होगा ।</para>
         </listitem>
         <listitem tag="(३)">
            <para>इन अधिकारों और स्वतन्त्रताओं का उपयोग किसी प्रकार से भी संयुक्त राष्ट्रों के सिद्धान्तों और उद्देश्यों के विरुद्ध नहीं किया जायगा ।</para>
         </listitem>
      </orderedlist>
   </article>
   <article number="30">
      <title>अनुच्छेद ३०.</title>
      <para>इस घोषणा में उल्लिखित किसी भी बात का यह अर्थ नहीं लगाना चाहिए जिससे यह प्रतीत हो कि किसी भी राज्य, समूह, या व्यक्ति की किसी ऐसे प्रयत्न में संलग्न होने या ऐसा कार्य करने का अधिकार है, जिसका उद्देश्य यहां बताये गए अधिकारों और स्वतन्त्रताओं में मे किसी का भी विनाश करना हो ।</para>
   </article>
</udhr>
