<?xml version="1.0" encoding="UTF-8"?>

<!--© The Office of the High Commisioner for Human Rights-->

<udhr iso639-3='xho' xml:lang='xh' key='xho' n='Xhosa' dir='ltr' iso15924='Latn' xmlns="http://www.unhchr.ch/udhr">
  <title>INKCAZO‐JIKELELE NGEEMFANELO ZOLUNTU</title>
  <preamble>
    <title>ISINGENISO</title>
    <para>Njengoko iimfanelo zesidima soluntu semvelo kunye neemfanelo zoluntu‐jikelele olungenakunikelwa olusisisekelo senkululeko, ubulungisa noxolo emhlabeni.</para>
    <para>Njengoko ukungananzi nokudelelwa kweemfanelo zoluntu ezingunobangela weziphumo zobukrwada ezithi zibangele ingcwangu kwisazela soluntu, kunye nesiqalo nokufika kwelizwe apho uluntu luza kuxhamla ukuthetha ngokukhululekileyo, inkolo nenkululeko engenaloyiko kunye neemfuno ezazisiweyo njengeminqweno yoluntu‐jikelele.</para>
    <para>Kwananjalo kubalulekile ke ngoko, ukuba umntu anganyanzeliswa ukufumana uncedo, okwetyeli lokugqibela, ukuchasa ubundlobongela nengcindezelo, kuba iimfanelo zesidima sobuntu mazikhuselwe ngolawulo lomthetho.</para>
    <para>Njengokuba kubalulekile ukukhuthaza kokwandiswa kobuhlobo nemvisiswano phakathi kwezizwe.</para>
    <para>Njengoko uluntu Lwezizwe Ezimanyeneyo luthe lwaqinisekisa kukubaluleka kweemfanelo zesidima soluntu, oku kuxabiseka kwesidima nokuxabiseka koluntu nakwiimfanelo zamadoda namakhosikazi, bathe bazimisela ukukhuthaza inkqubela yezentlalo nomgangatho obhetele kwimpilo yoluntu ekhululekileyo.</para>
    <para>Njengoko amalungu obuRhulumente kunye nawezizwe ezimanyeneyo azimisele ukukhuthaza intlonipho yoluntu‐jikelele nokuqatshelwa kweemfanelo zoluntu nokubaluleka kwenkululeko.</para>
    <para>Njengoko iimvisiswano zesidima soluntu nenkululeko yoluntu zibalulekile ukuze kuzuzwe esi sithembiso,</para>
    <para>NGOKU‐KE NGENXA YOKO,</para>
    <para>Intlanganiso‐jikelele</para>
    <para>Yazisa ngale nkcazo‐jikelele engeemfanelo zoluntu ezikumgangatho oqhelekileyo wokuphumeza abantu bonke kunye nezizwe zonke, kude kube sekugqibeleni nokuba wonke ubani nakunye nemibutho yoluntu, ekufuneka igcine le nkcazelo, izame ukufundisa nokuqeqesha ukukhuthaza intlonipho yezomfanelo zoluntu nenkululeko, neendlela zenkqubela phambili, kwisizwe sonke nakumazwe angaphesheya ukuze kukhuseleke ummiselo‐jikelele nokuqapheleka, uqwalaselo, phakathi koluntu lwamalungu oburhulumente ngokwawo, kunye nabantu bezizwe ezibaphetheyo.</para>
  </preamble>
  <article number="1">
    <title>Inqaku loku‐1</title>
    <para>Bonke abantu bazalwa bekhululekile belingana ngesidima nangokweemfanelo. Bonke abantu banesiphiwo sesazela nesizathu sokwenza isenzo ongathanda ukuba senziwe kumzalwane wakho.</para>
  </article>
  <article number="2">
    <title>Inqaku lesi‐2</title>
    <para>Wonke umntu unamalungelo kwiimfanelo nenkululeko eziqulathwe kule nkcazelo, ngaphandle kokwahlulwa ngobuhlanga, ibala, ubuni, ulwimi, inkolo, ezopolitiko nezinye izimvo, ezesizwe okanye ezentlalo, ezokuzalwa okanye namanye amawonga.</para>
    <para>Ngaphezu koko, akukho mahluko unokwenziwa usekelwe kwezopolitiko, ulawulo lwezobulungisa okanye amawonga ezizwe nezizwana okanye ummandla apho umntu akhoyo, nokuba uzimele, ukuthembeka, urhulumente ongazimelanga okanye nokuba zeziphi indlela zokunciphisa ulawulo lobukumkani.</para>
  </article>
  <article number="3">
    <title>Inqaku lesi‐3</title>
    <para>Wonke umntu unelungelo lokuphila, inkululeko kunye nokhuseleko.</para>
  </article>
  <article number="4">
    <title>Inqaku lesi‐4</title>
    <para>Akukho namnye oya kugcinwa ebukhobokeni nakukhuselo lomnye umntu, kanti urhwebo ngamakhoboka aluvumelekanga nangayiphina indlela.</para>
  </article>
  <article number="5">
    <title>Inqaku lesi‐5</title>
    <para>Akukho namnye oyakuphathwa gadalala, ngenkohlakalo, ngokungenabuntu okanye ngempatho eluhlazo okanye isohlwayo.</para>
  </article>
  <article number="6">
    <title>Inqaku lesi‐6</title>
    <para>Wonke umntu unelungelo lokwamkelwa yonke indawo njengomntu phambi komthetho.</para>
  </article>
  <article number="7">
    <title>Inqaku lesi‐7</title>
    <para>Bonke abantu bayalingana phambi komthetho kwaye benamalungelo ngaphandle kocalu‐calulo ngokulinganayo kukhuseleko lomthetho. Bonke abantu banelungelo lokhuselo olulinganayo oluchasene naluphina ucalu‐calulo olwaphula le nkcazelo, nangokuchasene neendlela zothelekiso kucalu‐calulo.</para>
  </article>
  <article number="8">
    <title>Inqaku lesi‐8</title>
    <para>Wonke umntu unelungelo loncedo lwesiphumo sobuchule benkundla yamatyala esizwe ngokomthetho owaphula iimfanelo ezibalulekileyo ezinikelwa ngumthetho wolawulo.</para>
  </article>
  <article number="9">
    <title>Inqaku le‐9</title>
    <para>Akukho namnye oza kubanjwa ngendlela engaqondakaliyo, abe libanjwa okanye abe selubhacweni.</para>
  </article>
  <article number="10">
    <title>Inqaku le‐10</title>
    <para>Wonke umntu unelungelo elipheleleyo elilinganayo nelilungileyo nokuxoxwa kwetyala esidlangalaleni yinkundla ezimeleyo okanye inkundla zamatyala ezingakhethi cala ekumisweni kwamalungelo nemfanelo zoluntu kunye naluphi na ulwaphulo mthetho amangalelwe ngalo.</para>
  </article>
  <article number="11">
    <title>Inqaku le‐11</title>
    <orderedlist>
      <listitem>
	<para>Wonke umntu omangalelwe kuba enetyala, unelungelo lokubonwa engenatyala ade abe ufunyenwe enetyala ngokwasemthethweni kwinkundla yamatyala apho ebe nesiqiniseko esifanelekileyo sokhuseleko.</para>
      </listitem>
      <listitem>
	<para>Akukho namnye oya kufunyanwa enesohlwayo setyala ngenxa yomthetho okanye ukushiya isenzo esingamisa isohlwayo setyala, ngaphantsi kwamatyala esizwe nawezizwe‐jikelele, nangexesha lokwenzeka kwetyala. Nakuba kubekwe isigwebo esinzima kunesiya esasisetyenziswa ngexesha lokwenzeka kwetyala.</para>
      </listitem>
    </orderedlist>
  </article>
  <article number="12">
    <title>Inqaku le‐12</title>
    <para>Akukho namnye oya kuphazanyiswa kubomi obubobakhe, kusapho lwakhe, kwikhaya lakhe okanye ngokwembalelwano, nokuba kukuhlaselwa okuhlisa isidima nodumo lomntu. Wonke umntu kufanelekile ukuba akhuselwe ngumthetho ekuphazanyisweni okanye kuhlaselo.</para>
  </article>
  <article number="13">
    <title>Inqaku le‐13</title>
    <orderedlist>
      <listitem>
	<para>Wonke umntu unelungelo lokuhamba nokuhlala phakathi kwemida yasebuRhulumenteni.</para>
      </listitem>
      <listitem>
	<para>Wonke umntu unelungelo lokushiya nokuba leliphi ilizwe nelakhe ngokunjalo kwaye aphinde abuyele kwelakhe ilizwe.</para>
      </listitem>
    </orderedlist>
  </article>
  <article number="14">
    <title>Inqaku le‐14</title>
    <orderedlist>
      <listitem>
	<para>Wonke umntu unelungelo lokucela aze axhamle indawo yokhuseleko elubhacweni kwamanye amazwe.</para>
      </listitem>
      <listitem>
	<para>Eli lungelo alinakukhuselwa wakumangalelwa ngenyaniso engenamvelaphi, ulwaphulo‐mthetho olungenazipolitiki okanye kumthetho ochasene neenjongo zomthetho‐siseko zeZizwe ezimanyeneyo.</para>
      </listitem>
    </orderedlist>
  </article>
  <article number="15">
    <title>Inqaku‐15</title>
    <orderedlist>
      <listitem>
	<para>Wonke umntu unelungelo lobuhlanga.</para>
      </listitem>
      <listitem>
	<para>Akukho namnye oya kuhluthwa ubuhlanga bakhe okanye ahluthwe ilungelo lokutshintsha ubuzwe bakhe.</para>
      </listitem>
    </orderedlist>
  </article>
  <article number="16">
    <title>Inqaku le‐16</title>
    <orderedlist>
      <listitem>
	<para>Amadoda namakhosikazi aselekhulile, ngaphandle kokuthintelwa ngenxa yobuhlanga, ubuzwe okanye inkolo, banelungelo lokutshata babe nosapho. Banamalungelo alinganayo emtshatweni naxa sewuqhawukile.</para>
      </listitem>
      <listitem>
	<para>Kuya kutshatwa ngokukhululekileyo nangokupheleleyo ngemvume yabo baza kuba ngumyeni nenkosikazi.</para>
      </listitem>
      <listitem>
	<para>Usapho lusisisekelo esibalulekileyo sendalo kuluntu kwaye lunelungelo lokhuseleko oluvela kuluntu nakuRhulumente.</para>
      </listitem>
    </orderedlist>
  </article>
  <article number="17">
    <title>Inqaku le‐17</title>
    <orderedlist>
      <listitem>
	<para>Wonke umntu unelungelo lokuba nezinto ezizezakhe yedwa kunye nezo azidibanele nabanye.</para>
      </listitem>
      <listitem>
	<para>Akukho namnye oyakuhluthwa athathelwe izinto zakhe.</para>
      </listitem>
    </orderedlist>
  </article>
  <article number="18">
    <title>Inqaku le‐18</title>
    <para>Wonke umntu unelungelo leengcinga ezikhululekileyo isazela nokholo, eli lungelo liquka inkululeko yokutshintsha ukholo lwakho okanye ukukholwa nenkululeko yoko unokukwenza wedwa okanye nobudlelwane nabanye nokuba kusesidlangalaleni okanye emfihlakalweni, ukucacisa inkolo yakho okanye ukukholelwa kwimfundiso, ukwenza unqulo nokugcina izithethe.</para>
  </article>
  <article number="19">
    <title>Inqaku le‐19</title>
    <para>Wonke umntu unelungelo lokucinga nokuthetha ngokukhululekileyo, eli lungelo liquka inkululeko yokuveza uluvo lwakhe ngaphandle kokuphazamiseka nokuzama ufumana ukuze udlulise ulwazi neengcinga nangaziphi na iintlobo zosasazo nokuba kukweyiphi na imida.</para>
  </article>
  <article number="20">
    <title>Inqaku la‐20</title>
    <orderedlist>
      <listitem>
	<para>Wonke umntu unelungelo lenkululeko yeendibano zoxolo kunye neentlanganiso zoxolo.</para>
      </listitem>
      <listitem>
	<para>Akukho namnye oya kunyanzeliswa ukuba abe lilungu lentlangano.</para>
      </listitem>
    </orderedlist>
  </article>
  <article number="21">
    <title>Inqaku la‐21</title>
    <orderedlist>
      <listitem>
	<para>Wonke umntu unelungelo lokuthabatha inxaxheba kwezobuRhulumente belizwe lakhe ngqo okanye ngokusetyenziswa kwamalungu akhethiweyo.</para>
      </listitem>
      <listitem>
	<para>Wonke umntu unethuba elilinganayo lokusebenzela uRhulumente welizwe lakhe.</para>
      </listitem>
      <listitem>
	<para>Intando yoluntu iya kuba sisisekelo sempatho kaRhulumente; le ntando iyakubonakaliswa ngamaxesha athile nangobunyani belungelo lovoto eya kwenziwa ngokufihlakeleyo okanye ngendlela elinganayo yokuvota ngenkululeko.</para>
      </listitem>
    </orderedlist>
  </article>
  <article number="22">
    <title>Inqaku la‐22</title>
    <para>Wonke umntu njengelungu lombutho woluntu, unelungelo lokhuseleko lombutho woluntu kwaye enelungelo lokuphumeza, ngeenzame zobuzwe nangemvisiswano zamazwe nangokuvumelana nemibutho namacebo obuRhulumente ngokwezoqoqosho, ezentlalo namalungelo amasiko neemfanelo zesidima nenkululeko engenkqubela‐phambili yobuntu bakhe.</para>
  </article>
  <article number="23">
    <title>Inqaku la‐23</title>
    <orderedlist>
      <listitem>
	<para>Wonke umntu unelungelo lokusebenza, ukuzikhethela umsebenzi ngokukhululekileyo, ubulungisa neemfuneko ezifanelekileyo zomsebenzi, kunye nokukhuseleka okuchasene nokungabinamsebenzi.</para>
      </listitem>
      <listitem>
	<para>Wonke umntu ngaphandle komkhethe, unelungelo lomvuzo olinganayo ngomsebenzi olinganayo.</para>
      </listitem>
      <listitem>
	<para>Wonke umntu osebenzayo unelungelo lobulungisa bokukhetha intlawulo ukuqinisekisa ukuba yena nosapho lwakhe baphila impilo enexabiso nesidima sobuntu, eya kuthi yongezwe kwakuba nemfuneko, ngezinye iindlela zokukhusela intlalo yoluntu.</para>
      </listitem>
      <listitem>
	<para>Wonke umntu unelungelo lokubumba okanye abe lilungu lweemanyano zorhwebo, ukukhusela iimfanelo zakhe.</para>
      </listitem>
    </orderedlist>
  </article>
  <article number="24">
    <title>Inqaku la‐24</title>
    <para>Wonke umntu unelungelo lokuphumla nokuba nexesha lokuphola, kunye namaxesha avumelekileyo okusebenza namaxesha eholide ezuza umvuzo.</para>
  </article>
  <article number="25">
    <title>Inqaku la‐25</title>
    <orderedlist>
      <listitem>
	<para>Wonke umntu unelungelo lentlalo esemgangathweni ngokuphila impilo efanelekileyo kunye nosapho lwakhe, kunye nokutya, impahla, indawo yokuhlala, unyango kunye neenkonzo ezibalulekileyo zentlalo, kwanelungelo lokhuseleko wakungasebenzi, wakugula, wakuba ngumlwelwe, ngumhlolokazi, ngumdli‐mhlalaphansi okanye wakuswela impilo ngokungalawulekiyo.</para>
      </listitem>
      <listitem>
	<para>Ubunina nobuntwana bulungelwe yinkathalelo ebalulekileyo kunye noncedo olukhethekileyo. Bonke abantwana nakuba bengazalwa emtshatweni mabaxhamle ukhuseleko lwentlalo ngokulinganayo.</para>
      </listitem>
    </orderedlist>
  </article>
  <article number="26">
    <title>Inqaku la‐26</title>
    <orderedlist>
      <listitem>
	<para>Wonke umntu unelungelo lemfundo. Kuza kuba nomfundaze kwabaqalayo nakwimigangatho ebalulekileyo. Imfundo yabaqalayo iya kunyanzeliswa. Imfundo ngezobugcisa kunye nokufundela umsebenzi kuya kwenziwa ukuba kufumaneke kanti imfundo ephakamileyo nayo iya kwenziwa ukuba ifumaneke ngokulinganayo kuluntu lonke njengesiseko sempumelelo.</para>
      </listitem>
      <listitem>
	<para>Imfundo iza kujoliswa ngqo kwinkqubela phambili epheleleyo yoluntu nokomelezwa kwentlonipho yamalungelo oluntu nokubaluleka kwenkululeko. Iza kuxhasa imvisiswano, ukunyamezelana nobuhlobo phakathi kwezizwe, ubuzwe, namaqela eenkolo eyakuthi iphuhlise umsebenzi wamazwe jikelele ukuze kugcinwe uxolo.</para>
      </listitem>
      <listitem>
	<para>Abazali banelungelo elibalulekileyo lokukhetha uhlobo lwemfundo eyakuthi ifundiswe abantwana babo.</para>
      </listitem>
    </orderedlist>
  </article>
  <article number="27">
    <title>Inqaku la‐27</title>
    <orderedlist>
      <listitem>
	<para>Wonke umntu unelungelo lokuthabatha inxaxheba ngokukhululekileyo kwinkqubela yelizwe lakhe, onwabele inkcubeko kunye nesabelo senkqubela phambili yenzululwazi kunye noncedo lwezo zinto.</para>
      </listitem>
      <listitem>
	<para>Wonke umntu unelungelo lokhuseleko, lwempatho kunye nezo zinto athi azithande ezithi zibe ziziphumo zezayo nayiphina inkqubela, ubuchule bokufunda nokubhala okanye ubugcisa bemveliso yombhali.</para>
      </listitem>
    </orderedlist>
  </article>
  <article number="28">
    <title>Inqaku la‐28</title>
    <para>Wonke umntu unelungelo lentlalo yoluntu kunye neyezizwe‐jikelele apho amalungelo nenkuleleko alenkcazo‐jikelele athi amkeleke khona.</para>
  </article>
  <article number="29">
    <title>Inqaku la‐29</title>
    <orderedlist>
      <listitem>
	<para>Wonke umntu kufuneka asebenzele uluntu aphila phakathi kwalo, apho inkululeko nenkqubela‐phambili epheleleyo neyamkelekileyo yoluntu ithi ifumaneke khona.</para>
      </listitem>
      <listitem>
	<para>Ekusebenziseni amalungelo nenkululeko, wonke umntu uya kuba phantsi kwempembelelo ezimiselwe ngumthetho ngezizathu zokuqinisekisa ulwamkeleko ngentlonipho yamalungelo nenkululeko yabanye, ukuhlanganiswa kweemfuneko yokuziphatha kakuhle, esidlangaleni nentlalo‐ntle ngokolawulo lwedemokrasi.</para>
      </listitem>
      <listitem>
	<para>La malungelo neenkululeko zoluntu mawangasetyenziswa ngendlela ephikisana neenjongo nemithetho yamazwe abumbeneyo.</para>
      </listitem>
    </orderedlist>
  </article>
  <article number="30">
    <title>Inqaku la‐30</title>
    <para>Le nkcazo‐jikelele mayingatolikwa ngenjongo yokuba imele ezobuRhulumente, iqela okanye umntu owenza isithembiso okanye osenzo sineenjongo ezingatshabalalisa nokuba ngowuphi na umqathango wamalungelo kunye neenkululeko zoluntu ekuthethwa ngazo apha.</para>
  </article>
</udhr>
