<?xml version="1.0" encoding="UTF-8"?>

<!--© The Office of the High Commisioner for Human Rights-->

<udhr iso639-3='yad' xml:lang='yad' key='yad' n='Yagua' dir='ltr' iso15924='Latn' xmlns="http://www.unhchr.ch/udhr">
  <title>TUCHODA TITAJU NIJYANVAJYU VURYATIDYE VICHASARA SAMIRYA VARIY</title>
  <note>
    <para>Rijechipiyajada sesionmu ttJau jiryatiy mucadi jnutyavay jntyeryaniy jasiyu, 10 de diciembre de 1948, rityuchunumaya varintirya j ijechipiyja ada ranchiy</para>
    <para>10 DE DICIEMBRE DE 1948mu, rijechipiyjaada rajumusiy mucadi jnutyavay, ritychoda varirya jirya niquejada titJau nijyanvajyu nutyaramusiy vuryivichasara samiy vichadaju jirya mucadimu. Jasiy jirya cateramura titJau rijechipiyjaada. Riñuyadivasirya j irya niquejada, ruteda variy ruva tltJau mucadi jnutyavay jasiy vichavay: JirVa nutyanirya jirya niquejada titjau, jiryaQuchutaniy varirya, jiryadatyanu varintirya. Jiryadatyanu liita catera njuyomura dañuma rirvjaachipiya tavay tajijyu.</para>
  </note>
  <preamble>
    <title>Tarajura Rityuchoda Darya</title>
    <para>VUTYUVACHU RAMU JIRYA: rirvatidye vichasara nijyanvay jmurvasavay, samivye jarye, jiryatiy runuchara nutityumiy samiy riñecho, vurvama datya itjau jiryatiy vurvupedamusiy vuvyta rirvatidye jnuy tjau nijynvay samiy vuñecho;</para>
    <para>VUTYUVACHU RAMU JIRYANTIY: riryavatyda tavaryi nijyanvay jasicharjau riryantadeda variryi. Ridyetyisadamu yavatyadariy nijyanvay, rirvavirvutyada varirya nijyanvay vichada. Ramunjtiy vutyuchura jiryatiy nijyanvay vatasara jaryirya: nvyichary samiryamu, ne ñrvasuvuy tara, darvantyamuy jantyuyadavay. Riñiquery ntyuvachuruy variy jivyatadamusiy;</para>
    <para>VUTYUVACHU RAMUNTIY: jiryatiy nijyanvay jantyuyadavay vata jnutityumura jmutyada riryimya javatya tavay nijyanvantyirvi, riñuma murchenrrva yavatyasada mudodta. Ramunitiy rivyatara nutitymiy jmutyada, ribey liita jiñiquejada variy;</para>
    <para>VUTYUVACHU RAMUNTIY: jiryatiy raniy sitenu vatasara datyadoda jarvedo nijyanvay nutyaramusitya vuryivichasara samirya vutyunu vichavatya;</para>
    <para>VUTYUVACHU RAMUNTIY: jiryatiy ntyuchuma raju mucadi jnutyavay caterava nutyi ntyuvachu ramu samirya vichasada vatujyu, vadujyuntiy. Rivyanutyanirvuryi nijyanvay rirvatidye vicha samirva mutijyu, rjadutya varirya rivyichada, rirya datyara jivyichada, ne n'rvecha ti cumudemiñuday;</para>
    <para>VUTYUVACHU RAMUNTIY: jiatiy vurvjaantya nryatidye tuvachu tjau nijyanvay ramu jirva niquejada samirva vichadaju;</para>
    <para>VUTYUVACHU RAMUNTIY: jirvatiy rtiy jto darva, tiUau nijyanvay rarvidatyarurva jirva tuchoda;</para>
    <para>RAMUNí VURYATUVACHU DIYERA MUCADí JNUTYAVAY TUCHODA JIRYA TUCHODA RACHA TITAJU NIJYANVAJYU rirvatidye tuvachu variy ramu. Raniy raryivicha datyanusara titJau catera nuJyomu.</para>
  </preamble>
  <article number="1">
    <title>TUCHUSARA 1.</title>
    <para>Ne sarupay nijyami cumudeju darvantyamuy javatyasjiu. Jachipiyadati mirvara samirva, mirvamuy ne samirva. Ramunltiy sarivichanichara samirvariy jityunu vichavay.</para>
  </article>
  <article number="2">
    <title>TUCHUSARA 2.</title>
    <para>Darva rirvivichasara tjtJau nijyanvay dañuma rirvecha mamyi varimyata munuñumiy, dañuma rirvecha vadacumiy varimyata pupasimyi, dañuma nrvecha vaduy varimyata vatuy, dañuma rianiquera jiñiquejada, dañuma nrvatuvachu Judenumu varimyatamuy, dañuma nrvJaachipiya midamyuju varimyata jntityudamyuju dañuma nrvecha j arvedo, darvanuma rirvavichasara jischavu ttjau nijyanvay.</para>
    <para>Darva riryivichasara ttjau nijyanvay dañuma rirvecha taj i mucadimusivye.</para>
  </article>
  <article number="3">
    <title>TUCHUSARA 3.</title>
    <para>Rirvama pary ttjau ruva nijyanvay rnuJeyjaadaju, rirvatidye vichasara jmuasavantyi, ne ti rJaarupantasara variñudarvi.</para>
  </article>
  <article number="4">
    <title>TUCHUSARA 4.</title>
    <para>Ne ti raryivicha muchechimyijyu jpanuyasavajyu. Jubachara darva, darva vichadeda tnijyu.</para>
  </article>
  <article number="5">
    <title>TUCHUSARA 5.</title>
    <para>Ne ti rarvivichasara javatyadajus niniy jita rivyichadeda nutyi javada rirvavatyada variñi.</para>
  </article>
  <article number="6">
    <title>TUCHUSARA 6.</title>
    <para>Titaju nijyanvay rarvivichasara tuchutada tnijyu cannadumu.</para>
  </article>
  <article number="7">
    <title>TUCHUSARA 7.</title>
    <para>Titaju nijyanvay rarvivichasara jischavu cannadumu dañuma savicha chira, satidye jdutya cannadura rirvavatyasada.</para>
  </article>
  <article number="8">
    <title>TUCHUSARA 8.</title>
    <para>Titaju nijyanvay rarvijtisara datyasavay cannadumu, satidye vichaniy vasejura rityuchutada nutyara nitiy ranique ricyatera nucharamu.</para>
  </article>
  <article number="9">
    <title>TUCHUSARA 9.</title>
    <para>Ne ti rarvivichasara jirich1 mityamusiy, darvantyamuy tanuvunujomuju, darvantyamuy flrvjaatya jimyucadimusiy variryi.</para>
  </article>
  <article number="10">
    <title>TUCHUSARA l0.</title>
    <para>Titaju nijyanvay rarvijtjsara jischavu cannadumu, satidye tuvachu cannadu vijymujachera rityuchutada, savichaniy vase varirvi dañuma rirvecha tavay. Cannadu raijtajanu titjau samidyeni tuchutasi, tuchutadajam1 jae, satidye datyara nutyaramusiy sja dutyara riñiquveada.</para>
  </article>
  <article number="11">
    <title>TUCHUSARA 11.</title>
    <orderedlist>
      <listitem>
	<para>Rirvivichaniy juchajsani tuchutasi netimyu ridyityanu vijyomujachera sayasachada nutyara nÉiy ranique ricyatera nucharamu. Rirvisay sayada niquejasjiuyu, nltidye ranique variy sayadaju.</para>
      </listitem>
      <listitem>
	<para>Rasipyatedanumatiy vadi catera nuchara, ne vurvatanuvunu ratani nitiy juchuvay rjaisiy ranijyu. Darvantiy rirvasachunumatirva sacasticachada tara juchuveda murichirva, ne vurvacasticay darva murichirvata nitiy juchuvay rasachodaj isiy.</para>
      </listitem>
    </orderedlist>
  </article>
  <article number="12">
    <title>TUCHUSARA 12.</title>
    <para>Ne ti rarvitye ti barvamuyu, ne vinu satevamyu, darvantyamuy sarorimyu, darvantyamuy sacateramu. Ne t i%anique quivuyada tinijyu satidye jarupanu ratani, riñuma tanuvunu variy rivani.</para>
  </article>
  <article number="13">
    <title>TUCHUSARA 13.</title>
    <orderedlist>
      <listitem>
	<para>Titaju nijyanvay rarvirupiñumaya jimyucadiva rirvatidye jarveta variy jivyichajoju.</para>
      </listitem>
      <listitem>
	<para>TtDau nijyanvay rarvisipyatay tamucadimusiy, darvantya riryichipyatay j imyucadimusiy; daryantiy rarvitarva jimyucadimuju varintyi.</para>
      </listitem>
    </orderedlist>
  </article>
  <article number="14">
    <title>TUCHUSARA 14.</title>
    <orderedlist>
      <listitem>
	<para>Titaju nijyanvay rarvivata jivyichajoju tamucadimu jasityi rirvadutya yavatyisJiisiyu.</para>
      </listitem>
      <listitem>
	<para>Jiryatiy sÉenu juvidañi ne saridyutyadayu, tapi rivatya savata policia sanacho, riryatidye tanuvunu variy rivani, rirvatidye tanuvunu variy sajuchuvedivayu.</para>
      </listitem>
    </orderedlist>
  </article>
  <article number="15">
    <title>TUCHUSARA 15.</title>
    <orderedlist>
      <listitem>
	<para>Titaju nijyanvay rarvivicha mucaditavay.</para>
      </listitem>
      <listitem>
	<para>Ne ti rarvijubay mucaditi vichadajisiñL darvantyamuy sjaatyachirva jimyucadi satidye jay tara mucadimu varintyi.</para>
      </listitem>
    </orderedlist>
  </article>
  <article number="16">
    <title>TUCHUSARA 16.</title>
    <orderedlist>
      <listitem>
	<para>Jamyiñumatiy vaduy, vatuy jerve, rirvjaamuy variy yisJau nrvatidye jude varirya nuñi tevamyu vichada. Ne ti rarvijubay ñrvja isirva jamuyada, darvantyamuy n'rvijubarva mutiji vichadaju, darvantyamuy rirvijubaa jityovjaada.</para>
      </listitem>
      <listitem>
	<para>Ne ti rarvijamutyaniñi vanu surramusiy, netimyu savatadidrva jamuyada, darvantyamuy vatura.</para>
      </listitem>
      <listitem>
	<para>Jirvatiy rndesara vutyevay jamuyadamusiy, detuyadamusiy jarve, vurvjanutyasara samirva jamuyada rirvimya jarupanura, nutityumiy jarye rarvijmutya varirvi.</para>
      </listitem>
    </orderedlist>
  </article>
  <article number="17">
    <title>TUCHUSARA 17.</title>
    <orderedlist>
      <listitem>
	<para>Titaju nijyanvay rarvivichasara taratavay, varimyata nuñi timusiy, varimyata rajumusiy.</para>
      </listitem>
      <listitem>
	<para>Ne ij raryichovay mityamusirya riberya tavay.</para>
      </listitem>
    </orderedlist>
  </article>
  <article number="18">
    <title>TUCHUSARA 18.</title>
    <para>Titaju nijyanvay rarvijarveta munatya j ijechipiyjaadamu nutyaramusiy rirvecha, nutyaramusintyi rirvDa achipiya Judenunijyu. Savatatiy j anumityajja adajura j ijechipiyjaada, sarvij anumityaja varirya, daryantiy saj achipiyjaada Judenunijyu. Saryidityanu varirya j ijechipiyja ada mitya taranijyu, varimyata Judenunijyu. Sarvidityanu vijyomujachera darvantya sarorimyu, sasquita, darvantya rajumusiy. Saryidityanu datyadodamusiy varirva, daryantya jváyadamusiy, daryantya j ntyervadedamusiy j iryatiy rijechipiyasara variy Judenunijyu.</para>
  </article>
  <article number="19">
    <title>TUCHUSARA 19.</title>
    <para>Ne ti raijubaa satiy jachipiya tara, sarvinique varirva jijechipiyjaada. Darvantyamuy sarvijiyasanta sajachipiyjaadivayu. Vanu rarvijtajanu riva datyada, rarvijmutya varirya tidatyada, ti jachipiyjaada jarve. Sarvidatyanu varirva jijechipiyjaada titjau vichadiva, nutyaramusiñitiy savata samirva sadatyanu variy jasirva.</para>
  </article>
  <article number="20">
    <title>TUCHUSARA 20.</title>
    <orderedlist>
      <listitem>
	<para>Titaju nijyanvay rarvijntyeaniy tavatyayu, netimyu rintyrvaniy tj jarupadodajuyu.</para>
      </listitem>
      <listitem>
	<para>Ne ti raryijnty£ryanityaniy ijsjaunI satidye jvay tara jasiy rusa.</para>
      </listitem>
    </orderedlist>
  </article>
  <article number="21">
    <title>TUCHUSARA 21.</title>
    <orderedlist>
      <listitem>
	<para>Nuñi tjqui rarvijmutyariy jimyucadi jnutityumiy ruvayadamu, daryantya ti j iryatiy sajaryeta yibivajunj Vumyucadi jnutityumiy rarvijmutyariy nijyanvay yivajyomu, ne rarvijarveta ti satidye jmutya samivyjauni.</para>
      </listitem>
      <listitem>
	<para>Vumyucadi jnutityumiy rarvinusurvi nijvanvay nutyaranintyi rivyata. TItjau nijyanvay raryidatyanura jivyatada jiryatiy rijeeta mlnitiy rivyata yintityJuu.</para>
      </listitem>
      <listitem>
	<para>Stenu jaryetadamu flrvja aryetajariy j intityumiy. T1tDau nijyanvay raryijaryetariy j intityumiy dutyajomu, tima raryij arupantariy.</para>
      </listitem>
    </orderedlist>
  </article>
  <article number="22">
    <title>TUCHUSARA 22.</title>
    <para>Titaju nijyanvay rarvivata nrvatidye jmutyajayasara rityevayu. TItDau taji mucadi janvay jmutyadta rirvijmutya nuñiy tquira jivyatara satidye vichasara jjchanayadamu, darvamusiy sjaasachura jivyichada.</para>
  </article>
  <article number="23">
    <title>TUCHUSARA 23.</title>
    <orderedlist>
      <listitem>
	<para>Titaju nijyanvay raryijvajeyasara, sarvijarveta yivayadaju. Darvaday sarvijmutya yivayada murichirvantiy nutyi tavatyi jmutyasara darva. Ne sarvimacho jvayadajsa ratatidye satarvurva jivyatara.</para>
      </listitem>
      <listitem>
	<para>Ne rirvimurchenu tqui jarvi timusiy darva jvayada murichirva.</para>
      </listitem>
      <listitem>
	<para>Titaju nijyanvay jirvatiy jvayadatavay rarvijmutyara yivayada murichirya darva murchedoda ratatiy rirva½arvurva jidyedyeñu vatara jiatiy rivyata samirva vichadajura. Ratiy rsutye ramujurijaachipiya rityevay j mutyadariy.</para>
      </listitem>
      <listitem>
	<para>Titaju nijyanvay raryintyeaniy jityervjvavyetya rirvatidye jiriy vatajumusia samirva murchedoda yivayada murichirva.</para>
      </listitem>
    </orderedlist>
  </article>
  <article number="24">
    <title>TUCHUSARA 24.</title>
    <para>Titaju nijyanvay rarvivata jituyada yivayadamusiy nrvatidye jchanay tiyisadamu. Ne samirva racha rijyu netimyu rirvDaituy taraquiju yivajyomusiy.</para>
  </article>
  <article number="25">
    <title>TUCHUSARA 25.</title>
    <orderedlist>
      <listitem>
	<para>Titaju nijyanvay rarvivata samirva vichada jityevatya rirvatidye vichasara jdivjaadajsa, samirva jmyivye, sujatyavay, rorityavay jarve. Daryantiy rarvivata jndanta, ratarya jmutyada jarye risJau. Netimyu jvayadatavay, rirvivichasaratiy j divjanuvay, varimyata bachenoda, nmityodadery jae, flijmutya variy jmutyada timusiy.</para>
      </listitem>
      <listitem>
	<para>Mudasimiy, deramiy rusa rarvivata samirya jnutyada rirvatidye ramitya samivyerya jiryupachoda. Titaju deramiy raryivata samirva jnutyada j ityevamyu.</para>
      </listitem>
    </orderedlist>
  </article>
  <article number="26">
    <title>TUCHUSARA 26.</title>
    <orderedlist>
      <listitem>
	<para>Titaju nijyanvay rarvivatara datyadoda catera nJuyomu. Ne rirvimurchenu jottada datyadoda murichirva. Rirvama jpanufly jidyedyeñu catera njuyomuju rajottada datyadodaju. Riryijantya mucadi jnutityumiy jasachodara catera njuyo jasityi nrvadatya vaderovarya tara jvayada. Richaratiy vaderovarya jarvi datyada jirvirvjiada, ne ti raijubay riryajisirva.</para>
      </listitem>
      <listitem>
	<para>Maestroveda raryidatyanuriy nijyanvay ranacho rirvatidye javye samiy jachipiyavay, nrvecha variy samiy jvadichavay, ne riryijavatyariy tavay nijyanvay variy. Datyadodta rasachu datyada rirvimya niquechara tavatya variy, rirvatidye jnuy samirva jiñecho. Daryantiy datyadoda raijmutyara flrvatidye vichasara nijyanvay samirya mutiji.</para>
      </listitem>
      <listitem>
	<para>Deramiy jamiy raryijaryetasara nutyara catera nJuyomu nrvadatya ridyedyeñu.</para>
      </listitem>
    </orderedlist>
  </article>
  <article number="27">
    <title>TUCHUSARA 27.</title>
    <orderedlist>
      <listitem>
	<para>Titaju nijyanvay rarvisityarira jityevay vichada, rirvijchanatyantirya j ityevay jvaryantiy. Darvaday riijmutyara mamyi (Iatyadantiy atidye vicha samirva fljyu.</para>
      </listitem>
      <listitem>
	<para>Titaju nijyanvay rarvivatara rirvatidye jnuy tavay samirva ranacho yindera, riijmutya mirvanurara ramurichirva.</para>
      </listitem>
    </orderedlist>
  </article>
  <article number="28">
    <title>TUCHUSARA 28.</title>
    <para>Titaju nijyanvay rarvivata ratidye jdutyara vuvyichada jirya mucadimu, rirvatidye datyasara t-itDau jiatiy nuchara jiyudarva.</para>
  </article>
  <article number="29">
    <title>TUCHUSARA 29.</title>
    <orderedlist>
      <listitem>
	<para>Titaju nijyanvay rarvidivyirva samirva vichada jivyichadamu jirvatiy vinu rivyichadamu Hrvijavye samirva.</para>
      </listitem>
      <listitem>
	<para>Titjau nijyanvay rarvisaboniy jimyucadi niquejadamuyu rirvatidye vichasara samirva jityunu vichavatya. Ne rarvicha javatyada variy jasiy darvantyamuy vamirvamu vichada.</para>
      </listitem>
      <listitem>
	<para>Tama rirvivichasara nijyanvay jirva niquejada jiyarjou jiatiy ntyuchu raju mucadimusirva.</para>
      </listitem>
    </orderedlist>
  </article>
  <article number="30">
    <title>TUCHUSARA 30.</title>
    <para>Ne rirvadatyasara nijyanvarva jirva niquejada rirvatidye javatya ratara tavay nijyanvay vichada, darvantyamuy nrvatidye jubay tavay jisirva samirva vichada. Ranuma titajura.</para>
  </article>
</udhr>
