<?xml version="1.0" encoding="UTF-8"?>

<!--© The Office of the High Commisioner for Human Rights-->

<udhr iso639-3="blt" xml:lang="blt" key="blt" n="Tai Dam" dir='ltr' iso15924='Tavt' xmlns="http://www.unhchr.ch/udhr">
   <title>ꪁꪫꪱꪣ ꪜꪱꪫ ꪹꪕꪸꪉ ꪵꪠꪙ ꪒꪲꪙ ꪘꪱ ꪫꪸꪀ ꪩꪾ ꫛ ꪶꪔꪙ ꪠꪴ ꪄꪮꪉ ꪨꪸꪙ ꪹꪭꪷꪚ ꪀꪺꪀ</title>
   <note>
      <para>ꪼꪒ ꪜꪱꪉ ꪶꪭꪥ ꪻꪐ ꪨꪸꪙ ꪹꪭꪷꪚ ꪀꪺꪀ ꪶꪎ ꪫꪱꪙ ꪵꪀꪉ ꪀꪰꪒ ꪵꪔꪉ ꪮꪮꪀ ꪕꪮꪥ ꪈꪲ ꪀꪫꪸꪒ ꪶꪎ 217 (III)  ꪣꪳ 10 ꪹꪚꪙ 12 ꪜꪲ 1948.</para>
   </note>
   <preamble>
      <title>ꪁꪱꪫꪣ ꪹꪫꪱ ꪬꪺ ꪬꪷ</title>
      <para>ꪹꪜꪸꪙ ꪭꪴ ꪵꪊꪉ ꪫꪱ:</para>
      <para>ꪫꪸꪀ ꪶꪀꪉ ꪐꪽ ꪻꪬ ꪩꪾꪣ ꫛ ꪶꪔꪙ ꪠꪴ - ꪝꪳꪉ ꪁꪫꪸꪙ ꪹꪋꪷꪉ ꪝꪸꪉ ꪹꪚꪱ ꪻꪬ ꪮꪮꪀ ꪄꪮꪥ ꪎꪸ ꪄꪮꪉ ꪋꪴ ꪬꪺ ꫛ  ꪀꪺꪉ ꪋꪺ ꪹꪭꪙ ꪹꪜꪸꪙ  ꪩꪾꪣ ꫛ ꪻꪬ ꪼꪒ ꪕꪳ ꪕꪱꪉ ꪹꪋꪷꪉ ꪝꪸꪉ ꪀꪾꪚ ꪮꪸꪙ ꪭꪱꪙ ꪹꪕꪸꪉ ꪵꪠꪙ  ꪒꪲꪙ.</para>
      <para>ꪫꪸꪀ ꪹꪤꪸꪒ ꪩꪳꪚ ꪩꪱꪙ ꪀꪾꪚ ꪒꪴ ꪉꪱꪥ  ꪩꪾꪣ ꫛ ꪶꪔꪙ ꪠꪴ ꪭꪳ ꪝꪱ ꪼꪝ ꪭꪮꪒ ꪝꪳꪉ ꪄꪴ ꪹꪤꪸꪒ ꪶꪏꪥ ꪚꪱꪚ ꪩꪳꪚ ꪩꪱꪙ ꪎꪸ ꪻꪊ ꪚꪴꪙ ꪄꪮꪉ ꪋꪴ ꪡꪽ ꫛ, ꪫꪸꪀ ꪎꪱꪉ ꪵꪔꪉ ꪹꪣꪉ ꪹꪕꪸꪉ ꪵꪠꪙ ꪒꪲꪙ ꪀꪺꪉ ꪽ ꪭꪳ ꪠꪴ ꫛ ꪼꪒ ꪕꪳ ꪕꪱꪉ ꪶꪎ ꪫꪱꪙ ꪀꪾꪚ  ꪎꪱꪉ ꪭꪲꪒ ꪅꪮꪉ, ꪹꪚꪱ ꪑꪰꪉ ꪣꪲ  ꪊꪺꪚ ꪝꪳꪉ  ꪄꪴ ꪤꪱꪙ ꪀꪺ ꪀꪾꪚ ꪹꪜꪸꪙ ꪕꪱꪉ  ꪕꪴꪙ ꪒꪷ ꪵꪣꪙ ꪩꪱꪉ ꪻꪠ ꪻꪊ ꪣꪮꪙ ꪎꪴꪉ ꪎꪴꪒ ꪄꪮꪉ ꪋꪴ ꪵꪙꪫ ꫛ.</para>
      <para>ꪩꪾꪣ ꫛ ꪶꪔꪙ ꪠꪴ ꪼꪒ ꪠꪱꪚ ꪩꪺꪒ ꪼꪜ ꪵꪊ ꪼꪫ ꪻꪬ  ꪋꪴ ꫛ ꪹꪚꪱ ꪼꪒ ꪶꪄꪣ ꪄꪲꪙ  ꪁꪾꪣ ꪔꪷ ꪜꪱꪉ ꪹꪣꪉ ꪭꪸꪀ ꪫꪱ ꪶꪄꪣ ꪙꪱꪚ ꪭꪱꪚ ꪹꪔꪸꪉ.</para>
      <para>ꪹꪜꪸꪙ ꪹꪊꪉ ꪹꪋ ꪚꪮꪀ ꪎꪮꪙ ꪫꪸꪀ ꪹꪥꪸꪒ ꪮꪮꪀ ꪔꪳꪣ ꪀꪱꪉ ꪼꪜ ꪣꪱ ꪬꪱ ꪎꪴ ꪕꪴꪀ ꪋꪴ ꪹꪋ ꫛ ꪹꪤꪷꪙ ꪹꪣꪉ ꪤꪴ  ꪘꪳꪉ ꪝꪳꪉ ꪹꪘꪀ ꪨꪸꪙ ꪹꪭꪷꪚ ꪀꪺꪀ ꪀꪺꪉ ꪬꪸꪙ ꪹꪊꪉ  ꪼꪒ ꪐꪽ ꪝꪱꪫ ꪩꪺꪉ ꪹꪋ ꪄꪮꪉ ꪹꪊꪱ ꪼꪒ ꪁꪫꪸꪙ ꪻꪐ ꪄꪮꪉ ꪶꪔ ꫛ - ꪹꪜꪸꪙ ꪩꪾ ꫛ ꪶꪔꪙ ꪠꪴ ꪔꪳꪣ ꪁꪱ ꪎꪴꪉ ꪻꪬ ꪋꪴ ꫛ ꪻꪬ ꪁꪫꪸꪙ ꪑꪲꪉ ꪋꪱꪥ ꪹꪋꪷꪉ ꪝꪸꪉ ꪵꪕꪉ ꪻꪬ ꪹꪬꪸꪙ ꪮꪮꪀ ꪵꪊꪉ ꪔꪳꪣ ꪨꪰꪀ ꪉꪮꪙ ꪻꪬ ꪚꪱꪙ ꪹꪣꪉ  ꪎꪱꪉ ꪶꪎꪣ ꪬꪮꪉ  ꪀꪲꪙ ꪩꪺꪉ ꪹꪥꪙ ꪒꪲ ꪹꪏ -  ꪕꪳ ꪕꪱꪉ ꪹꪏ .</para>
      <para>ꪝꪳꪉ ꪹꪘꪀ ꪹꪊꪱ ꪹꪭꪙ ꪼꪒ ꪐꪽ ꪝꪱꪫ, ꪝꪮꪣ ꪀꪾꪚ ꪩꪺꪉ ꪜꪴꪙ ꪵꪔꪉ  ꪨꪸꪙ ꪹꪭꪷꪚ ꪀꪺꪀ, ꪹꪬꪙ ꪭꪳꪒ ꪄꪳꪙ ꪋꪴ ꫛ ꪭꪴ ꪭꪰꪀ ꪵꪝꪉ  ꪁꪫꪸꪙ ꪕꪳ ꪕꪱꪉ ꪄꪮꪉ ꪩꪴꪀ ꫛ.</para>
      <para>ꪐꪽ ꪹꪬꪸꪙ ꪵꪊꪉ ꪝꪳꪉ ꪁꪫꪸꪙ ꪀꪾꪚ ꪕꪳ ꪔꪱꪉ ꪄꪮꪉ ꪩꪴ ꫛ ꪵꪣꪙ ꪄꪷ ꪻꪐ ꪒꪺꪉ ꪎꪴꪉ ꪎꪴꪒ ꪻꪬ ꪫꪸꪀ ꪹꪥꪸꪒ ꪝꪸꪉ ꪝꪷ ꪀꪺꪉ ꪐꪽ ꪝꪱꪫ  ꪙꪲ.</para>
      <para>ꪼꪅ ꪙꪲ ꪜꪱꪉ ꪶꪭꪥ ꪻꪐ ꪨꪸꪙ ꪹꪭꪷꪚ ꪀꪺꪀ ꪜꪱꪫ ꪁꪫꪱꪣ:</para>
      <para>ꪻꪚ ꪜꪱꪫ ꪁꪫꪱꪣ ꪕꪺ ꪹꪕꪸꪉ ꪵꪠꪙ ꪒꪲꪙ ꪫꪸꪀ ꪩꪾꪣ ꫛ ꪶꪔꪙ ꪠꪴ ꪙꪲ  ꪒꪷ ꪹꪜꪸꪙ ꪼꪣ ꪹꪗꪀ ꪕꪱꪀ ꪻꪬ ꪕꪺ ꪝꪳꪉ ꪹꪘꪀ ꪵꪀꪉ ꪻꪬ ꪹꪕꪸꪉ ꪀꪱ ꪹꪤꪷꪙ ꪹꪣꪉ ꪭꪴ ꪵꪊꪉ ꪼꪫ ꪙꪾ ꪕꪮꪥ ꪩꪺꪉ ꪜꪴꪙ ꪵꪔꪉ ꪄꪮꪉ ꪚꪱꪙ ꪹꪣꪉ ꪹꪩꪷꪉ ꪈꪾ ꪭꪮꪒ ꪻꪚ ꪁꪫꪱꪣ ꪜꪱꪫ ꪙꪲ, ꪊꪰꪉ ꪑꪷ ꪎꪴꪉ ꪫꪸꪀ ꪭꪰꪀ ꪵꪝꪉ ꪝꪳꪉ ꪁꪫꪸꪙ   ꪀꪾꪚ ꪕꪳ ꪕꪱꪉ ꪻꪬ ꪩꪴꪀ ꫛ  ꪵꪮꪚ ꪭꪮꪀ  ꪀꪱꪥ ꪋꪸꪙ ꪀꪾꪚ ꪚꪮꪀ ꪎꪮꪙ, ꪁꪷ ꪹꪏꪉ ꪒꪸꪫ ꪹꪬꪙ ꪭꪳꪒ  ꪝꪱꪫ ꪹꪋ ꪻꪬ ꪋꪴ ꫛ ꪹꪤꪸꪒ ꪹꪣꪉ ꪹꪊꪱ ꪹꪜꪸꪙ ꪹꪊꪱ ꪹꪭꪙ ꪄꪮꪉ ꪨꪸꪙ ꪹꪬꪷꪚ ꪀꪺꪀ ꪤꪴ ꪒꪮꪣ ꪵꪠꪙ ꪒꪲꪙ ꪹꪣꪉ ꪹꪊꪱ ꪬꪱꪀ ꪩꪾ ꪒꪴ ꪹꪮꪱ ꪀꪽ ꪅꪰꪀ ꪵꪣꪙ ꪀꪾꪚ ꪙꪾ ꪕꪮꪥ ꪝꪳꪉ ꪁꪫꪸꪙ ꪹꪜꪸꪙ ꪹꪊꪱ ꪀꪾꪚ ꪼꪒ ꪕꪳ ꪕꪱꪉ ꪩꪱꪉ ꪒꪲ ꪜꪴꪙ ꪵꪔꪉ ꪻꪊ ꪹꪢꪸꪒ ꪵꪭꪉ ꪀꪺꪉ ꪁꪴꪣ ꪹꪣꪉ ꪹꪊꪱ ꪭꪳ ꪫꪱ ꪹꪣꪉ ꪙꪮꪀ.</para>
   </preamble>
   <article number="1">
      <title>ꪭꪴꪒ 1</title>
      <para>ꪹꪕꪸꪉ ꪀꪱ ꪋꪴ ꫛ ꪎꪲꪉ ꪮꪮꪀ ꪣꪱ ꪻꪠ ꪁꪷ ꪻꪬ ꪼꪒ ꪕꪳ ꪕꪱꪉ ꪀꪾꪚ ꪹꪋꪷꪉ ꪝꪸꪉ ꪕꪮꪥ ꪩꪾ ꫛ ꪶꪔꪙ ꪠꪴ - ꪋꪴ ꪬꪺ ꫛ ꪻꪠ ꪁꪷ ꪻꪬ ꪣꪲ ꪁꪫꪸꪙ ꪎꪱꪉ ꪶꪎꪣ ꪩꪺꪉ ꪹꪥꪸꪒ ꫛ ꪀꪾꪚ ꪹꪥꪸꪒ ꪻꪊ ꪚꪴꪙ ꪀꪾꪚ ꪼꪒ ꪹꪚꪷꪉ ꪒꪲ ꪀꪾꪚ ꪫꪸꪀ ꪭꪰꪀ ꪵꪝꪉ ꪹꪏꪉ ꪹꪭꪙ ꪒꪸꪫ.</para>
   </article>
   <article number="2">
      <title>ꪭꪴꪒ 2</title>
      <para>ꪋꪴ ꫛ  ꪻꪠ ꪁꪷ ꪝꪮꪣ ꪼꪒ ꪹꪬꪉ ꪝꪳꪉ ꪁꪫꪸꪙ ꪹꪜꪸꪙ ꪹꪊꪱ ꪀꪾꪚ ꪕꪳ ꪕꪱꪉ ꪹꪏꪉ ꪹꪫꪱ ꪀꪺꪉ ꪻꪚ ꪜꪱꪫ ꪁꪫꪱꪣ ꪙꪲ, ꪹꪚꪱ ꪜꪽ ꪵꪊꪀ ꪹꪋ ꪡꪽ - ꪹꪙ ꪘꪰꪉ - ꪻꪊ ꪈꪾ - ꪁꪫꪱꪣ ꪜꪱꪀ - ꪭꪲꪒ ꪅꪮꪉ - ꪩꪺꪉ ꪜꪴꪙ ꪵꪔꪉ ꪀꪨꪰꪒ ꪄꪮꪉ ꪹꪊꪱ ꪭꪳ ꪫꪱ ꪩꪺꪉ ꪀꪨꪰꪒ ꪮꪳꪙ, ꪶꪀꪀ ꪹꪅꪱ ꪹꪬꪱ ꪭꪱꪀ ꪚꪱꪙ ꪹꪣꪉ ꪬꪱꪀ ꪣꪲ ꪭꪳ ꪫꪱ ꪚꪱꪙ ꪹꪣꪉ ꪙꪾ ꪣꪲꪉ ꪎꪲꪉ ꪄꪮꪉ. ꪄꪮꪉ ꪹꪊꪱ ꪬꪱꪀ ꪼꪒ ꪬꪱꪀ ꪣꪲ ꪭꪳ ꪫꪱ ꪹꪜꪸꪙ ꪵꪔ ꪚꪱꪙ ꪹꪣꪉ ꪕꪰꪒ ꪮꪮꪀ.</para>
      <para>ꪙꪮꪀ ꪽ, ꪁꪷ ꪹꪚꪱ ꪣꪲ ꪄꪴ ꪻꪒ ꪵꪚꪉ ꪵꪑꪀ ꪎꪸ ꪁꪫꪸꪙ ꪀꪨꪰꪒ ꪄꪮꪉ ꪹꪊꪱ - ꪁꪫꪸꪙ  ꪶꪄꪣ ꪙꪱꪚ ꪄꪮꪉ ꪹꪘꪀ ꪻꪒ ꪹꪣꪉ ꪻꪒ ꪹꪊꪱ ꪤꪴ ꫛ ꪒꪸꪫ. ꪔꪱ ꪫꪱ ꪹꪣꪉ ꪽ ꪼꪒ ꪎꪺꪙ ꪵꪔꪉ ꪒꪱ ꪀꪮꪉ ꪁꪫꪸꪙ ꪙꪱꪚ ꪹꪔꪸꪉ ꪹꪚꪱ ꪹꪭꪸ ꪹꪜꪸꪙ ꪹꪊꪱ ꪊꪮꪣ ꪹꪝ ꪣꪲ ꪮꪽ ꪄꪰꪒ ꪄꪮꪉ.</para>
  </article>
   <article number="3">
      <title>ꪭꪴꪒ 3</title>
      <para>ꪋꪴ ꫛ ꪻꪠ ꪁꪷ ꪣꪲ ꪁꪫꪸꪙ ꪹꪤꪸꪒ ꫛ, ꪕꪳ ꪕꪱꪉ ꪀꪾꪚ ꪜꪮꪒ ꪵꪊꪉ ꪻꪬ ꪩꪾ ꪣꪷ ꪹꪊꪱ.</para>
   </article>
   <article number="4">
      <title>ꪭꪴꪒ 4</title>
      <para>ꪹꪚꪱ ꪣꪲ ꪻꪠ ꪜꪰꪒ ꪄꪮꪥ ꪹꪏꪷ ꪭꪳ ꪫꪱ ꪊꪺꪚ ꪶꪄꪣ ꪙꪱꪚ ꪹꪏꪉ ꫛ ꪄꪮꪥ  ꪹꪏꪷ, ꪋꪴ ꪮꪽ ꪹꪏꪉ ꪹꪜꪸꪙ ꪄꪮꪥ ꪹꪏꪷ ꪀꪾꪚ ꪁꪱ ꪄꪱꪥ ꪄꪮꪥ ꪹꪏꪷ ꪒꪷ ꪹꪜꪸꪙ ꪄꪴ ꪹꪀꪷꪣ ꪀꪰꪒ ꪹꪁꪸꪉ.</para>
   </article>
   <article number="5">
      <title>ꪭꪴꪒ 5</title>
      <para>ꪹꪚꪱ ꪣꪲ ꪻꪠ ꪊꪺꪚ ꪜꪰꪒ ꪕꪾꪚ ꪔꪲ ꪵꪀꪉ ꪊꪺꪚ ꪡꪱꪒ ꪀꪱ ꪶꪄ ꪚꪱꪚ ꪹꪤꪸꪒ ꪶꪏꪥ ꪮꪱꪀ ꪭꪮꪒ ꪩꪾ ꫛ ꪶꪔꪙ ꪠꪴ ꪊꪺꪚ ꪔꪾꪣ ꪼꪜ ꪎꪸ.</para>
   </article>
   <article number="6">
      <title>ꪭꪴꪒ 6</title>
      <para>ꪋꪴ ꫛ ꪻꪠ ꪁꪷ ꪣꪲ ꪁꪫꪸꪙ ꪹꪋ  ꪢꪽ  ꪶꪔ ꪹꪊꪱ  ꪅꪰꪀ ꪹꪜꪸꪙ ꫛ ꪕꪮꪥ ꪠꪱꪚ ꪩꪺꪒ ꪚꪱꪙ ꪹꪣꪉ ꪹꪚꪱ ꪁꪫꪱꪙ ꪹꪣꪉ ꪻꪒ.</para>
   </article>
   <article number="7">
      <title>ꪭꪴꪒ 7</title>
      <para>ꪹꪕꪸꪉ ꪀꪱ ꪋꪴ ꫛ ꪻꪠ ꪁꪷ ꪼꪒ ꪹꪋꪷꪉ ꪝꪸꪉ  ꪕꪮꪥ ꪠꪱꪚ ꪨꪺꪒ ꪼꪜ ꪵꪊ ꪹꪏꪉ ꪒꪸꪫ ꪹꪚꪱ ꪣꪲ ꪄꪴ ꪻꪒ ꪜꪽ ꪵꪊꪀ - ꪹꪕꪸꪉ ꪀꪱ ꪋꪴ ꫛ ꪝꪮꪣ ꪼꪒ ꪼꪜ ꪵꪊ ꪹꪏꪉ ꪒꪸꪫ -ꪼꪒ ꪁꪾꪣ ꪔꪷ ꪝꪳꪉ ꪄꪴ ꪜꪽ ꪵꪊꪀ ꪄꪮꪉ ꪁꪫꪱꪣ ꪜꪱꪫ ꪙꪲ ꪵꪀꪉ ꪼꪒ ꪁꪾꪣ ꪔꪷ  ꪝꪳꪉ  ꪄꪴ ꪑꪮꪀ ꪑꪺꪙ ꪵꪚꪉ ꪵꪑꪀ ꪎꪸ ꪀꪽ ꪽ.</para>
   </article>
   <article number="8">
      <title>ꪭꪴꪒ 8</title>
      <para>ꪋꪴ ꫛ ꪻꪠ ꪁꪷ ꪣꪲ ꪁꪫꪸꪙ ꪼꪒ ꪕꪫꪱ ꪮꪱꪙ ꪹꪣꪉ ꪽ ꪼꪜ  ꪵꪊ ꪕꪮꪥ ꪠꪱꪚ ꪩꪺꪒ ꪁꪾꪣ ꪔꪷ ꪝꪳꪉ ꪄꪴ  ꪹꪥꪸꪒ ꪠꪲꪒ ꪕꪮꪥ ꪭꪲꪒ ꪻꪐ ꪒꪺꪉ ꪄꪮꪉ ꪠꪱꪚ ꪩꪺꪒ ꪕꪰꪒ ꪮꪮꪀ.</para>
   </article>
   <article number="9">
      <title>ꪭꪴꪒ 9</title>
      <para>ꪹꪚꪱ ꪣꪲ ꪻꪠ ꪊꪺꪚ ꪜꪰꪒ,  ꪎꪰꪉ ꪼꪫ ꪭꪳ ꪫꪱ ꪬꪱꪀ ꪩꪰꪀ ꪶꪎꪉ  ꪼꪜ ꪹꪣꪉ ꪮꪳꪙ</para>
   </article>
   <article number="10">
      <title>ꪭꪴꪒ 10</title>
      <para>ꪋꪴ ꫛ ꪻꪠ ꪁꪷ ꪻꪬ ꪼꪒ ꪣꪲ ꪁꪫꪸꪙ  ꪹꪋꪷꪉ ꪝꪸꪉ, ꪼꪒ ꪕꪫꪱ ꪮꪱꪙ ꪹꪣꪉ ꪽ ꪵꪔꪉ ꪹꪩꪷꪉ ꪹꪎꪷꪉ ꪋꪮꪚ ꪵꪊꪉ ꪵꪊꪀ ꪹꪚꪱ ꪚꪰꪀ ꪶꪕꪥ ꪎꪴ ꫛ ꪻꪒ ꪁꪫꪸꪙ ꪚꪰꪀ ꪩꪱ ꪫꪱ ꪮꪫꪱꪙ.</para>
   </article>
   <article number="11">
      <title>ꪭꪴꪒ 11</title>
      <orderedlist>
         <listitem>
            <para>ꪋꪴ ꫛ ꪫꪱ ꪻꪠ ꪊꪺꪚ ꪜꪰꪒ ꪶꪏꪥ ꪹꪬꪉ ꪹꪉꪷ, ꪭꪳ ꪣꪲ ꪁꪫꪸꪙ ꪫꪱ ꪶꪕꪥ ꪽ ꪹꪥꪸꪒ ꪩꪱ, ꪹꪕꪱ ꪭꪮꪒ ꪕꪫꪱ ꪮꪱꪙ ꪹꪥꪸꪒ ꪮꪮꪀ ꪵꪊꪉ ꪻꪬ ꫛ ꪽ ꪣꪲ ꪀꪱꪙ ꪐꪽ ꪝꪱꪫ ꪻꪬ ꪠꪴ  ꪜꪱꪀ ꪔꪱꪉ ꪹꪊꪱ ꪹꪫꪱ ꪅꪰꪀ ꪫꪱ ꪶꪕꪥ ꫛ ꪽ ꪣꪲ ꪭꪳ ꪮꪲꪉ ꪹꪝꪷꪉ ꪎꪴ ꪠꪱꪚ ꪩꪺꪒ.</para>
         </listitem>
         <listitem>
            <para>ꪹꪚꪱ ꪣꪲ ꪻꪠ ꪊꪺꪚ ꪣꪺꪙ ꪶꪕꪥ ꪹꪬꪉ ꪹꪉꪷ ꪶꪝ ꪫꪸꪀ ꪹꪥꪸꪒ ꪹꪬꪉ ꪹꪉꪷ ꪹꪚꪱ ꪵꪄꪀ ꪫꪱ ꪶꪕꪥ ꪹꪬꪉ ꪹꪉꪷ ꪕꪮꪥ ꪩꪺꪒ ꪠꪱꪚ ꪹꪘꪀ ꪽ ꪀꪰꪒ ꪜꪴꪙ ꪮꪮꪀ ꪀꪺꪉ ꪹꪋꪷ ꪽ - ꪁꪷ ꪹꪚꪱ ꪻꪬ ꪵꪠꪚ ꪎꪴ ꪝꪳꪉ ꪄꪴ ꪡꪱꪒ  ꪀꪱ ꪘꪰꪀ ꪻꪎ ꪝꪳꪉ ꪶꪕꪥ ꪹꪬꪉ ꪹꪉꪷ ꪹꪏ ꪠꪱꪚ ꪩꪺꪒ ꪹꪣꪉ ꪽ ꪕꪰꪒ ꪮꪮꪀ ꪵꪊꪉ ꪵꪊꪀ ꪹꪏꪉ ꪽ.</para>
         </listitem>
      </orderedlist>
   </article>
   <article number="12">
      <title>ꪭꪴꪒ 12</title>
      <para>ꪹꪚꪱ ꪣꪲ ꪻꪠ ꪊꪺꪚ ꫛ ꪮꪳꪙ ꪮꪱꪉ ꪕꪷ ꪹꪊꪱ ꪵꪙꪉ ꪹꪤꪸꪒ ꪻꪬ ꪋꪺ  ꪹꪩꪷꪥ ꪚꪮꪣ, ꪋꪺ ꪹꪭꪙ,  ꪚꪮꪙ ꪤꪴ ꪵꪀꪉ ꪎꪳ ꪎꪱꪙ ꪄꪮꪉ ꪚꪮꪣ ꫛ ꪽ ꪹꪚꪱ ꪵꪝꪒ ꪝꪱꪙ ꪭꪮꪒ ꪋꪳ ꪎꪸꪉ ꪘꪱ ꪔꪱ ꪄꪮꪉ ꪹꪊꪱ. ꪋꪴ ꫛ ꪝꪮꪣ ꪼꪒ ꪠꪱꪚ ꪩꪺꪒ ꪼꪜ ꪵꪊ ꪹꪮꪱ ꪁꪾꪣ  ꪔꪷ ꪝꪳꪉ  ꪄꪴ  ꪵꪮ  ꪹꪥꪸꪒ ꪒꪴ ꪉꪱꪥ ꪵꪝ  ꪹꪊꪱ ꪹꪏꪉ ꪽ.</para>
   </article>
   <article number="13">
      <title>ꪭꪴꪒ 13</title>
      <orderedlist>
         <listitem>
            <para>ꪋꪴ ꫛ ꪝꪮꪣ ꪼꪒ ꪣꪲ ꪁꪫꪸꪙ ꪕꪳ ꪕꪱꪉ  ꪼꪜ ꪣꪱ  ꪀꪾꪚ ꪤꪴ ꪚꪮꪙ ꪻꪒ ꪀꪺꪉ ꪙꪾ ꪒꪲꪙ ꪄꪮꪉ  ꪹꪘꪀ ꪹꪊꪱ ꪋꪴ ꫛ ꪝꪮꪣ ꪼꪒ ꪣꪲ ꪁꪫꪸꪙ ꪮꪮꪀ  ꪄꪮꪥ ꪎꪸ ꪹꪣꪉ, ꪙꪾꪚ ꪵꪔ ꪹꪣꪉ ꪹꪊꪱ, ꪵꪀꪉ ꪣꪲ ꪁꪫꪸꪙ ꪔꪱꪫ ꪙꪱ ꪹꪣꪉ ꪹꪊꪱ.</para>
         </listitem>
         <listitem>
            <para>[missing]</para>
         </listitem>
      </orderedlist>
   </article>
   <article number="14">
      <title>ꪭꪴꪒ 14</title>
      <orderedlist>
         <listitem>
            <para>ꪋꪴ ꫛ ꪝꪮꪣ ꪼꪒ ꪣꪲ ꪁꪫꪸꪙ ꪎꪱꪫ ꪚꪮꪙ ꪤꪴ  ꪭꪳ ꪫꪱ  ꪝꪱꪥ ꪼꪜ ꪹꪝꪷꪉ ꪹꪣꪉ ꪮꪳꪙ ꪫꪱ ꪊꪺꪚ ꪹꪎꪱ ꪹꪤꪸꪒ ꪚꪱꪚ ꪻꪬ ꪹꪊꪱ.</para>
         </listitem>
         <listitem>
            <para>ꪁꪫꪸꪙ ꪙꪲ ꪹꪚꪱ ꪼꪒ ꪎꪴ ꪻꪎ  ꪜꪮꪉ ꪝꪳꪉ ꫛ ꪊꪺꪚ ꪹꪎꪱ ꪜꪰꪒ ꪻꪬ ꪶꪝ ꪝꪳꪉ ꪶꪕꪥ ꪹꪚꪱ ꪋꪳ ꪊꪲꪉ ꪊꪲ  ꪭꪳ ꪫꪱ ꪝꪳꪉ ꪄꪴ ꪹꪚꪱ ꪭꪴ ꪕꪮꪥ ꪙꪾ ꪩꪺꪒ ꪄꪮꪉ ꪨꪸꪙ ꪹꪭꪷꪚ ꪀꪺꪀ</para>
         </listitem>
      </orderedlist>
   </article>
   <article number="15">
      <title>ꪭꪴꪒ 15</title>
      <orderedlist>
         <listitem>
            <para>ꪋꪴ ꫛ ꪝꪮꪣ ꪼꪒ ꪣꪲ  ꪁꪫꪸꪙ ꪹꪑꪷꪚ ꪹꪄꪱ ꪀꪺꪀ ꪕꪲꪀ ꪹꪣꪉ ꫜ ꪹꪣꪉ ꪻꪒ ꪽ.</para>
         </listitem>
         <listitem>
            <para>ꪹꪚꪱ ꪣꪲ ꪻꪠ ꪥꪱꪒ  ꪹꪮꪱ ꪀꪺꪀ ꪕꪲꪀ ꪄꪮꪉ ꪹꪊꪱ ꪭꪳ ꪫꪱ ꪖꪸꪉ  ꪎꪸ ꪁꪫꪸꪙ ꪜꪸꪙ ꪀꪺꪀ ꪕꪲꪀ  ꪹꪣꪉ ꫜ ꪄꪮꪉ ꪹꪊꪱ.</para>
         </listitem>
      </orderedlist>
   </article>
   <article number="16">
      <title>ꪭꪴꪒ 16</title>
      <orderedlist>
         <listitem>
            <para>ꫛ ꪋꪱꪥ ꪭꪳ ꪫꪱ ꫛ ꪑꪲꪉ  ꪭꪮꪒ ꪔꪺꪥ ꪹꪜꪸꪙ ꪚꪱꪫ ꪹꪜꪸꪙ ꪎꪱꪫ  ꪁꪷ ꪼꪒ ꪣꪲ ꪁꪫꪸꪙ  ꪹꪮꪱ ꪠꪺ ꪹꪮꪱ ꪣꪸ ꪎꪱꪉ ꪶꪎꪣ ꪹꪭꪙ ꪤꪱꪫ  ꪹꪚꪱ  ꪁꪫꪱꪣ ꪣꪲ ꪄꪴ ꪻꪒ ꪣꪱ ꪀꪽ ꪈꪽ - ꪕꪱꪉ ꪡꪽ ꫛ - ꪀꪺꪀ ꪕꪲꪀ ꪭꪳ ꪫꪱ ꪶꪔꪙ ꪤꪱꪫ ꪹꪎꪱ ꪁꪷ  ꪣꪲ ꪁꪫꪸꪙ ꪹꪮꪱ ꪠꪺ ꪹꪮꪱ ꪣꪸ ꪹꪤꪸꪒ ꪹꪭꪙ ꪹꪤꪸꪒ ꪤꪱꪫ ꪵꪀꪉ ꪹꪋꪷ ꪫꪱꪉ  ꪭꪱꪉ ꪀꪽ .</para>
         </listitem>
         <listitem>
            <para>ꪫꪸꪀ  ꪹꪮꪱ ꪠꪺ ꪹꪮꪱ ꪣꪸ ꪼꪒ ꪹꪕꪸꪉ ꪎꪮꪉ ꪠꪱꪥ ꪣꪰꪀ ꪵꪣꪙ ꪶꪎꪣ ꪻꪊ ꪹꪮꪱ ꪀꪽ.</para>
         </listitem>
         <listitem>
            <para>ꪹꪭꪙ ꪤꪱꪫ ꪹꪜꪸꪙ  ꪚꪮꪙ ꫜ ꪼꪒ  ꪕꪳ ꪕꪱꪉ ꪕꪮꪥ ꪚꪱꪙ ꪹꪣꪉ ꪵꪀꪉ ꪼꪒ ꪚꪱꪙ ꪹꪣꪉ ꪼꪜ ꪵꪊ ꪹꪮꪱ .</para>
         </listitem>
      </orderedlist>
   </article>
   <article number="17">
      <title>ꪭꪴꪒ 17</title>
      <orderedlist>
         <listitem>
            <para>ꪋꪴ ꫛ ꪝꪮꪣ  ꪼꪒ ꪣꪲ ꪁꪫꪸꪙ  ꪎꪴ  ꪶꪤꪉ ꪹꪋꪉ ꪄꪮꪉ  ꪚꪮꪣ ꪄꪮꪉ ꪹꪊꪱ ꪭꪳ ꪫꪱ ꪎꪴ ꪭꪷ ꪀꪽ ꪀꪾꪚ ꫛ ꪮꪳꪙ ꪹꪚꪱ ꪣꪲ ꪻꪠ ꪮꪱꪉ ꪕꪷ ꪁꪫꪸꪙ ꪻꪐ ꪣꪱ ꪋꪲꪉ ꪤꪱꪒ ꪹꪮꪱ ꪎꪸ ꪼꪒ.</para>
         </listitem>
         <listitem>
            <para>[missing]</para>
         </listitem>
      </orderedlist>
   </article>
   <article number="18">
      <title>ꪭꪴꪒ 18</title>
      <para>ꪋꪴ ꫛ ꪝꪮꪣ ꪼꪒ ꪣꪲ ꪁꪫꪸꪙ ꪈꪾ ꪜꪴꪙ ꪮꪮꪀ ꪒꪰꪀ ꪵꪒꪣ ꪀꪾꪚ ꪎꪱꪉ ꪭꪲꪒ ꪅꪮꪉ, ꪹꪕꪸꪉ ꪀꪱ ꪕꪳ ꪕꪱꪉ ꪜꪸꪙ ꪹꪋ ꪎꪱꪥ ꪵꪀꪉ ꪭꪲꪒ ꪅꪮꪉ, ꪀꪾꪚ ꪼꪒ ꪕꪳ ꪕꪱꪉ ꪮꪮꪀ ꪘꪱ ꫛ ꪹꪋ ꪎꪱꪥ ꪣꪲ ꪭꪳ ꪎꪱꪉ ꪭꪲꪒ ꪅꪮꪉ ꪵꪔ ꪜꪱꪉ ꪒꪱꪥ ꪋꪸꪙ ꪣꪱ ꪹꪤꪸꪒ ꪹꪎꪸꪙ ꪡꪮꪙ, ꪀꪴꪉ ꪹꪏꪷ,ꪹꪜꪸꪙ ꪄꪮꪉ ꪚꪮꪣ ꪹꪊꪱ ꪭꪳ ꪫꪱ ꪄꪮꪉ ꪭꪺꪣ ꪀꪽ ꪹꪜꪸꪙ ꪮꪮꪀ ꪘꪱ ꪭꪳ ꪄꪮꪉ ꪤꪸꪉ ꪚꪮꪣ ꪹꪊꪱ.</para>
   </article>
   <article number="19">
      <title>ꪭꪴꪒ 19</title>
      <para>ꪋꪴ ꫛ ꪝꪮꪣ ꪣꪲ ꪁꪫꪸꪙ ꪕꪳ ꪕꪱꪉ ꪜꪱꪀ ꪹꪫꪱ ꪎꪳ ꪎꪱꪙ ꪵꪀꪉ ꪵꪀ ꪼꪄ ꪮꪮꪀ  ꪩꪱꪉ ꪈꪾ ꪩꪱꪉ ꪜꪮꪉ ꪕꪳ ꪕꪱꪉ ꪩꪱꪉ ꪈꪾ ꪭꪲꪒ ꪄꪮꪉ ꪹꪊꪱ, ꪹꪚꪱ ꪤꪴ ꪀꪮꪉ ꪄꪴ ꪶꪄꪣ ꪙꪱꪚ ꪻꪒ, ꪕꪳ ꪕꪱꪉ ꪏꪮꪀ ꪎꪱꪫ ꪹꪮꪱ ꪁꪫꪱꪣ ꪭꪴ ꪏꪸꪉ ꪄꪮꪉ ꫛ ꪮꪳꪙ ꪹꪎꪱ ꪜꪱꪫ ꪣꪱ ꪹꪚꪱ ꪁꪫꪱꪣ ꪹꪣꪉ ꪻꪒ.</para>
   </article>
   <article number="20">
      <title>ꪭꪴꪒ 20</title>
      <orderedlist>
          <listitem>
            <para>ꪋꪴ ꫛ ꪝꪮꪣ ꪣꪲ ꪁꪫꪸꪙ ꪕꪳ ꪕꪱꪉ ꪭꪮꪚ ꪶꪭꪥ, ꪵꪀꪉ ꪀꪮꪚ ꪶꪭꪣ ꪻꪎ ꪊꪴꪣ ꪢꪴ ꪮꪸꪙ ꪭꪱꪙ ꪹꪚꪱ ꪣꪲ ꪻꪠ ꪶꪄꪣ ꪙꪱꪚ ꪹꪄꪱ ꪶꪭꪥ ꪙꪲ ꪶꪭꪥ ꪻꪙ.</para>
         </listitem>
         <listitem>
            <para>[missing]</para>
         </listitem>
     </orderedlist>
   </article>
   <article number="21">
      <title>ꪭꪴꪒ 21</title>
      <orderedlist>
         <listitem>
            <para>ꪋꪴ ꫛ ꪝꪮꪣ ꪣꪲ ꪁꪫꪸꪙ ꪣꪲ ꪋꪳ ꪮꪮꪀ ꪘꪱ ꪹꪄꪱ ꪊꪲꪉ ꪁꪫꪸꪙ ꪹꪣꪉ ꪹꪊꪱ,ꪹꪜꪸꪙ ꫛ ꪼꪒ ꪶꪎ ꪫꪱꪙ ꪝꪳꪉ ꪠꪴ ꪔꪱꪉ ꪘꪱ ꪕꪳ ꪕꪱꪉ ꪼꪒ ꪋꪮꪙ ꪹꪩꪀ ꪹꪮꪱ ꪽ.</para>
         </listitem>
         <listitem>
            <para>ꪋꪴ ꫛ ꪝꪮꪣ ꪣꪲ ꪁꪫꪸꪙ ꪼꪒ ꪹꪄꪱ ꪹꪤꪸꪒ ꪕꪮꪥ ꪶꪢꪒ ꪹꪤꪸꪒ ꪀꪲꪙ ꪘꪰꪉ ꪀꪺꪉ ꪙꪾ ꪒꪲꪙ ꪚꪱꪙ ꪹꪣꪉ ꪹꪊꪱ ꪼꪒ ꪹꪋꪷꪉ ꪝꪸꪉ.</para>
         </listitem>
         <listitem>
            <para>ꪬꪺ ꪻꪊ ꪄꪮꪉ ꪹꪤꪷꪙ ꪹꪣꪉ ꪹꪜꪸꪙ ꪚꪮꪙ ꪝꪰꪀ ꪵꪭꪉ ꪻꪐ ꪒꪺꪉ ꪄꪮꪉ ꪊꪲꪉ ꪁꪫꪸꪙ. ꪬꪺ ꪻꪊ ꪙꪲ ꪹꪬꪸꪙ ꪮꪮꪀ ꪵꪊꪉ ꪘꪰꪉ ꪜꪱꪉ ꪹꪫꪱ ꪀꪳ ꪅꪰꪀ ꪵꪙꪀ, ꪕꪮꪥ ꪭꪲꪒ ꪶꪠꪀ ꪠꪸꪫ ꪋꪮꪚ ꪹꪋꪷꪉ ꪵꪀꪉ ꪼꪒ ꪶꪠꪀ ꪠꪸꪫ ꪤꪾꪣ ꪕꪮꪥ ꪭꪲꪒ ꪶꪠꪀ ꪠꪸꪫ ꪹꪏꪉ ꪒꪸꪫ ꪽ.</para>
         </listitem>
      </orderedlist>
   </article>
   <article number="22">
      <title>ꪭꪴꪒ 22</title>
      <para>ꪋꪴ ꫛ ꪹꪜꪸꪙ ꪹꪊꪱ ꪚꪱꪙ ꪹꪣꪉ, ꪝꪮꪣ ꪼꪒ ꪣꪲ ꪁꪫꪸꪙ ꪚꪱꪫ ꪬꪸꪣ ꪎꪱ ꪶꪭꪥ ꪁꪷ ꪹꪏꪉ ꪒꪸꪫ ꪫꪸꪀ ꪹꪥꪸꪒ ꪀꪲꪙ ꪣꪱ ꪕꪱꪉ ꪠꪱꪥ ꪹꪉꪷꪙ ꪘꪰꪉ ꪎꪱ ꪶꪭꪥ ꪀꪾꪚ ꪪꪽ ꪬꪫꪱ ꪹꪚꪱ ꪹꪖꪸ ꪒꪴꪒ ꪖꪸꪫ ꪻꪬ ꪩꪾ ꫛ ꪶꪔꪙ ꪠꪴ ꪄꪮꪉ ꪹꪊꪱ, ꪶꪎ ꪫꪱꪙ ꪀꪫꪱꪉ ꪄꪫꪱꪉ ꪘꪰꪉ ꪒꪮꪣ ꪹꪣꪉ ꪁꪱꪙ ꪠꪱ ꪀꪾꪚ ꪋꪴ ꪹꪣꪉ, ꪋꪮꪚ ꪹꪋꪷꪉ ꪫꪸꪀ ꪔꪰꪉ ꪵꪕꪉ ꪩꪺꪉ ꪜꪴꪙ ꪄꪮꪉ ꪢꪮꪥ ꪹꪣꪉ.</para>
   </article>
   <article number="23">
      <title>ꪭꪴꪒ 23</title>
      <orderedlist>
         <listitem>
            <para>ꪋꪴ ꫛ ꪝꪮꪣ ꪼꪒ ꪣꪲ ꪁꪫꪸꪙ ꪹꪤꪸꪒ ꪫꪸꪀ,ꪕꪳ ꪕꪱꪉ ꪎꪱꪫ ꪹꪮꪱ ꪫꪸꪀ ꪹꪤꪸꪒ, ꪼꪒ ꪹꪬꪉ ꪝꪳꪉ ꪫꪸꪀ ꪹꪤꪸꪒ ꪹꪋꪷꪉ ꪝꪸꪉ ꪀꪾꪚ ꪉꪱꪥ ꪒꪲ ꪼꪜ ꪵꪊ ꪻꪠ ꪹꪊꪱ ꪤꪴ ꪩꪱ ꪹꪚꪱ ꪣꪲ ꪫꪸꪀ ꪹꪤꪸꪒ ꪽ.</para>
         </listitem>
         <listitem>
            <para>ꪋꪴ ꫛ ꪝꪮꪣ ꪼꪒ ꪣꪲ ꪁꪫꪸꪙ ꪻꪬ ꪜꪰꪉ ꪶꪀꪉ  ꪕꪷ ꪀꪽ ꪻꪬ ꪶꪀꪉ ꪫꪸꪀ ꪹꪤꪸꪒ ꪕꪷ ꪒꪸꪫ, ꪹꪚꪱ ꪻꪬ ꪣꪲ ꪄꪴ ꪜꪽ ꪵꪊꪀ ꪹꪏꪉ ꪙꪲ ꪹꪏꪉ ꪻꪙ.</para>
         </listitem>
         <listitem>
            <para>ꪋꪴ  ꫛ ꪮꪮꪀ ꪵꪭꪉ ꪹꪤꪸꪒ ꪫꪸꪀ ꪝꪮꪣ ꪼꪒ ꪁꪱ ꪵꪭꪉ ꪹꪋꪷꪉ ꪝꪸꪉ ꪹꪏꪉ ꪒꪸꪫ ꪹꪚꪱ ꪻꪬ ꪒꪴꪒ ꪅꪱ ꪎꪸ ꪩꪾ ꪣꪷ ꪹꪊꪱ ꪀꪾꪚ ꪋꪺ ꪹꪭꪙ ꪋꪮꪚ ꪹꪋꪷꪉ ꪻꪬ ꪩꪾ ꫛ ꪶꪔꪙ ꪠꪴ ꪕꪮꪥ ꪭꪲꪒ  ꪼꪜ ꪵꪊ ꪚꪱꪙ ꪹꪣꪉ ꪮꪳꪙ ꪮꪳꪙ ꪫꪱ ꪬꪱꪀ ꪣꪲ ꪵꪙꪫ ꪹꪜꪸꪙ.</para>
         </listitem>
         <listitem>
            <para>ꪋꪴ ꫛ ꪝꪮꪣ ꪼꪒ ꪣꪲ ꪁꪫꪸꪙ ꪵꪔꪉ ꪒꪱ ꪄꪳꪙ ꪀꪾꪚ ꪹꪄꪱ ꪶꪭꪥ ꪶꪀꪉ ꪒꪫꪱꪙ ꪼꪫ ꪼꪜ ꪵꪊ ꪁꪫꪸꪙ ꪹꪨꪷꪥ ꪄꪮꪉ ꪹꪊꪱ.</para>
         </listitem>
      </orderedlist>
   </article>
   <article number="24">
      <title>ꪭꪴꪒ 24</title>
      <para>ꪋꪴ ꫛ ꪝꪮꪣ ꪣꪲ  ꪁꪫꪸꪙ ꪥꪰꪉ ꪥꪮꪣ ꪀꪾꪚ ꪮꪲꪙ ꪣꪺꪙ ꪎꪱꪉ ꪻꪊ,ꪵꪀꪉ ꪹꪥꪸꪒ ꪫꪸꪀ ꪹꪚꪱ ꪋꪮꪚ ꪹꪋꪷꪉ ꪹꪋꪷ ꪀꪾꪚ ꪝꪳꪉ ꪣꪳ ꪤꪰꪉ ꪁꪷ ꪼꪒ ꪔꪲꪉ ꪹꪉꪷꪙ ꪹꪨꪉ ꪕꪮꪥ ꪹꪏꪉ ꪋꪴ ꪹꪕ.</para>
   </article>
   <article number="25">
      <title>ꪭꪴꪒ 25</title>
      <orderedlist>
         <listitem>
            <para>ꪋꪴ ꫛ ꪝꪮꪣ ꪼꪒ ꪣꪲ ꪁꪫꪸꪙ - ꪀꪲꪙ ꪝꪸꪉ ꪝꪷ ꪼꪫ ꪄꪴꪣ ꪹꪮꪱ ꪬꪱꪫ ꪵꪭꪉ ꪵꪀꪉ ꪵꪕꪒ ꪕꪸꪉ ꪻꪬ ꪹꪊꪱ ꪩꪾ ꪣꪷ ꪵꪀꪉ ꪋꪺ ꪹꪭꪙ, ꪕꪱꪉ ꪫꪸꪀ ꪀꪲꪙ, ꪫꪸꪀ ꪙꪴꪉ, ꪫꪸꪀ ꪤꪴ, ꪹꪤꪱ ꪤꪱ, ꪀꪾꪚ ꪩꪺꪉ ꪮꪮꪀ ꪎꪸ ꪕꪮꪥ ꪚꪱꪙ ꪹꪣꪉ ꪻꪢ, ꪁꪷ ꪵꪜꪀ ꪹꪏꪉ ꪣꪲ ꪁꪫꪸꪙ ꪼꪒ ꪚꪱꪫ ꪬꪸꪣ ꪀꪺꪉ ꪹꪋꪷ ꪹꪚꪱ ꪣꪲ ꪫꪸꪀ ꪹꪥꪸꪒ, ꪹꪊꪸꪚ ꪭꪱꪥ, ꪉꪮꪥ ꪵꪫꪁ, ꪢꪱꪥ ꪭꪱꪉ ꪹꪖꪱ ꪵꪀ, ꪭꪳ ꪫꪱ ꪹꪚꪱ ꪣꪲ ꪹꪏꪉ ꪹꪥꪸꪒ ꪀꪲꪙ ꪶꪝ ꪄꪱꪒ ꪹꪄꪷꪙ ꪒꪱꪥ ꪵꪙꪫ ꪹꪚꪱ ꪶꪀꪣ ꪣꪷ ꪹꪊꪱ.</para>
         </listitem>
         <listitem>
            <para>ꪝꪳꪉ ꪹꪯꪸꪣ ꪹꪖꪱ ꪀꪾꪚ ꪙꪮꪉ ꪙꪮꪥ ꪹꪁꪷꪙ ꪼꪒ ꪩꪾ ꪒꪴ ꪀꪾꪚ ꪋꪮꪥ ꪹꪤ ꪒꪱꪥ ꪹꪏ - ꪹꪕꪸꪉ ꪀꪱ ꪝꪳꪉ ꪙꪮꪉ ꪙꪮꪥ ꪮꪮꪀ ꪣꪱ ꪣꪱꪙ ꪕꪱꪉ ꪝꪮꪣ ꪼꪒ ꪹꪬꪉ ꪫꪸꪀ ꪋꪮꪥ ꪹꪤ ꪄꪮꪉ ꪚꪱꪙ ꪹꪣꪉ ꪹꪏꪉ ꪒꪸꪫ.</para>
         </listitem>
      </orderedlist>
   </article>
   <article number="26">
      <title>ꪭꪴꪒ 26</title>
      <orderedlist>
         <listitem>
            <para>ꪋꪴ ꫛ ꪝꪮꪣ ꪼꪒ ꪣꪲ ꪁꪫꪸꪙ ꪵꪮꪚ ꪭꪸꪙ - ꪼꪒ ꪹꪤꪸꪒ ꪕꪮꪥ ꪹꪊꪸ ꪶꪒ ꪤꪱꪫ ꪤꪴꪀ ꪹꪚꪱ ꪎꪸ ꪁꪱ ꪙꪮꪥ ꪹꪭꪸꪉ ꪁꪷ ꪼꪒ ꪵꪮꪚ ꪬꪮꪉ ꪋꪽ ꪔꪾꪣ ꪀꪾꪚ ꪤꪱꪫ ꪤꪴꪀ ꪘꪰꪉ ꪶꪠꪉ ꪶꪩ - ꪤꪱꪫ ꪤꪴꪀ ꪋꪽ  ꪔꪾꪣ ꪭꪳ ꪵꪣꪙ ꪄꪮꪉ ꪄꪰꪒ ꪹꪭꪸꪉ, ꪤꪱꪫ ꪥꪴꪀ ꪀꪲ ꪗꪺꪒ ꪀꪾꪚ ꪝꪳꪉ ꪹꪉꪸ  ꪭꪳ ꪹꪜꪸꪙ ꪼꪄ ꪀꪫꪱꪉ ꪀꪾꪚ ꪤꪱꪫ ꪥꪴꪀ ꪋꪽ ꪎꪴꪉ ( ꪀꪱꪫ ꪭꪮꪀ ) ꪹꪜꪸꪙ ꪕꪮꪥ ꪈꪫꪸꪙ ꪔꪰꪀ ꪹꪋꪷꪉ ꪝꪸꪉ ꪻꪬ ꪹꪚꪱ ꪁꪫꪱꪙ ꫛ ꪻꪒ ꪵꪮꪚ ꪼꪒ.</para>
         </listitem>
         <listitem>
            <para>ꪤꪱꪫ ꪤꪴꪀ ꪹꪜꪸꪙ ꪕꪮꪥ ꪹꪬꪉ ꪋꪮꪥ ꪩꪴꪀ ꫛ ꪭꪴ ꪏꪸꪉ ꪔꪳꪣ ꪵꪕꪙ ꪝꪸꪉ ꪝꪷ ꪻꪬ  ꪠꪴ ꫛ ꪭꪴ ꪵꪮ ꪎꪱꪉ ꪁꪫꪸꪙ ꪕꪳ  ꪕꪱꪉ  ꪩꪾ ꪣꪷ ꪄꪮꪉ ꪹꪊꪱ - ꪚꪮꪀ ꪎꪮꪙ ꪹꪜꪸꪙ ꪔꪳꪣ ꪵꪕꪙ ꪫꪸꪀ ꪭꪴ ꪒꪰꪀ ꪻꪊ ꪣꪰꪀ ꪣꪺꪙ ꪀꪾꪚ ꪹꪕꪸꪉ ꪀꪱ ꪝꪳꪉ  ꪹꪋ ꪎꪱꪥ ꪮꪳꪙ ꪝꪳꪉ ꫛ ꪵꪔꪉ ꪭꪲꪒ ꪅꪮꪉ ꪀꪾꪚ ꪡꪽ ꫛ ꪮꪳꪙ ꪁꪷ ꪼꪒ ꪑꪷ ꪎꪴꪉ ꪫꪸꪀ ꪹꪥꪸꪒ ꪀꪾꪚ ꪨꪸꪙ ꪹꪭꪷꪚ ꪀꪺꪀ ꪹꪝ ꪼꪜ ꪵꪊ ꪹꪮꪱ ꪮꪸꪙ ꪭꪱꪙ ꪮꪱꪥ ꪹꪯꪸꪣ ꪣꪲ ꪁꪫꪸꪙ ꪹꪩꪀ ꪋꪮꪙ ꪹꪮꪱ  ꪩꪺꪉ ꪚꪮꪀ ꪎꪮꪙ ꪩꪴꪀ ꪹꪔꪱ.</para>
         </listitem>
         <listitem>
            <para>[missing]</para>
         </listitem>
      </orderedlist>
   </article>
   <article number="27">
      <title>ꪭꪴꪒ 27</title>
      <orderedlist>
         <listitem>
            <para>ꪋꪴ ꫛ ꪝꪮꪣ ꪣꪲ ꪁꪫꪸꪙ ꪕꪳ ꪕꪱꪉ ꪹꪄꪱ ꪎꪱꪉ ꪶꪎꪣ ꪕꪱꪉ ꪪꪽ  ꪬꪫꪱ ꪄꪮꪉ ꪶꪢꪒ ꪢꪴ ꪒꪸꪫ ꪹꪊꪱ, ꪑꪷ ꪎꪴꪉ ꪩꪺꪉ ꪭꪴ ꪏꪸꪉ  ꪀꪾꪚ ꪵꪚꪉ ꪜꪽ ꪩꪱꪉ ꪒꪲ ꪄꪮꪉ ꪹꪊꪱ ꪹꪥꪸꪒ ꪼꪒ ꪻꪬ ꪔꪸꪙ ꪶꪚ ꪄꪫꪱ ꪭꪮꪀ.</para>
         </listitem>
         <listitem>
            <para>ꪋꪴ ꫛ ꪝꪮꪣ  ꪣꪲ ꪁꪫꪸꪙ ꪮꪴꪣ ꪏꪴ ꪶꪒꪥ ꪀꪾꪚ ꪝꪳꪉ  ꪁꪫꪸꪙ  ꪹꪨꪷꪥ ꪕꪱꪉ ꪙꪾ  ꪣꪲꪉ ꪎꪲꪉ ꪄꪮꪉ ꪀꪾꪚ ꪬꪺ ꪻꪊ ꪵꪔ ꪶꪀꪉ ꪊꪲꪉ ꪄꪫꪱ ꪭꪮꪀ,  ꪪꪽ ꪭꪮꪀ ꪀꪾꪚ ꪹꪈꪸ ꪗꪺꪒ ꪵꪣꪙ ꫛ ꪠꪴ ꪽ ꪵꪔꪉ ꪮꪮꪀ ꪼꪒ.</para>
         </listitem>
      </orderedlist>
   </article>
   <article number="28">
      <title>ꪭꪴꪒ 28</title>
      <para>ꪋꪴ ꫛ ꪝꪮꪣ ꪢꪲ ꪁꪫꪸꪙ ꪼꪒ ꪹꪬꪉ ꪫꪸꪀ ꪜꪮꪒ ꪵꪊꪉ ꪚꪱꪙ ꪹꪣꪉ ꪀꪾꪚ ꪀꪺꪀ ꪹꪔꪸ ꪀꪺꪉ ꪽ  ꪝꪳꪉ ꪁꪫꪸꪙ ꪕꪳ ꪕꪱꪉ ꪀꪺꪉ ꪻꪚ ꪶꪔꪉ ꪜꪱꪫ ꪙꪲ ꪻꪬ ꪹꪥꪸꪒ ꪼꪒ ꪝꪸꪉ ꪝꪷ.</para>
   </article>
   <article number="29">
      <title>ꪭꪴꪒ 29</title>
      <orderedlist>
         <listitem>
            <para>ꪋꪴ ꫛ ꪝꪮꪣ ꪣꪲ ꪈꪸ ꪪꪴ ꪎꪱꪉ ꪶꪎꪣ ꪀꪾꪚ ꪶꪢꪒ ꪢꪴ ꪩꪳꪙ ꪹꪏ ꪹꪢꪸꪒ ꪊꪰꪉ ꪹꪬꪸꪙ ꪩꪺꪉ ꪹꪥꪸꪒ ꫛ ꪄꪮꪉ ꪹꪊꪱ ꪼꪒ ꪕꪳ ꪕꪱꪉ ꪀꪾꪚ ꪝꪸꪉ ꪝꪷ.</para>
         </listitem>
         <listitem>
            <para>ꪹꪣ ꪹꪊꪱ ꪹꪥꪸꪒ ꪼꪒ ꪒꪲ ꪁꪫꪸꪙ ꪕꪳ ꪕꪱꪉ ꪄꪮꪉ ꪹꪊꪱ, ꪋꪴ ꫛ ꪊꪰꪉ ꪭꪴ ꪝꪳꪉ ꪄꪷ ꪹꪚꪱ ꪹꪖꪸ ꪹꪥꪸꪒ ꪀꪱꪥ ꪠꪱꪚ ꪩꪺꪒ. ꪹꪝ ꪼꪫ ꪶꪔꪀ ꪶꪩꪉ ꪀꪽ ꪼꪜ ꪵꪊ ꪵꪀꪉ ꪻꪬ ꪹꪎꪱ ꪣꪰꪀ ꪣꪺꪙ ꪹꪊꪱ ꪭꪸꪀ ꪣꪲ ꪁꪫꪸꪙ ꪀꪾꪚ ꪕꪳ ꪕꪱꪉ ꪄꪮꪉ ꫛ ꪮꪳꪙ ꪻꪠ ꪁꪷ ꪹꪥꪸꪒ ꪼꪒ ꪩꪱꪉ ꪒꪲ ꪩꪺꪉ ꪹꪥꪸꪒ ꫛ ꪜꪮꪒ ꪵꪊꪉ ꪀꪾꪚ ꪚꪱꪙ ꪹꪣꪉ ꪎꪮꪙ ꪶꪭꪣ ꪹꪣꪉ ꫜ ꪹꪤꪷꪙ ꪹꪜꪸꪙ ꪹꪊꪱ.</para>
         </listitem>
         <listitem>
            <para>ꪀꪺꪉ ꪹꪚꪱ ꪁꪫꪱꪙ ꪄꪷ ꪻꪒ, ꪫꪸꪀ ꪹꪥꪸꪒ ꪕꪮꪥ ꪝꪳꪉ ꪁꪫꪸꪙ ꪕꪳ ꪕꪱꪉ ꪙꪲ ꪹꪚꪱ ꪼꪒ ꪹꪥꪸꪒ ꪠꪲꪒ ꪎꪸ ꪩꪺꪉ ꪵꪔꪉ ꪔꪰꪉ ꪄꪮꪉ ꪨꪸꪙ ꪹꪭꪷꪚ ꪀꪺꪀ ꪀꪰꪒ ꪮꪮꪀ.</para>
         </listitem>
      </orderedlist>
   </article>
   <article number="30">
      <title>ꪭꪴꪒ 30</title>
      <para>ꪹꪚꪱ ꪼꪒ ꪵꪠꪚ ꪜꪴꪀ ꪝꪲꪙ ꪮꪮꪀ ꪹꪚꪱ ꪁꪫꪱꪙ ꪄꪫꪱꪙ ꪻꪒ ꪤꪴ ꪀꪺꪉ ꪻꪚ ꪜꪱꪫ ꪁꪫꪱꪣ ꪙꪲ ꪕꪮꪥ ꪩꪺꪉ ꪩꪾꪚ ꪏꪺꪙ  ꪀꪺꪉ ꪻꪊ ꪹꪚꪱ ꪁꪫꪱꪙ ꪹꪣꪉ ꪻꪒ, ꪶꪢꪒ ꫛ ꪻꪒ ꪭꪳ ꪫꪱ ꪤꪸꪉ ꫛꪻꪒ ꪹꪚꪱ ꪣꪲ ꪁꪫꪸꪙ ꪵꪔꪉ ꪮꪮꪀ ꪹꪚꪱ ꪣꪲ ꪁꪫꪸꪙ ꪹꪥꪸꪒ ꪮꪮꪀ ꪠꪲꪒ ꪎꪸ ꪼꪫ ꪠꪱ ꪭꪱꪥ ꪁꪫꪸꪙ ꪕꪳ ꪕꪱꪉ ꪻꪒ ꪹꪫꪱ ꪮꪮꪀ ꪹꪏ ꪀꪺꪉ ꪻꪚ ꪁꪫꪱꪣ ꪜꪱꪫ ꪙꪲ.</para>
   </article>
</udhr>
