<?xml version="1.0" encoding="UTF-8"?>

<!--© The Office of the High Commisioner for Human Rights-->

<udhr iso639-3='dyo' xml:lang='dyo' key='dyo' n='Jola-Fonyi' dir='ltr' iso15924='Latn' xmlns="http://www.unhchr.ch/udhr">
   <title>FAJUUMENUMI SIDRUWAAS SATI ANAU</title>
   <preamble>
      <title>WANDOMI :</title>
      <para>Yíneni aat mati faŋaaf fati anau di sidruwaas soola, san umaje sirere di saasu ban poop sisofut di uceen soo silakom fujuumaf fati di malegenam, di kairaay di dúniaay búrom ;</para>
      <para>Yíneni jaat anau nasonsoŋ mati kàmanjaataak di eñoosey sidruwaas sati anau soo siŋarulomi màkojiam, ban malegen munkul mujawulojaw di dúniaay man Anoosan muŋooleŋoolen usanken man súumimi nusof man súumimi, nupak di màkooleniam di bugaalab ;</para>
      <para>Yíneni jaat mati sensen man aakemmi mofam apooy sidruwaas sati anau, takumŋarul anau tuuñool eri manakaan wajakut ;</para>
      <para>Yíneni jaat mati kàliŋen bapaalaay bati sísukas jajak;</para>
      <para>Yíneni jaat di kabaatak kati dúniaay búrom, bukanak kulanlaañ kúyiisen mankusofumi sidruwaas sati anau di faŋaaf fati anau di malegenaam mati anan di kare'enak búrom aniine di aseek ban poop kujunjuum burok man mati anau mujaw fáculey;</para>
      <para>Yíneni jaat mati sísukas sàndomi soo di "Organisation des Nations Unies" sijunjuum ejuum yati sidruwaas sati anau di dúniaay búrom sikaani.</para>
      <para>Yíneni jaat mati sidruwaas sati anau kankaan waaf wáamak wáriiŋe ejuum man wasankeniñaa ukaani.</para>
      <para>Asambule Seneraal</para>
      <para>Esosof mati furimaf ufe fujuumenumi sidruwaas sati anau kankaamn waaf wajake máamak bee bukanak búrom di sísukas búrom. Moo kaane jajak man bukanak di síkafaas kujuum mankuliŋenufo di kúyiisenufo kuñiilak ñatimkaraŋ mukaanaam moomu búrom eñesey maapi kaanimi man dúniaay búrom éyinen di ekaan siluwaas soosu nen mansiregumi eeno.</para>
   </preamble>
   <article number="1">
      <title>Fujuum 1</title>
      <para>Bukanak búrom nan kuwolimi kurere kererer di waafaw búrom. Kubabaj poop búyejet di karampenoor.</para>
   </article>
   <article number="2">
      <title>Fujuum 2</title>
      <para>Anoosan nababaj sidruwaas soosu búrom; bajut aseek bajut ániine, bajut an ati kansanken kúbúto, bajut an ati kapongol kúbuto, bajut paarti ébuto, bajut an abaji di muceen benen bajut ró kápajul kuceen kati pó1itik kati luwa mba kati ésuk, yabaje faŋaaf fooliyo mba ebajut.</para>
   </article>
   <article number="3">
      <title>Fujuum 3</title>
      <para>Anoosan nababaj druwa ebaj fuyiifaf foola, ebaj kapooy kati faŋaaf fool a di kaano nen man amaŋumi eeno.</para>
   </article>
   <article number="4">
      <title>Fujuum 4</title>
      <para>An letalako amiikeel ati akeen, letarok bee akeen; ban poop miikeliyaay di kanoomen kati kumiikeel fírenifiren.</para>
   </article>
   <article number="5">
      <title>Fujuum 5</title>
      <para>Bajut katoorandiŋ an; an létassuutukeni.</para>
   </article>
   <article number="6">
      <title>Fujuum 6</title>
      <para>Anoosan oomu di druwaay yoola banooban ban ammi.</para>
   </article>
   <article number="7">
      <title>Fujuum 7</title>
      <para>Luwaay ere'en re'en bukanak búrom anoosan nababaj kapooyak kákonak kati luwaay. Anoosan nababaj kapooy mba mukaanaay máluse furimaf ufe.</para>
   </article>
   <article number="8">
      <title>Fujuum 8</title>
      <para>Anoosan nuŋooleŋoolen ulamandi furim mba mukaanaay máluse sidruwaas soosuña san umanjumi luwaay eseneso.</para>
   </article>
   <article number="9">
      <title>Fujuum 9</title>
      <para>An letuŋoolen ulaaf an manusofool, nukulool mba nukesoorool.</para>
   </article>
   <article number="10">
      <title>Fujuum 10</title>
      <para>Anoosan nubabaj druwa káyiisen di bantabaay wabajimi tiribinaal yan umanje elaañut di anoosani yooyu eje'em bee efeley.</para>
   </article>
   <article number="11">
      <title>Fujuum 11</title>
      <orderedlist>
         <listitem>
            <para>Luwaay yoone an anoosan kurege oo akaane mátaañiye kulaafoolaaf bee funakaf fati kíitiyey yíiseni jaat wakaanumi mankoone akila akaane oo babajerab kujuumak koola.</para>
         </listitem>
         <listitem>
            <para>An leekukulool mati waaf wan umanje nan ukaanumi ulakout wátaañiye di luwaay di poop an letakaanool saariyoŋ yawuuje yawarin ekaani.</para>
         </listitem>
      </orderedlist>
   </article>
   <article number="12">
      <title>Fujuum 12</title>
      <para>An uwarut unoken di mukaanaam mati an, síndaay yati an, mba tan tati an mba nuyenten faŋaaf foola mba nukajen kajamaak koola. Luwaay epoopooy anau di waafaw búirom.</para>
   </article>
   <article number="13">
      <title>Fujuum 13</title>
      <orderedlist>
         <listitem>
            <para>An anoosan nababaj druwa ejaw ban súumoomi di ekin ban súumoomi di ésukey yoola.</para>
         </listitem>
         <listitem>
            <para>Anoosan nababaj druwa épur mof haani moola di elaañul nan súumool.</para>
         </listitem>
      </orderedlist>
   </article>
   <article number="14">
      <title>Fujuum 14</title>
      <orderedlist>
         <listitem>
            <para>Nan táañimi anoosan nuŋoolene ujaw úgongoto do mof múbuto.</para>
         </listitem>
         <listitem>
            <para>Letuŋoolen ubaj kágongoto kukila lako jaat nububuj an.</para>
         </listitem>
      </orderedlist>
   </article>
   <article number="15">
      <title>Fujuum 15</title>
      <orderedlist>
         <listitem>
            <para>Anoosan nubabaj druwa ebaj mof miiya.</para>
         </listitem>
         <listitem>
            <para>An letaŋoolen áfiren an mée ebaj mof moola mba épur di moo.</para>
         </listitem>
      </orderedlist>
   </article>
   <article number="16">
      <title>Fujuum 16</title>
      <orderedlist>
         <listitem>
            <para>Akambaani di ajaŋa káriiŋe búyebo Kuŋooleŋoolen kuyaboor mankubaj kuñiil bápajuloorut sisiiw mba sísuk mba buŋarab. Kurere di kayaboorak di búyebaab di ebaney yoolibo.</para>
         </listitem>
         <listitem>
            <para>Búyebaab mambukaan, kuyabooraak kujamoor.</para>
         </listitem>
         <listitem>
            <para>Bukanak kakinum di kaakemmi mofam kuwawar kupooy fiilaf falakomi fufaaraf fati kalakaak.</para>
         </listitem>
      </orderedlist>
   </article>
   <article number="17">
      <title>Fujuum 17</title>
      <orderedlist>
         <listitem>
            <para>Anoosan, nababaj druwa ebaj waaf woola fúko'ol mba wan kunampoore di kupaalool.</para>
         </listitem>
         <listitem>
            <para>An letuŋoolen ubot fubaj fati ata fo di mée.</para>
         </listitem>
      </orderedlist>
   </article>
   <article number="18">
      <title>Fujuum 18</title>
      <para>Anoosan wuniwun, manubaj kawonoor kiiya, ejuk yiiya di buŋar biiya, súumi jaat nuŋoolene úruuŋ mba núje'etum buŋarab biiya tíyaŋaraay nen man bucceŋum eeno.</para>
   </article>
   <article number="19">
      <title>Fujuum 19</title>
      <para>Anoosan nababaj druwa, ebaj kawonoor kiiya di káyiisen ko nen manumaŋumi eeno. Yoo elakomi an awarut ajaakali ebaj siwonoor soola. Naŋooleŋoolen ayab kurim mba siwonoor san aŋoolene afasiken dóo ésukool mba tíyaŋ.</para>
   </article>
   <article number="20">
      <title>Fujuum 20</title>
      <orderedlist>
         <listitem>
            <para>Druwaas ewuwun anoosani manajuumen kámit mba káfa yati kásuumaay.</para>
         </listitem>
         <listitem>
            <para>An letuŋoolen unoken an di káfa yanamaŋut.</para>
         </listitem>
      </orderedlist>
   </article>
   <article number="21">
      <title>Fujuum 21</title>
      <orderedlist>
         <listitem>
            <para>Anoosan nuŋooleŋoolen ulako di fujuum fati mukaanaam mati mofam miiya mba nubaj kan úfojule kaje'e beet ejuumi.</para>
         </listitem>
         <listitem>
            <para>Anoosan nuŋooleŋoolen ubaj fujuum di mukaanaam mati mofam miiya.</para>
         </listitem>
         <listitem>
            <para>Kamaŋak kati bukanak koo kukiimi sembaay yati kaakemmi mofam. Kamaŋak kukila woteey éyiisenemi ko. Moo kaane woteey ekila ewawar ebaj waati di waati.</para>
         </listitem>
      </orderedlist>
   </article>
   <article number="22">
      <title>Fujuum 22</title>
      <para>Anoosan tan ukinumi sensen manubajuto kayeraay yoola. Kayeraay yooyuña éjowumulojowum di sidruwaas sati fubajaf di sati tan akinumi di sati mukaanaam moola. Kayeraay yooyu an aŋoolent ábajaatiyo; moo kaane ésukoo ésuk enampoonampoor di sísuk saasu man kayeraay yooyu ekila ebajo.</para>
   </article>
   <article number="23">
      <title>Fujuum 23</title>
      <orderedlist>
         <listitem>
            <para>Anoosan nababaj druwa ebaj burok básuumoo.</para>
         </listitem>
         <listitem>
            <para>Bajut aseek bajut ániine anoosan aroke burok nababaj druwa mankucaamool bacaam bare'e nan burokab banakaanumi.</para>
         </listitem>
         <listitem>
            <para>Anoosan ammi di burok kuwawar kucaamool yaj manaŋoolen acookoor síndaay yoola, naŋoolen abaj kayere di faŋaaf foola.</para>
         </listitem>
         <listitem>
            <para>Anoosan nababaj druwa kajuumen fujum fati kurokaak, naŋooleŋoolen en poop ánokendo mankumak aajaay.</para>
         </listitem>
      </orderedlist>
   </article>
   <article number="24">
      <title>Fujuum 24</title>
      <para>Anoosan nababaj druwa ebaj kunak kati kayoolo, kati fúraar. Waatay yati burokab ewawar erewoor ban di ebaj waati yati kayoolo ban pankucaam bukanak.</para>
   </article>
   <article number="25">
      <title>Fujuum 25</title>
      <orderedlist>
         <listitem>
            <para>Anoosan nababaj druwa wákoyume bee akila, bukanak koola, furiaf wañaw di tan akinumi wawar jak. An másuumaati mubaje nen kásumut nen an ataool ájime mba an eluupool efumoe. Bukanak kuwawar kurampenool.</para>
         </listitem>
         <listitem>
            <para>Mudeenanaam di kuñiilak kuwawar kubaj kákaanum di karampen káamak. Kuñiilak búrom "Kabaji di kayaboore mba kayaboorut" kure'e. Koo búrom kuwawar kubaj kacookoor kajake.</para>
         </listitem>
      </orderedlist>
   </article>
   <article number="26">
      <title>Fujuum 26</title>
      <orderedlist>
         <listitem>
            <para>Anoosan nababaj druwa kakaraŋ an awarut acaam kakaraŋ. Añiil nawawar akaraŋ bacaamut waafowaaf kakaraŋ kati siteginikas di kati burok kuwawar kúkambuli di bukanak búrom. Silekoolas sáamakas poop bajut káfajul.</para>
         </listitem>
         <listitem>
            <para>Nafaay yati kakaraŋak yoo eenom majakaam mati anau di faŋaaf foola. Kakaraŋ kujunjuum fujuum fati epooy sidruwaas sati anau; yoo yákoney ebenenbenen bapaalaab di mof majuupoe di tutooraay yati mof majuupoe di sisiiw sajuupoe di bukan kanaamut di uŋar di wanoosan wakaanimi man kayeraay elako di dúniaay.</para>
         </listitem>
         <listitem>
            <para>Kubajaak kati kuñiilak koo koote kanoken kuñooliil di kakaranŋ kan koo kumanŋumi.</para>
         </listitem>
      </orderedlist>
   </article>
   <article number="27">
      <title>Fujuum 27</title>
      <orderedlist>
         <listitem>
            <para>Anoosan nababaj druwa ekaan mukaanaam mati bukanool, nañes mammujaw fàcul mammunafaool.</para>
         </listitem>
         <listitem>
            <para>Anoosan ajoonene waaf mba naciik waaf, luwaay ewawar eppooyuwo.</para>
         </listitem>
      </orderedlist>
   </article>
   <article number="28">
      <title>Fujuum 28</title>
      <para>Anoosan nababaj druwa man majoone mulako di mofool di dúniaay maje'e bee ekaan man siluwaas sammi di kaytak uke siŋoolen sirok jak.</para>
   </article>
   <article number="29">
      <title>Fujuum 29</title>
      <orderedlist>
         <listitem>
            <para>Anoosan nawawar anafa kan kukinoorumi, bukoo keb kuŋoolene kurampenool man moola mujaw fácul.</para>
         </listitem>
         <listitem>
            <para>Man kakinoorak kúsuum, babaj luwa yajuumeni mati mati manemat sidruwaas soola di mukaanaam mati bukanak an anoosani sidruwaas soola di majakaam moola murelore tan maamu mati aamu mutooŋumi.</para>
         </listitem>
         <listitem>
            <para>Sidruwaas di siluwaas san ujukulaaña siwarut sípur di wan sísukas sati “Nations Unies” sisofumi.</para>
         </listitem>
      </orderedlist>
   </article>
   <article number="30">
      <title>Fujuum 30</title>
      <para>Waaf úleero di kayitak uke wan umanje an mba bukan mba mof muŋooleŋoolen mújowum to mammukajen sidruwaas di siluwaas sándomi kayitak asambule seneraal yati óni éyinenyinenuko eban di épurenuko di burokab booliyo n° 217 (III) bati fuleeŋafu fati desambuur nan fubajumi kunak uñen di emitey 1948.</para>
   </article>
</udhr>